country,year,refinery_scenario,refinery_activity,refinery_index,olefins_scenario
AT,2019,more-molecule,1668421.2381771277,1.0,bau-eu
AT,2020,more-molecule,1668421.2381771277,1.0,bau-eu
AT,2021,more-molecule,1668421.2381771277,1.0,bau-eu
AT,2022,more-molecule,1668421.2381771277,1.0,bau-eu
AT,2023,more-molecule,1668421.2381771277,1.0,bau-eu
AT,2024,more-molecule,1668421.2381771277,1.0,bau-eu
AT,2025,more-molecule,1578273.6204054155,0.945968310814477,bau-eu
AT,2026,more-molecule,1488126.0026337043,0.8919366216289544,bau-eu
AT,2027,more-molecule,1397978.3848619924,0.8379049324434314,bau-eu
AT,2028,more-molecule,1307830.7670902808,0.7838732432579086,bau-eu
AT,2029,more-molecule,1217683.149318569,0.7298415540723858,bau-eu
AT,2030,more-molecule,1127535.5315468574,0.6758098648868631,bau-eu
AT,2031,more-molecule,1060745.2679153434,0.6357778501275165,bau-eu
AT,2032,more-molecule,993955.0042838289,0.5957458353681697,bau-eu
AT,2033,more-molecule,927164.7406523147,0.555713820608823,bau-eu
AT,2034,more-molecule,860374.4770208005,0.5156818058494763,bau-eu
AT,2035,more-molecule,793584.2133892863,0.4756497910901297,bau-eu
AT,2036,more-molecule,726793.949757772,0.435617776330783,bau-eu
AT,2037,more-molecule,660003.6861262579,0.3955857615714364,bau-eu
AT,2038,more-molecule,593213.4224947436,0.3555537468120897,bau-eu
AT,2039,more-molecule,526423.1588632293,0.315521732052743,bau-eu
AT,2040,more-molecule,459632.89523171517,0.27548971729339633,bau-eu
AT,2041,more-molecule,430766.6457448858,0.2581881816701937,bau-eu
AT,2042,more-molecule,401900.3962580565,0.24088664604699117,bau-eu
AT,2043,more-molecule,373034.14677122724,0.22358511042378862,bau-eu
AT,2044,more-molecule,344167.8972843979,0.20628357480058604,bau-eu
AT,2045,more-molecule,315301.6477975686,0.1889820391773835,bau-eu
AT,2046,more-molecule,286435.39831073926,0.1716805035541809,bau-eu
AT,2047,more-molecule,257569.14882391,0.15437896793097836,bau-eu
AT,2048,more-molecule,228702.89933708063,0.13707743230777575,bau-eu
AT,2049,more-molecule,199836.6498502514,0.11977589668457322,bau-eu
AT,2050,more-molecule,170970.40036342212,0.10247436106137069,bau-eu
BE,2019,more-molecule,16546990.627687015,1.0,bau-eu
BE,2020,more-molecule,16546990.627687015,1.0,bau-eu
BE,2021,more-molecule,16546990.627687015,1.0,bau-eu
BE,2022,more-molecule,16546990.627687015,1.0,bau-eu
BE,2023,more-molecule,16546990.627687015,1.0,bau-eu
BE,2024,more-molecule,16546990.627687015,1.0,bau-eu
BE,2025,more-molecule,15652928.773136068,0.9459683108144771,bau-eu
BE,2026,more-molecule,14758866.918585127,0.8919366216289544,bau-eu
BE,2027,more-molecule,13864805.064034183,0.8379049324434316,bau-eu
BE,2028,more-molecule,12970743.209483238,0.7838732432579086,bau-eu
BE,2029,more-molecule,12076681.354932295,0.7298415540723859,bau-eu
BE,2030,more-molecule,11182619.500381349,0.6758098648868629,bau-eu
BE,2031,more-molecule,10520210.127351014,0.6357778501275164,bau-eu
BE,2032,more-molecule,9857800.754320677,0.5957458353681698,bau-eu
BE,2033,more-molecule,9195391.381290337,0.555713820608823,bau-eu
BE,2034,more-molecule,8532982.00826,0.5156818058494764,bau-eu
BE,2035,more-molecule,7870572.635229663,0.4756497910901297,bau-eu
BE,2036,more-molecule,7208163.262199325,0.435617776330783,bau-eu
BE,2037,more-molecule,6545753.889168988,0.3955857615714364,bau-eu
BE,2038,more-molecule,5883344.516138649,0.3555537468120896,bau-eu
BE,2039,more-molecule,5220935.14310831,0.3155217320527429,bau-eu
BE,2040,more-molecule,4558525.770077975,0.27548971729339633,bau-eu
BE,2041,more-molecule,4272237.422276247,0.2581881816701937,bau-eu
BE,2042,more-molecule,3985949.0744745224,0.24088664604699117,bau-eu
BE,2043,more-molecule,3699660.726672797,0.22358511042378865,bau-eu
BE,2044,more-molecule,3413372.3788710707,0.20628357480058607,bau-eu
BE,2045,more-molecule,3127084.031069345,0.1889820391773835,bau-eu
BE,2046,more-molecule,2840795.6832676185,0.1716805035541809,bau-eu
BE,2047,more-molecule,2554507.335465893,0.15437896793097836,bau-eu
BE,2048,more-molecule,2268218.9876641664,0.13707743230777575,bau-eu
BE,2049,more-molecule,1981930.6398624415,0.11977589668457324,bau-eu
BE,2050,more-molecule,1695642.2920607156,0.10247436106137067,bau-eu
BG,2019,more-molecule,2324679.8796216683,1.0,bau-eu
BG,2020,more-molecule,2324679.8796216683,1.0,bau-eu
BG,2021,more-molecule,2324679.8796216683,1.0,bau-eu
BG,2022,more-molecule,2324679.8796216683,1.0,bau-eu
BG,2023,more-molecule,2324679.8796216683,1.0,bau-eu
BG,2024,more-molecule,2324679.8796216683,1.0,bau-eu
BG,2025,more-molecule,2199073.4989101114,0.9459683108144771,bau-eu
BG,2026,more-molecule,2073467.1181985554,0.8919366216289545,bau-eu
BG,2027,more-molecule,1947860.7374869986,0.8379049324434316,bau-eu
BG,2028,more-molecule,1822254.3567754414,0.7838732432579085,bau-eu
BG,2029,more-molecule,1696647.9760638855,0.7298415540723859,bau-eu
BG,2030,more-molecule,1571041.5953523288,0.6758098648868631,bau-eu
BG,2031,more-molecule,1477979.976100558,0.6357778501275164,bau-eu
BG,2032,more-molecule,1384918.356848787,0.5957458353681697,bau-eu
BG,2033,more-molecule,1291856.7375970162,0.555713820608823,bau-eu
BG,2034,more-molecule,1198795.1183452455,0.5156818058494764,bau-eu
BG,2035,more-molecule,1105733.4990934746,0.4756497910901298,bau-eu
BG,2036,more-molecule,1012671.8798417036,0.4356177763307831,bau-eu
BG,2037,more-molecule,919610.2605899328,0.39558576157143643,bau-eu
BG,2038,more-molecule,826548.6413381617,0.3555537468120896,bau-eu
BG,2039,more-molecule,733487.0220863908,0.315521732052743,bau-eu
BG,2040,more-molecule,640425.40283462,0.27548971729339633,bau-eu
BG,2041,more-molecule,600204.8710848034,0.25818818167019375,bau-eu
BG,2042,more-molecule,559984.3393349869,0.24088664604699117,bau-eu
BG,2043,more-molecule,519763.8075851703,0.22358511042378862,bau-eu
BG,2044,more-molecule,479543.2758353538,0.20628357480058607,bau-eu
BG,2045,more-molecule,439322.74408553727,0.1889820391773835,bau-eu
BG,2046,more-molecule,399102.21233572066,0.1716805035541809,bau-eu
BG,2047,more-molecule,358881.68058590416,0.15437896793097836,bau-eu
BG,2048,more-molecule,318661.14883608755,0.13707743230777578,bau-eu
BG,2049,more-molecule,278440.61708627106,0.11977589668457322,bau-eu
BG,2050,more-molecule,238220.08533645456,0.10247436106137069,bau-eu
CY,2019,more-molecule,0.0,1.0,bau-eu
CY,2020,more-molecule,0.0,1.0,bau-eu
CY,2021,more-molecule,0.0,1.0,bau-eu
CY,2022,more-molecule,0.0,1.0,bau-eu
CY,2023,more-molecule,0.0,1.0,bau-eu
CY,2024,more-molecule,0.0,1.0,bau-eu
CY,2025,more-molecule,0.0,1.0,bau-eu
CY,2026,more-molecule,0.0,1.0,bau-eu
CY,2027,more-molecule,0.0,1.0,bau-eu
CY,2028,more-molecule,0.0,1.0,bau-eu
CY,2029,more-molecule,0.0,1.0,bau-eu
CY,2030,more-molecule,0.0,1.0,bau-eu
CY,2031,more-molecule,0.0,1.0,bau-eu
CY,2032,more-molecule,0.0,1.0,bau-eu
CY,2033,more-molecule,0.0,1.0,bau-eu
CY,2034,more-molecule,0.0,1.0,bau-eu
CY,2035,more-molecule,0.0,1.0,bau-eu
CY,2036,more-molecule,0.0,1.0,bau-eu
CY,2037,more-molecule,0.0,1.0,bau-eu
CY,2038,more-molecule,0.0,1.0,bau-eu
CY,2039,more-molecule,0.0,1.0,bau-eu
CY,2040,more-molecule,0.0,1.0,bau-eu
CY,2041,more-molecule,0.0,1.0,bau-eu
CY,2042,more-molecule,0.0,1.0,bau-eu
CY,2043,more-molecule,0.0,1.0,bau-eu
CY,2044,more-molecule,0.0,1.0,bau-eu
CY,2045,more-molecule,0.0,1.0,bau-eu
CY,2046,more-molecule,0.0,1.0,bau-eu
CY,2047,more-molecule,0.0,1.0,bau-eu
CY,2048,more-molecule,0.0,1.0,bau-eu
CY,2049,more-molecule,0.0,1.0,bau-eu
CY,2050,more-molecule,0.0,1.0,bau-eu
CZ,2019,more-molecule,1209801.9776440237,1.0,bau-eu
CZ,2020,more-molecule,1209801.9776440237,1.0,bau-eu
CZ,2021,more-molecule,1209801.9776440237,1.0,bau-eu
CZ,2022,more-molecule,1209801.9776440237,1.0,bau-eu
CZ,2023,more-molecule,1209801.9776440237,1.0,bau-eu
CZ,2024,more-molecule,1209801.9776440237,1.0,bau-eu
CZ,2025,more-molecule,1144434.333211931,0.9459683108144771,bau-eu
CZ,2026,more-molecule,1079066.6887798384,0.8919366216289545,bau-eu
CZ,2027,more-molecule,1013699.0443477457,0.8379049324434317,bau-eu
CZ,2028,more-molecule,948331.3999156528,0.7838732432579086,bau-eu
CZ,2029,more-molecule,882963.7554835601,0.7298415540723859,bau-eu
CZ,2030,more-molecule,817596.1110514675,0.6758098648868631,bau-eu
CZ,2031,more-molecule,769165.3004265351,0.6357778501275164,bau-eu
CZ,2032,more-molecule,720734.4898016027,0.5957458353681697,bau-eu
CZ,2033,more-molecule,672303.6791766703,0.555713820608823,bau-eu
CZ,2034,more-molecule,623872.8685517381,0.5156818058494764,bau-eu
CZ,2035,more-molecule,575442.0579268057,0.4756497910901297,bau-eu
CZ,2036,more-molecule,527011.2473018733,0.435617776330783,bau-eu
CZ,2037,more-molecule,478580.436676941,0.3955857615714364,bau-eu
CZ,2038,more-molecule,430149.6260520086,0.3555537468120897,bau-eu
CZ,2039,more-molecule,381718.8154270762,0.315521732052743,bau-eu
CZ,2040,more-molecule,333288.0048021439,0.27548971729339633,bau-eu
CZ,2041,more-molecule,312356.57278891484,0.2581881816701937,bau-eu
CZ,2042,more-molecule,291425.1407756859,0.2408866460469912,bau-eu
CZ,2043,more-molecule,270493.7087624569,0.22358511042378862,bau-eu
CZ,2044,more-molecule,249562.27674922792,0.20628357480058607,bau-eu
CZ,2045,more-molecule,228630.84473599892,0.1889820391773835,bau-eu
CZ,2046,more-molecule,207699.41272276992,0.1716805035541809,bau-eu
CZ,2047,more-molecule,186767.98070954095,0.15437896793097838,bau-eu
CZ,2048,more-molecule,165836.54869631192,0.13707743230777578,bau-eu
CZ,2049,more-molecule,144905.11668308298,0.11977589668457324,bau-eu
CZ,2050,more-molecule,123973.684669854,0.1024743610613707,bau-eu
DE,2019,more-molecule,74183146.94754945,1.0,bau-eu
DE,2020,more-molecule,74183146.94754945,1.0,bau-eu
DE,2021,more-molecule,74183146.94754945,1.0,bau-eu
DE,2022,more-molecule,74183146.94754945,1.0,bau-eu
DE,2023,more-molecule,74183146.94754945,1.0,bau-eu
DE,2024,more-molecule,74183146.94754945,1.0,bau-eu
DE,2025,more-molecule,70174906.20887548,0.945968310814477,bau-eu
DE,2026,more-molecule,66166665.47020153,0.8919366216289544,bau-eu
DE,2027,more-molecule,62158424.731527574,0.8379049324434316,bau-eu
DE,2028,more-molecule,58150183.99285361,0.7838732432579086,bau-eu
DE,2029,more-molecule,54141943.25417966,0.7298415540723858,bau-eu
DE,2030,more-molecule,50133702.5155057,0.6758098648868631,bau-eu
DE,2031,more-molecule,47164001.68200662,0.6357778501275164,bau-eu
DE,2032,more-molecule,44194300.84850754,0.5957458353681697,bau-eu
DE,2033,more-molecule,41224600.01500845,0.555713820608823,bau-eu
DE,2034,more-molecule,38254899.181509376,0.5156818058494764,bau-eu
DE,2035,more-molecule,35285198.34801029,0.47564979109012967,bau-eu
DE,2036,more-molecule,32315497.5145112,0.43561777633078297,bau-eu
DE,2037,more-molecule,29345796.681012124,0.3955857615714364,bau-eu
DE,2038,more-molecule,26376095.84751303,0.35555374681208957,bau-eu
DE,2039,more-molecule,23406395.01401395,0.3155217320527429,bau-eu
DE,2040,more-molecule,20436694.180514872,0.2754897172933963,bau-eu
DE,2041,more-molecule,19153211.820960574,0.25818818167019375,bau-eu
DE,2042,more-molecule,17869729.46140628,0.2408866460469912,bau-eu
DE,2043,more-molecule,16586247.10185198,0.2235851104237886,bau-eu
DE,2044,more-molecule,15302764.742297681,0.206283574800586,bau-eu
DE,2045,more-molecule,14019282.382743385,0.18898203917738346,bau-eu
DE,2046,more-molecule,12735800.023189085,0.17168050355418088,bau-eu
DE,2047,more-molecule,11452317.663634792,0.15437896793097836,bau-eu
DE,2048,more-molecule,10168835.304080492,0.13707743230777578,bau-eu
DE,2049,more-molecule,8885352.944526196,0.11977589668457321,bau-eu
DE,2050,more-molecule,7601870.584971899,0.10247436106137066,bau-eu
DK,2019,more-molecule,12999483.920894237,1.0,bau-eu
DK,2020,more-molecule,12999483.920894237,1.0,bau-eu
DK,2021,more-molecule,12999483.920894237,1.0,bau-eu
DK,2022,more-molecule,12999483.920894237,1.0,bau-eu
DK,2023,more-molecule,12999483.920894237,1.0,bau-eu
DK,2024,more-molecule,12999483.920894237,1.0,bau-eu
DK,2025,more-molecule,12297099.846108275,0.9459683108144769,bau-eu
DK,2026,more-molecule,11594715.77132232,0.8919366216289544,bau-eu
DK,2027,more-molecule,10892331.69653636,0.8379049324434316,bau-eu
DK,2028,more-molecule,10189947.621750401,0.7838732432579087,bau-eu
DK,2029,more-molecule,9487563.546964442,0.7298415540723859,bau-eu
DK,2030,more-molecule,8785179.472178483,0.675809864886863,bau-eu
DK,2031,more-molecule,8264783.939993355,0.6357778501275164,bau-eu
DK,2032,more-molecule,7744388.407808227,0.5957458353681697,bau-eu
DK,2033,more-molecule,7223992.8756230995,0.555713820608823,bau-eu
DK,2034,more-molecule,6703597.3434379725,0.5156818058494764,bau-eu
DK,2035,more-molecule,6183201.8112528445,0.4756497910901297,bau-eu
DK,2036,more-molecule,5662806.279067716,0.43561777633078297,bau-eu
DK,2037,more-molecule,5142410.746882588,0.3955857615714363,bau-eu
DK,2038,more-molecule,4622015.21469746,0.3555537468120896,bau-eu
DK,2039,more-molecule,4101619.682512331,0.31552173205274286,bau-eu
DK,2040,more-molecule,3581224.1503272047,0.27548971729339633,bau-eu
DK,2041,more-molecule,3356313.1161866034,0.2581881816701937,bau-eu
DK,2042,more-molecule,3131402.082046003,0.24088664604699117,bau-eu
DK,2043,more-molecule,2906491.0479054027,0.22358511042378862,bau-eu
DK,2044,more-molecule,2681580.013764802,0.20628357480058604,bau-eu
DK,2045,more-molecule,2456668.9796242015,0.1889820391773835,bau-eu
DK,2046,more-molecule,2231757.9454836007,0.1716805035541809,bau-eu
DK,2047,more-molecule,2006846.9113430001,0.15437896793097836,bau-eu
DK,2048,more-molecule,1781935.877202399,0.13707743230777575,bau-eu
DK,2049,more-molecule,1557024.843061799,0.11977589668457322,bau-eu
DK,2050,more-molecule,1332113.8089211986,0.10247436106137067,bau-eu
EE,2019,more-molecule,0.0,1.0,bau-eu
EE,2020,more-molecule,0.0,1.0,bau-eu
EE,2021,more-molecule,0.0,1.0,bau-eu
EE,2022,more-molecule,0.0,1.0,bau-eu
EE,2023,more-molecule,0.0,1.0,bau-eu
EE,2024,more-molecule,0.0,1.0,bau-eu
EE,2025,more-molecule,0.0,1.0,bau-eu
EE,2026,more-molecule,0.0,1.0,bau-eu
EE,2027,more-molecule,0.0,1.0,bau-eu
EE,2028,more-molecule,0.0,1.0,bau-eu
EE,2029,more-molecule,0.0,1.0,bau-eu
EE,2030,more-molecule,0.0,1.0,bau-eu
EE,2031,more-molecule,0.0,1.0,bau-eu
EE,2032,more-molecule,0.0,1.0,bau-eu
EE,2033,more-molecule,0.0,1.0,bau-eu
EE,2034,more-molecule,0.0,1.0,bau-eu
EE,2035,more-molecule,0.0,1.0,bau-eu
EE,2036,more-molecule,0.0,1.0,bau-eu
EE,2037,more-molecule,0.0,1.0,bau-eu
EE,2038,more-molecule,0.0,1.0,bau-eu
EE,2039,more-molecule,0.0,1.0,bau-eu
EE,2040,more-molecule,0.0,1.0,bau-eu
EE,2041,more-molecule,0.0,1.0,bau-eu
EE,2042,more-molecule,0.0,1.0,bau-eu
EE,2043,more-molecule,0.0,1.0,bau-eu
EE,2044,more-molecule,0.0,1.0,bau-eu
EE,2045,more-molecule,0.0,1.0,bau-eu
EE,2046,more-molecule,0.0,1.0,bau-eu
EE,2047,more-molecule,0.0,1.0,bau-eu
EE,2048,more-molecule,0.0,1.0,bau-eu
EE,2049,more-molecule,0.0,1.0,bau-eu
EE,2050,more-molecule,0.0,1.0,bau-eu
ES,2019,more-molecule,12396281.169389509,1.0,bau-eu
ES,2020,more-molecule,12396281.169389509,1.0,bau-eu
ES,2021,more-molecule,12396281.169389509,1.0,bau-eu
ES,2022,more-molecule,12396281.169389509,1.0,bau-eu
ES,2023,more-molecule,12396281.169389509,1.0,bau-eu
ES,2024,more-molecule,12396281.169389509,1.0,bau-eu
ES,2025,more-molecule,11726489.158188704,0.9459683108144771,bau-eu
ES,2026,more-molecule,11056697.1469879,0.8919366216289542,bau-eu
ES,2027,more-molecule,10386905.1357871,0.8379049324434316,bau-eu
ES,2028,more-molecule,9717113.124586292,0.7838732432579084,bau-eu
ES,2029,more-molecule,9047321.113385491,0.7298415540723858,bau-eu
ES,2030,more-molecule,8377529.102184689,0.675809864886863,bau-eu
ES,2031,more-molecule,7881280.991450677,0.6357778501275164,bau-eu
ES,2032,more-molecule,7385032.880716664,0.5957458353681696,bau-eu
ES,2033,more-molecule,6888784.769982652,0.555713820608823,bau-eu
ES,2034,more-molecule,6392536.659248641,0.5156818058494764,bau-eu
ES,2035,more-molecule,5896288.548514628,0.47564979109012967,bau-eu
ES,2036,more-molecule,5400040.437780615,0.4356177763307829,bau-eu
ES,2037,more-molecule,4903792.327046605,0.3955857615714364,bau-eu
ES,2038,more-molecule,4407544.216312591,0.35555374681208957,bau-eu
ES,2039,more-molecule,3911296.105578579,0.3155217320527429,bau-eu
ES,2040,more-molecule,3415047.9948445684,0.27548971729339633,bau-eu
ES,2041,more-molecule,3200573.2945971396,0.2581881816701937,bau-eu
ES,2042,more-molecule,2986098.594349712,0.24088664604699114,bau-eu
ES,2043,more-molecule,2771623.894102284,0.22358511042378856,bau-eu
ES,2044,more-molecule,2557149.193854857,0.20628357480058604,bau-eu
ES,2045,more-molecule,2342674.493607429,0.18898203917738346,bau-eu
ES,2046,more-molecule,2128199.7933600014,0.1716805035541809,bau-eu
ES,2047,more-molecule,1913725.093112574,0.15437896793097836,bau-eu
ES,2048,more-molecule,1699250.3928651456,0.13707743230777575,bau-eu
ES,2049,more-molecule,1484775.6926177184,0.11977589668457322,bau-eu
ES,2050,more-molecule,1270300.9923702907,0.10247436106137066,bau-eu
FI,2019,more-molecule,15932932.158211524,1.0,bau-eu
FI,2020,more-molecule,15932932.158211524,1.0,bau-eu
FI,2021,more-molecule,15932932.158211524,1.0,bau-eu
FI,2022,more-molecule,15932932.158211524,1.0,bau-eu
FI,2023,more-molecule,15932932.158211524,1.0,bau-eu
FI,2024,more-molecule,15932932.158211524,1.0,bau-eu
FI,2025,more-molecule,15072048.920025013,0.945968310814477,bau-eu
FI,2026,more-molecule,14211165.681838512,0.8919366216289545,bau-eu
FI,2027,more-molecule,13350282.443652004,0.8379049324434314,bau-eu
FI,2028,more-molecule,12489399.205465496,0.7838732432579085,bau-eu
FI,2029,more-molecule,11628515.96727899,0.7298415540723858,bau-eu
FI,2030,more-molecule,10767632.729092482,0.6758098648868629,bau-eu
FI,2031,more-molecule,10129805.353775294,0.6357778501275165,bau-eu
FI,2032,more-molecule,9491977.978458099,0.5957458353681697,bau-eu
FI,2033,more-molecule,8854150.603140905,0.555713820608823,bau-eu
FI,2034,more-molecule,8216323.227823715,0.5156818058494764,bau-eu
FI,2035,more-molecule,7578495.852506521,0.4756497910901297,bau-eu
FI,2036,more-molecule,6940668.477189327,0.43561777633078297,bau-eu
FI,2037,more-molecule,6302841.101872135,0.3955857615714364,bau-eu
FI,2038,more-molecule,5665013.726554941,0.3555537468120897,bau-eu
FI,2039,more-molecule,5027186.351237748,0.315521732052743,bau-eu
FI,2040,more-molecule,4389358.975920555,0.2754897172933963,bau-eu
FI,2041,more-molecule,4113694.7826031884,0.2581881816701937,bau-eu
FI,2042,more-molecule,3838030.5892858226,0.24088664604699117,bau-eu
FI,2043,more-molecule,3562366.3959684563,0.22358511042378862,bau-eu
FI,2044,more-molecule,3286702.2026510895,0.20628357480058604,bau-eu
FI,2045,more-molecule,3011038.0093337237,0.18898203917738352,bau-eu
FI,2046,more-molecule,2735373.816016357,0.1716805035541809,bau-eu
FI,2047,more-molecule,2459709.6226989906,0.15437896793097836,bau-eu
FI,2048,more-molecule,2184045.4293816234,0.13707743230777575,bau-eu
FI,2049,more-molecule,1908381.2360642576,0.11977589668457321,bau-eu
FI,2050,more-molecule,1632717.0427468917,0.10247436106137069,bau-eu
FR,2019,more-molecule,18499451.246775575,1.0,bau-eu
FR,2020,more-molecule,18499451.246775575,1.0,bau-eu
FR,2021,more-molecule,18499451.246775575,1.0,bau-eu
FR,2022,more-molecule,18499451.246775575,1.0,bau-eu
FR,2023,more-molecule,18499451.246775575,1.0,bau-eu
FR,2024,more-molecule,18499451.246775575,1.0,bau-eu
FR,2025,more-molecule,17499894.64690706,0.945968310814477,bau-eu
FR,2026,more-molecule,16500338.047038555,0.8919366216289544,bau-eu
FR,2027,more-molecule,15500781.447170043,0.8379049324434316,bau-eu
FR,2028,more-molecule,14501224.847301532,0.7838732432579086,bau-eu
FR,2029,more-molecule,13501668.247433025,0.729841554072386,bau-eu
FR,2030,more-molecule,12502111.647564514,0.6758098648868631,bau-eu
FR,2031,more-molecule,11761541.34221378,0.6357778501275165,bau-eu
FR,2032,more-molecule,11020971.036863044,0.5957458353681697,bau-eu
FR,2033,more-molecule,10280400.731512308,0.5557138206088229,bau-eu
FR,2034,more-molecule,9539830.426161578,0.5156818058494765,bau-eu
FR,2035,more-molecule,8799260.120810842,0.4756497910901297,bau-eu
FR,2036,more-molecule,8058689.815460106,0.43561777633078297,bau-eu
FR,2037,more-molecule,7318119.510109374,0.3955857615714364,bau-eu
FR,2038,more-molecule,6577549.2047586385,0.3555537468120896,bau-eu
FR,2039,more-molecule,5836978.899407905,0.315521732052743,bau-eu
FR,2040,more-molecule,5096408.594057172,0.27548971729339633,bau-eu
FR,2041,more-molecule,4776339.679301383,0.2581881816701937,bau-eu
FR,2042,more-molecule,4456270.764545597,0.24088664604699114,bau-eu
FR,2043,more-molecule,4136201.8497898113,0.22358511042378865,bau-eu
FR,2044,more-molecule,3816132.935034024,0.20628357480058604,bau-eu
FR,2045,more-molecule,3496064.0202782378,0.1889820391773835,bau-eu
FR,2046,more-molecule,3175995.1055224505,0.1716805035541809,bau-eu
FR,2047,more-molecule,2855926.1907666638,0.15437896793097833,bau-eu
FR,2048,more-molecule,2535857.2760108765,0.13707743230777575,bau-eu
FR,2049,more-molecule,2215788.3612550907,0.11977589668457322,bau-eu
FR,2050,more-molecule,1895719.4464993044,0.10247436106137069,bau-eu
GR,2019,more-molecule,20491792.003439378,1.0,bau-eu
GR,2020,more-molecule,20491792.003439378,1.0,bau-eu
GR,2021,more-molecule,20491792.003439378,1.0,bau-eu
GR,2022,more-molecule,20491792.003439378,1.0,bau-eu
GR,2023,more-molecule,20491792.003439378,1.0,bau-eu
GR,2024,more-molecule,20491792.003439378,1.0,bau-eu
GR,2025,more-molecule,19384585.867055155,0.945968310814477,bau-eu
GR,2026,more-molecule,18277379.73067094,0.8919366216289543,bau-eu
GR,2027,more-molecule,17170173.59428672,0.8379049324434314,bau-eu
GR,2028,more-molecule,16062967.457902502,0.7838732432579086,bau-eu
GR,2029,more-molecule,14955761.321518287,0.7298415540723859,bau-eu
GR,2030,more-molecule,13848555.185134066,0.675809864886863,bau-eu
GR,2031,more-molecule,13028227.465206921,0.6357778501275164,bau-eu
GR,2032,more-molecule,12207899.745279774,0.5957458353681698,bau-eu
GR,2033,more-molecule,11387572.025352625,0.555713820608823,bau-eu
GR,2034,more-molecule,10567244.30542548,0.5156818058494764,bau-eu
GR,2035,more-molecule,9746916.585498331,0.4756497910901297,bau-eu
GR,2036,more-molecule,8926588.86557118,0.4356177763307829,bau-eu
GR,2037,more-molecule,8106261.145644036,0.3955857615714364,bau-eu
GR,2038,more-molecule,7285933.425716887,0.3555537468120896,bau-eu
GR,2039,more-molecule,6465605.705789739,0.3155217320527429,bau-eu
GR,2040,more-molecule,5645277.985862594,0.27548971729339633,bau-eu
GR,2041,more-molecule,5290738.516531828,0.25818818167019364,bau-eu
GR,2042,more-molecule,4936199.047201065,0.24088664604699117,bau-eu
GR,2043,more-molecule,4581659.577870303,0.22358511042378867,bau-eu
GR,2044,more-molecule,4227120.1085395375,0.20628357480058604,bau-eu
GR,2045,more-molecule,3872580.639208774,0.1889820391773835,bau-eu
GR,2046,more-molecule,3518041.16987801,0.1716805035541809,bau-eu
GR,2047,more-molecule,3163501.7005472463,0.15437896793097836,bau-eu
GR,2048,more-molecule,2808962.2312164814,0.13707743230777572,bau-eu
GR,2049,more-molecule,2454422.761885719,0.11977589668457324,bau-eu
GR,2050,more-molecule,2099883.292554955,0.10247436106137067,bau-eu
HR,2019,more-molecule,0.0,1.0,bau-eu
HR,2020,more-molecule,0.0,1.0,bau-eu
HR,2021,more-molecule,0.0,1.0,bau-eu
HR,2022,more-molecule,0.0,1.0,bau-eu
HR,2023,more-molecule,0.0,1.0,bau-eu
HR,2024,more-molecule,0.0,1.0,bau-eu
HR,2025,more-molecule,0.0,1.0,bau-eu
HR,2026,more-molecule,0.0,1.0,bau-eu
HR,2027,more-molecule,0.0,1.0,bau-eu
HR,2028,more-molecule,0.0,1.0,bau-eu
HR,2029,more-molecule,0.0,1.0,bau-eu
HR,2030,more-molecule,0.0,1.0,bau-eu
HR,2031,more-molecule,0.0,1.0,bau-eu
HR,2032,more-molecule,0.0,1.0,bau-eu
HR,2033,more-molecule,0.0,1.0,bau-eu
HR,2034,more-molecule,0.0,1.0,bau-eu
HR,2035,more-molecule,0.0,1.0,bau-eu
HR,2036,more-molecule,0.0,1.0,bau-eu
HR,2037,more-molecule,0.0,1.0,bau-eu
HR,2038,more-molecule,0.0,1.0,bau-eu
HR,2039,more-molecule,0.0,1.0,bau-eu
HR,2040,more-molecule,0.0,1.0,bau-eu
HR,2041,more-molecule,0.0,1.0,bau-eu
HR,2042,more-molecule,0.0,1.0,bau-eu
HR,2043,more-molecule,0.0,1.0,bau-eu
HR,2044,more-molecule,0.0,1.0,bau-eu
HR,2045,more-molecule,0.0,1.0,bau-eu
HR,2046,more-molecule,0.0,1.0,bau-eu
HR,2047,more-molecule,0.0,1.0,bau-eu
HR,2048,more-molecule,0.0,1.0,bau-eu
HR,2049,more-molecule,0.0,1.0,bau-eu
HR,2050,more-molecule,0.0,1.0,bau-eu
HU,2019,more-molecule,0.0,1.0,bau-eu
HU,2020,more-molecule,0.0,1.0,bau-eu
HU,2021,more-molecule,0.0,1.0,bau-eu
HU,2022,more-molecule,0.0,1.0,bau-eu
HU,2023,more-molecule,0.0,1.0,bau-eu
HU,2024,more-molecule,0.0,1.0,bau-eu
HU,2025,more-molecule,0.0,1.0,bau-eu
HU,2026,more-molecule,0.0,1.0,bau-eu
HU,2027,more-molecule,0.0,1.0,bau-eu
HU,2028,more-molecule,0.0,1.0,bau-eu
HU,2029,more-molecule,0.0,1.0,bau-eu
HU,2030,more-molecule,0.0,1.0,bau-eu
HU,2031,more-molecule,0.0,1.0,bau-eu
HU,2032,more-molecule,0.0,1.0,bau-eu
HU,2033,more-molecule,0.0,1.0,bau-eu
HU,2034,more-molecule,0.0,1.0,bau-eu
HU,2035,more-molecule,0.0,1.0,bau-eu
HU,2036,more-molecule,0.0,1.0,bau-eu
HU,2037,more-molecule,0.0,1.0,bau-eu
HU,2038,more-molecule,0.0,1.0,bau-eu
HU,2039,more-molecule,0.0,1.0,bau-eu
HU,2040,more-molecule,0.0,1.0,bau-eu
HU,2041,more-molecule,0.0,1.0,bau-eu
HU,2042,more-molecule,0.0,1.0,bau-eu
HU,2043,more-molecule,0.0,1.0,bau-eu
HU,2044,more-molecule,0.0,1.0,bau-eu
HU,2045,more-molecule,0.0,1.0,bau-eu
HU,2046,more-molecule,0.0,1.0,bau-eu
HU,2047,more-molecule,0.0,1.0,bau-eu
HU,2048,more-molecule,0.0,1.0,bau-eu
HU,2049,more-molecule,0.0,1.0,bau-eu
HU,2050,more-molecule,0.0,1.0,bau-eu
IE,2019,more-molecule,824310.2321582115,1.0,bau-eu
IE,2020,more-molecule,824310.2321582115,1.0,bau-eu
IE,2021,more-molecule,824310.2321582115,1.0,bau-eu
IE,2022,more-molecule,824310.2321582115,1.0,bau-eu
IE,2023,more-molecule,824310.2321582115,1.0,bau-eu
IE,2024,more-molecule,824310.2321582115,1.0,bau-eu
IE,2025,more-molecule,779771.3579017926,0.9459683108144769,bau-eu
IE,2026,more-molecule,735232.4836453742,0.8919366216289543,bau-eu
IE,2027,more-molecule,690693.6093889556,0.8379049324434316,bau-eu
IE,2028,more-molecule,646154.7351325369,0.7838732432579086,bau-eu
IE,2029,more-molecule,601615.8608761183,0.7298415540723859,bau-eu
IE,2030,more-molecule,557076.9866196997,0.6758098648868631,bau-eu
IE,2031,more-molecule,524078.18723966164,0.6357778501275164,bau-eu
IE,2032,more-molecule,491079.38785962365,0.5957458353681697,bau-eu
IE,2033,more-molecule,458080.5884795856,0.555713820608823,bau-eu
IE,2034,more-molecule,425081.7890995477,0.5156818058494764,bau-eu
IE,2035,more-molecule,392082.9897195097,0.4756497910901298,bau-eu
IE,2036,more-molecule,359084.19033947156,0.43561777633078297,bau-eu
IE,2037,more-molecule,326085.39095943363,0.3955857615714364,bau-eu
IE,2038,more-molecule,293086.5915793956,0.3555537468120896,bau-eu
IE,2039,more-molecule,260087.79219935753,0.3155217320527429,bau-eu
IE,2040,more-molecule,227088.99281931962,0.2754897172933964,bau-eu
IE,2041,more-molecule,212827.15997306386,0.2581881816701937,bau-eu
IE,2042,more-molecule,198565.3271268082,0.24088664604699114,bau-eu
IE,2043,more-molecule,184303.49428055252,0.22358511042378856,bau-eu
IE,2044,more-molecule,170041.66143429687,0.20628357480058604,bau-eu
IE,2045,more-molecule,155779.8285880412,0.18898203917738346,bau-eu
IE,2046,more-molecule,141517.99574178553,0.1716805035541809,bau-eu
IE,2047,more-molecule,127256.16289552987,0.15437896793097836,bau-eu
IE,2048,more-molecule,112994.33004927414,0.13707743230777572,bau-eu
IE,2049,more-molecule,98732.4972030185,0.11977589668457321,bau-eu
IE,2050,more-molecule,84470.66435676285,0.10247436106137067,bau-eu
IT,2019,more-molecule,23058899.226139292,1.0,bau-eu
IT,2020,more-molecule,23058899.226139292,1.0,bau-eu
IT,2021,more-molecule,23058899.226139292,1.0,bau-eu
IT,2022,more-molecule,23058899.226139292,1.0,bau-eu
IT,2023,more-molecule,23058899.226139292,1.0,bau-eu
IT,2024,more-molecule,23058899.226139292,1.0,bau-eu
IT,2025,more-molecule,21812987.95019224,0.9459683108144771,bau-eu
IT,2026,more-molecule,20567076.674245194,0.8919366216289545,bau-eu
IT,2027,more-molecule,19321165.398298144,0.8379049324434318,bau-eu
IT,2028,more-molecule,18075254.122351088,0.7838732432579086,bau-eu
IT,2029,more-molecule,16829342.84640404,0.7298415540723859,bau-eu
IT,2030,more-molecule,15583431.57045699,0.6758098648868632,bau-eu
IT,2031,more-molecule,14660337.376301894,0.6357778501275165,bau-eu
IT,2032,more-molecule,13737243.182146795,0.5957458353681697,bau-eu
IT,2033,more-molecule,12814148.9879917,0.5557138206088231,bau-eu
IT,2034,more-molecule,11891054.793836605,0.5156818058494764,bau-eu
IT,2035,more-molecule,10967960.599681508,0.4756497910901297,bau-eu
IT,2036,more-molecule,10044866.405526413,0.4356177763307831,bau-eu
IT,2037,more-molecule,9121772.211371316,0.3955857615714363,bau-eu
IT,2038,more-molecule,8198678.0172162205,0.3555537468120897,bau-eu
IT,2039,more-molecule,7275583.8230611235,0.315521732052743,bau-eu
IT,2040,more-molecule,6352489.628906029,0.27548971729339633,bau-eu
IT,2041,more-molecule,5953535.26251314,0.2581881816701937,bau-eu
IT,2042,more-molecule,5554580.896120254,0.24088664604699114,bau-eu
IT,2043,more-molecule,5155626.529727368,0.22358511042378862,bau-eu
IT,2044,more-molecule,4756672.1633344805,0.20628357480058604,bau-eu
IT,2045,more-molecule,4357717.796941593,0.1889820391773835,bau-eu
IT,2046,more-molecule,3958763.4305487066,0.17168050355418094,bau-eu
IT,2047,more-molecule,3559809.06415582,0.15437896793097838,bau-eu
IT,2048,more-molecule,3160854.6977629317,0.13707743230777575,bau-eu
IT,2049,more-molecule,2761900.3313700454,0.11977589668457322,bau-eu
IT,2050,more-molecule,2362945.9649771587,0.10247436106137067,bau-eu
LT,2019,more-molecule,0.0,1.0,bau-eu
LT,2020,more-molecule,0.0,1.0,bau-eu
LT,2021,more-molecule,0.0,1.0,bau-eu
LT,2022,more-molecule,0.0,1.0,bau-eu
LT,2023,more-molecule,0.0,1.0,bau-eu
LT,2024,more-molecule,0.0,1.0,bau-eu
LT,2025,more-molecule,0.0,1.0,bau-eu
LT,2026,more-molecule,0.0,1.0,bau-eu
LT,2027,more-molecule,0.0,1.0,bau-eu
LT,2028,more-molecule,0.0,1.0,bau-eu
LT,2029,more-molecule,0.0,1.0,bau-eu
LT,2030,more-molecule,0.0,1.0,bau-eu
LT,2031,more-molecule,0.0,1.0,bau-eu
LT,2032,more-molecule,0.0,1.0,bau-eu
LT,2033,more-molecule,0.0,1.0,bau-eu
LT,2034,more-molecule,0.0,1.0,bau-eu
LT,2035,more-molecule,0.0,1.0,bau-eu
LT,2036,more-molecule,0.0,1.0,bau-eu
LT,2037,more-molecule,0.0,1.0,bau-eu
LT,2038,more-molecule,0.0,1.0,bau-eu
LT,2039,more-molecule,0.0,1.0,bau-eu
LT,2040,more-molecule,0.0,1.0,bau-eu
LT,2041,more-molecule,0.0,1.0,bau-eu
LT,2042,more-molecule,0.0,1.0,bau-eu
LT,2043,more-molecule,0.0,1.0,bau-eu
LT,2044,more-molecule,0.0,1.0,bau-eu
LT,2045,more-molecule,0.0,1.0,bau-eu
LT,2046,more-molecule,0.0,1.0,bau-eu
LT,2047,more-molecule,0.0,1.0,bau-eu
LT,2048,more-molecule,0.0,1.0,bau-eu
LT,2049,more-molecule,0.0,1.0,bau-eu
LT,2050,more-molecule,0.0,1.0,bau-eu
LU,2019,more-molecule,0.0,1.0,bau-eu
LU,2020,more-molecule,0.0,1.0,bau-eu
LU,2021,more-molecule,0.0,1.0,bau-eu
LU,2022,more-molecule,0.0,1.0,bau-eu
LU,2023,more-molecule,0.0,1.0,bau-eu
LU,2024,more-molecule,0.0,1.0,bau-eu
LU,2025,more-molecule,0.0,1.0,bau-eu
LU,2026,more-molecule,0.0,1.0,bau-eu
LU,2027,more-molecule,0.0,1.0,bau-eu
LU,2028,more-molecule,0.0,1.0,bau-eu
LU,2029,more-molecule,0.0,1.0,bau-eu
LU,2030,more-molecule,0.0,1.0,bau-eu
LU,2031,more-molecule,0.0,1.0,bau-eu
LU,2032,more-molecule,0.0,1.0,bau-eu
LU,2033,more-molecule,0.0,1.0,bau-eu
LU,2034,more-molecule,0.0,1.0,bau-eu
LU,2035,more-molecule,0.0,1.0,bau-eu
LU,2036,more-molecule,0.0,1.0,bau-eu
LU,2037,more-molecule,0.0,1.0,bau-eu
LU,2038,more-molecule,0.0,1.0,bau-eu
LU,2039,more-molecule,0.0,1.0,bau-eu
LU,2040,more-molecule,0.0,1.0,bau-eu
LU,2041,more-molecule,0.0,1.0,bau-eu
LU,2042,more-molecule,0.0,1.0,bau-eu
LU,2043,more-molecule,0.0,1.0,bau-eu
LU,2044,more-molecule,0.0,1.0,bau-eu
LU,2045,more-molecule,0.0,1.0,bau-eu
LU,2046,more-molecule,0.0,1.0,bau-eu
LU,2047,more-molecule,0.0,1.0,bau-eu
LU,2048,more-molecule,0.0,1.0,bau-eu
LU,2049,more-molecule,0.0,1.0,bau-eu
LU,2050,more-molecule,0.0,1.0,bau-eu
LV,2019,more-molecule,0.0,1.0,bau-eu
LV,2020,more-molecule,0.0,1.0,bau-eu
LV,2021,more-molecule,0.0,1.0,bau-eu
LV,2022,more-molecule,0.0,1.0,bau-eu
LV,2023,more-molecule,0.0,1.0,bau-eu
LV,2024,more-molecule,0.0,1.0,bau-eu
LV,2025,more-molecule,0.0,1.0,bau-eu
LV,2026,more-molecule,0.0,1.0,bau-eu
LV,2027,more-molecule,0.0,1.0,bau-eu
LV,2028,more-molecule,0.0,1.0,bau-eu
LV,2029,more-molecule,0.0,1.0,bau-eu
LV,2030,more-molecule,0.0,1.0,bau-eu
LV,2031,more-molecule,0.0,1.0,bau-eu
LV,2032,more-molecule,0.0,1.0,bau-eu
LV,2033,more-molecule,0.0,1.0,bau-eu
LV,2034,more-molecule,0.0,1.0,bau-eu
LV,2035,more-molecule,0.0,1.0,bau-eu
LV,2036,more-molecule,0.0,1.0,bau-eu
LV,2037,more-molecule,0.0,1.0,bau-eu
LV,2038,more-molecule,0.0,1.0,bau-eu
LV,2039,more-molecule,0.0,1.0,bau-eu
LV,2040,more-molecule,0.0,1.0,bau-eu
LV,2041,more-molecule,0.0,1.0,bau-eu
LV,2042,more-molecule,0.0,1.0,bau-eu
LV,2043,more-molecule,0.0,1.0,bau-eu
LV,2044,more-molecule,0.0,1.0,bau-eu
LV,2045,more-molecule,0.0,1.0,bau-eu
LV,2046,more-molecule,0.0,1.0,bau-eu
LV,2047,more-molecule,0.0,1.0,bau-eu
LV,2048,more-molecule,0.0,1.0,bau-eu
LV,2049,more-molecule,0.0,1.0,bau-eu
LV,2050,more-molecule,0.0,1.0,bau-eu
MT,2019,more-molecule,0.0,1.0,bau-eu
MT,2020,more-molecule,0.0,1.0,bau-eu
MT,2021,more-molecule,0.0,1.0,bau-eu
MT,2022,more-molecule,0.0,1.0,bau-eu
MT,2023,more-molecule,0.0,1.0,bau-eu
MT,2024,more-molecule,0.0,1.0,bau-eu
MT,2025,more-molecule,0.0,1.0,bau-eu
MT,2026,more-molecule,0.0,1.0,bau-eu
MT,2027,more-molecule,0.0,1.0,bau-eu
MT,2028,more-molecule,0.0,1.0,bau-eu
MT,2029,more-molecule,0.0,1.0,bau-eu
MT,2030,more-molecule,0.0,1.0,bau-eu
MT,2031,more-molecule,0.0,1.0,bau-eu
MT,2032,more-molecule,0.0,1.0,bau-eu
MT,2033,more-molecule,0.0,1.0,bau-eu
MT,2034,more-molecule,0.0,1.0,bau-eu
MT,2035,more-molecule,0.0,1.0,bau-eu
MT,2036,more-molecule,0.0,1.0,bau-eu
MT,2037,more-molecule,0.0,1.0,bau-eu
MT,2038,more-molecule,0.0,1.0,bau-eu
MT,2039,more-molecule,0.0,1.0,bau-eu
MT,2040,more-molecule,0.0,1.0,bau-eu
MT,2041,more-molecule,0.0,1.0,bau-eu
MT,2042,more-molecule,0.0,1.0,bau-eu
MT,2043,more-molecule,0.0,1.0,bau-eu
MT,2044,more-molecule,0.0,1.0,bau-eu
MT,2045,more-molecule,0.0,1.0,bau-eu
MT,2046,more-molecule,0.0,1.0,bau-eu
MT,2047,more-molecule,0.0,1.0,bau-eu
MT,2048,more-molecule,0.0,1.0,bau-eu
MT,2049,more-molecule,0.0,1.0,bau-eu
MT,2050,more-molecule,0.0,1.0,bau-eu
NL,2019,more-molecule,33422459.587274287,1.0,bau-eu
NL,2020,more-molecule,33422459.587274287,1.0,bau-eu
NL,2021,more-molecule,33422459.587274287,1.0,bau-eu
NL,2022,more-molecule,33422459.587274287,1.0,bau-eu
NL,2023,more-molecule,33422459.587274287,1.0,bau-eu
NL,2024,more-molecule,33422459.587274287,1.0,bau-eu
NL,2025,more-molecule,31616587.63903898,0.9459683108144771,bau-eu
NL,2026,more-molecule,29810715.690803684,0.8919366216289544,bau-eu
NL,2027,more-molecule,28004843.74256838,0.8379049324434316,bau-eu
NL,2028,more-molecule,26198971.794333074,0.7838732432579085,bau-eu
NL,2029,more-molecule,24393099.846097782,0.729841554072386,bau-eu
NL,2030,more-molecule,22587227.89786248,0.6758098648868631,bau-eu
NL,2031,more-molecule,21249259.502371043,0.6357778501275163,bau-eu
NL,2032,more-molecule,19911291.10687961,0.5957458353681696,bau-eu
NL,2033,more-molecule,18573322.711388182,0.555713820608823,bau-eu
NL,2034,more-molecule,17235354.31589675,0.5156818058494764,bau-eu
NL,2035,more-molecule,15897385.920405317,0.4756497910901297,bau-eu
NL,2036,more-molecule,14559417.524913883,0.43561777633078297,bau-eu
NL,2037,more-molecule,13221449.129422456,0.39558576157143643,bau-eu
NL,2038,more-molecule,11883480.73393102,0.3555537468120896,bau-eu
NL,2039,more-molecule,10545512.338439588,0.315521732052743,bau-eu
NL,2040,more-molecule,9207543.942948157,0.27548971729339633,bau-eu
NL,2041,more-molecule,8629284.067783881,0.2581881816701937,bau-eu
NL,2042,more-molecule,8051024.192619607,0.24088664604699114,bau-eu
NL,2043,more-molecule,7472764.317455334,0.22358511042378862,bau-eu
NL,2044,more-molecule,6894504.4422910595,0.20628357480058604,bau-eu
NL,2045,more-molecule,6316244.567126785,0.1889820391773835,bau-eu
NL,2046,more-molecule,5737984.691962511,0.1716805035541809,bau-eu
NL,2047,more-molecule,5159724.816798237,0.15437896793097836,bau-eu
NL,2048,more-molecule,4581464.941633962,0.13707743230777575,bau-eu
NL,2049,more-molecule,4003205.066469689,0.11977589668457322,bau-eu
NL,2050,more-molecule,3424945.1913054152,0.10247436106137067,bau-eu
PL,2019,more-molecule,1883472.4849527082,1.0,bau-eu
PL,2020,more-molecule,1883472.4849527082,1.0,bau-eu
PL,2021,more-molecule,1883472.4849527082,1.0,bau-eu
PL,2022,more-molecule,1883472.4849527082,1.0,bau-eu
PL,2023,more-molecule,1883472.4849527082,1.0,bau-eu
PL,2024,more-molecule,1883472.4849527082,1.0,bau-eu
PL,2025,more-molecule,1781705.2850562586,0.9459683108144769,bau-eu
PL,2026,more-molecule,1679938.0851598103,0.8919366216289544,bau-eu
PL,2027,more-molecule,1578170.885263361,0.8379049324434314,bau-eu
PL,2028,more-molecule,1476403.6853669118,0.7838732432579085,bau-eu
PL,2029,more-molecule,1374636.4854704628,0.7298415540723858,bau-eu
PL,2030,more-molecule,1272869.2855740138,0.675809864886863,bau-eu
PL,2031,more-molecule,1197470.0872575636,0.6357778501275163,bau-eu
PL,2032,more-molecule,1122070.8889411136,0.5957458353681697,bau-eu
PL,2033,more-molecule,1046671.6906246633,0.5557138206088229,bau-eu
PL,2034,more-molecule,971272.4923082135,0.5156818058494764,bau-eu
PL,2035,more-molecule,895873.2939917631,0.4756497910901297,bau-eu
PL,2036,more-molecule,820474.0956753128,0.43561777633078297,bau-eu
PL,2037,more-molecule,745074.8973588628,0.3955857615714364,bau-eu
PL,2038,more-molecule,669675.6990424125,0.35555374681208957,bau-eu
PL,2039,more-molecule,594276.5007259622,0.31552173205274286,bau-eu
PL,2040,more-molecule,518877.3024095122,0.27548971729339633,bau-eu
PL,2041,more-molecule,486290.336115781,0.2581881816701937,bau-eu
PL,2042,more-molecule,453703.3698220499,0.24088664604699117,bau-eu
PL,2043,more-molecule,421116.40352831874,0.22358511042378856,bau-eu
PL,2044,more-molecule,388529.4372345876,0.206283574800586,bau-eu
PL,2045,more-molecule,355942.4709408565,0.18898203917738346,bau-eu
PL,2046,more-molecule,323355.5046471254,0.1716805035541809,bau-eu
PL,2047,more-molecule,290768.53835339425,0.15437896793097836,bau-eu
PL,2048,more-molecule,258181.572059663,0.13707743230777572,bau-eu
PL,2049,more-molecule,225594.60576593198,0.11977589668457322,bau-eu
PL,2050,more-molecule,193007.63947220088,0.10247436106137069,bau-eu
PT,2019,more-molecule,493288.22012037825,1.0,bau-eu
PT,2020,more-molecule,493288.22012037825,1.0,bau-eu
PT,2021,more-molecule,493288.22012037825,1.0,bau-eu
PT,2022,more-molecule,493288.22012037825,1.0,bau-eu
PT,2023,more-molecule,493288.22012037825,1.0,bau-eu
PT,2024,more-molecule,493288.22012037825,1.0,bau-eu
PT,2025,more-molecule,466635.0243319541,0.945968310814477,bau-eu
PT,2026,more-molecule,439981.8285435302,0.8919366216289544,bau-eu
PT,2027,more-molecule,413328.63275510614,0.8379049324434316,bau-eu
PT,2028,more-molecule,386675.436966682,0.7838732432579086,bau-eu
PT,2029,more-molecule,360022.2411782581,0.729841554072386,bau-eu
PT,2030,more-molecule,333369.04538983403,0.6758098648868631,bau-eu
PT,2031,more-molecule,313621.7240813632,0.6357778501275164,bau-eu
PT,2032,more-molecule,293874.4027728923,0.5957458353681697,bau-eu
PT,2033,more-molecule,274127.08146442147,0.555713820608823,bau-eu
PT,2034,more-molecule,254379.7601559507,0.5156818058494764,bau-eu
PT,2035,more-molecule,234632.43884747985,0.4756497910901297,bau-eu
PT,2036,more-molecule,214885.11753900896,0.43561777633078297,bau-eu
PT,2037,more-molecule,195137.79623053817,0.3955857615714364,bau-eu
PT,2038,more-molecule,175390.4749220673,0.3555537468120896,bau-eu
PT,2039,more-molecule,155643.15361359646,0.3155217320527429,bau-eu
PT,2040,more-molecule,135895.83230512566,0.27548971729339633,bau-eu
PT,2041,more-molecule,127361.18859220672,0.2581881816701937,bau-eu
PT,2042,more-molecule,118826.54487928783,0.2408866460469912,bau-eu
PT,2043,more-molecule,110291.90116636892,0.22358511042378862,bau-eu
PT,2044,more-molecule,101757.25745345003,0.2062835748005861,bau-eu
PT,2045,more-molecule,93222.6137405311,0.18898203917738352,bau-eu
PT,2046,more-molecule,84687.97002761217,0.1716805035541809,bau-eu
PT,2047,more-molecule,76153.32631469326,0.15437896793097836,bau-eu
PT,2048,more-molecule,67618.68260177433,0.13707743230777575,bau-eu
PT,2049,more-molecule,59084.03888885544,0.11977589668457322,bau-eu
PT,2050,more-molecule,50549.39517593654,0.10247436106137069,bau-eu
RO,2019,more-molecule,0.0,1.0,bau-eu
RO,2020,more-molecule,0.0,1.0,bau-eu
RO,2021,more-molecule,0.0,1.0,bau-eu
RO,2022,more-molecule,0.0,1.0,bau-eu
RO,2023,more-molecule,0.0,1.0,bau-eu
RO,2024,more-molecule,0.0,1.0,bau-eu
RO,2025,more-molecule,0.0,1.0,bau-eu
RO,2026,more-molecule,0.0,1.0,bau-eu
RO,2027,more-molecule,0.0,1.0,bau-eu
RO,2028,more-molecule,0.0,1.0,bau-eu
RO,2029,more-molecule,0.0,1.0,bau-eu
RO,2030,more-molecule,0.0,1.0,bau-eu
RO,2031,more-molecule,0.0,1.0,bau-eu
RO,2032,more-molecule,0.0,1.0,bau-eu
RO,2033,more-molecule,0.0,1.0,bau-eu
RO,2034,more-molecule,0.0,1.0,bau-eu
RO,2035,more-molecule,0.0,1.0,bau-eu
RO,2036,more-molecule,0.0,1.0,bau-eu
RO,2037,more-molecule,0.0,1.0,bau-eu
RO,2038,more-molecule,0.0,1.0,bau-eu
RO,2039,more-molecule,0.0,1.0,bau-eu
RO,2040,more-molecule,0.0,1.0,bau-eu
RO,2041,more-molecule,0.0,1.0,bau-eu
RO,2042,more-molecule,0.0,1.0,bau-eu
RO,2043,more-molecule,0.0,1.0,bau-eu
RO,2044,more-molecule,0.0,1.0,bau-eu
RO,2045,more-molecule,0.0,1.0,bau-eu
RO,2046,more-molecule,0.0,1.0,bau-eu
RO,2047,more-molecule,0.0,1.0,bau-eu
RO,2048,more-molecule,0.0,1.0,bau-eu
RO,2049,more-molecule,0.0,1.0,bau-eu
RO,2050,more-molecule,0.0,1.0,bau-eu
SE,2019,more-molecule,22526710.5760963,1.0,bau-eu
SE,2020,more-molecule,22526710.5760963,1.0,bau-eu
SE,2021,more-molecule,22526710.5760963,1.0,bau-eu
SE,2022,more-molecule,22526710.5760963,1.0,bau-eu
SE,2023,more-molecule,22526710.5760963,1.0,bau-eu
SE,2024,more-molecule,22526710.5760963,1.0,bau-eu
SE,2025,more-molecule,21309554.35187643,0.945968310814477,bau-eu
SE,2026,more-molecule,20092398.127656568,0.8919366216289543,bau-eu
SE,2027,more-molecule,18875241.903436705,0.8379049324434316,bau-eu
SE,2028,more-molecule,17658085.679216836,0.7838732432579085,bau-eu
SE,2029,more-molecule,16440929.454996975,0.7298415540723859,bau-eu
SE,2030,more-molecule,15223773.23077711,0.6758098648868631,bau-eu
SE,2031,more-molecule,14321983.620515293,0.6357778501275164,bau-eu
SE,2032,more-molecule,13420194.010253474,0.5957458353681697,bau-eu
SE,2033,more-molecule,12518404.399991654,0.5557138206088229,bau-eu
SE,2034,more-molecule,11616614.78972984,0.5156818058494764,bau-eu
SE,2035,more-molecule,10714825.17946802,0.4756497910901297,bau-eu
SE,2036,more-molecule,9813035.5692062,0.4356177763307829,bau-eu
SE,2037,more-molecule,8911245.958944384,0.3955857615714363,bau-eu
SE,2038,more-molecule,8009456.348682566,0.3555537468120896,bau-eu
SE,2039,more-molecule,7107666.738420746,0.3155217320527429,bau-eu
SE,2040,more-molecule,6205877.128158931,0.27548971729339633,bau-eu
SE,2041,more-molecule,5816130.4426530255,0.2581881816701937,bau-eu
SE,2042,more-molecule,5426383.757147122,0.24088664604699117,bau-eu
SE,2043,more-molecule,5036637.071641219,0.22358511042378865,bau-eu
SE,2044,more-molecule,4646890.386135314,0.20628357480058604,bau-eu
SE,2045,more-molecule,4257143.700629409,0.18898203917738346,bau-eu
SE,2046,more-molecule,3867397.015123505,0.17168050355418088,bau-eu
SE,2047,more-molecule,3477650.3296176014,0.15437896793097836,bau-eu
SE,2048,more-molecule,3087903.6441116966,0.13707743230777575,bau-eu
SE,2049,more-molecule,2698156.9586057933,0.11977589668457322,bau-eu
SE,2050,more-molecule,2308410.2730998895,0.10247436106137067,bau-eu
SI,2019,more-molecule,0.0,1.0,bau-eu
SI,2020,more-molecule,0.0,1.0,bau-eu
SI,2021,more-molecule,0.0,1.0,bau-eu
SI,2022,more-molecule,0.0,1.0,bau-eu
SI,2023,more-molecule,0.0,1.0,bau-eu
SI,2024,more-molecule,0.0,1.0,bau-eu
SI,2025,more-molecule,0.0,1.0,bau-eu
SI,2026,more-molecule,0.0,1.0,bau-eu
SI,2027,more-molecule,0.0,1.0,bau-eu
SI,2028,more-molecule,0.0,1.0,bau-eu
SI,2029,more-molecule,0.0,1.0,bau-eu
SI,2030,more-molecule,0.0,1.0,bau-eu
SI,2031,more-molecule,0.0,1.0,bau-eu
SI,2032,more-molecule,0.0,1.0,bau-eu
SI,2033,more-molecule,0.0,1.0,bau-eu
SI,2034,more-molecule,0.0,1.0,bau-eu
SI,2035,more-molecule,0.0,1.0,bau-eu
SI,2036,more-molecule,0.0,1.0,bau-eu
SI,2037,more-molecule,0.0,1.0,bau-eu
SI,2038,more-molecule,0.0,1.0,bau-eu
SI,2039,more-molecule,0.0,1.0,bau-eu
SI,2040,more-molecule,0.0,1.0,bau-eu
SI,2041,more-molecule,0.0,1.0,bau-eu
SI,2042,more-molecule,0.0,1.0,bau-eu
SI,2043,more-molecule,0.0,1.0,bau-eu
SI,2044,more-molecule,0.0,1.0,bau-eu
SI,2045,more-molecule,0.0,1.0,bau-eu
SI,2046,more-molecule,0.0,1.0,bau-eu
SI,2047,more-molecule,0.0,1.0,bau-eu
SI,2048,more-molecule,0.0,1.0,bau-eu
SI,2049,more-molecule,0.0,1.0,bau-eu
SI,2050,more-molecule,0.0,1.0,bau-eu
SK,2019,more-molecule,0.0,1.0,bau-eu
SK,2020,more-molecule,0.0,1.0,bau-eu
SK,2021,more-molecule,0.0,1.0,bau-eu
SK,2022,more-molecule,0.0,1.0,bau-eu
SK,2023,more-molecule,0.0,1.0,bau-eu
SK,2024,more-molecule,0.0,1.0,bau-eu
SK,2025,more-molecule,0.0,1.0,bau-eu
SK,2026,more-molecule,0.0,1.0,bau-eu
SK,2027,more-molecule,0.0,1.0,bau-eu
SK,2028,more-molecule,0.0,1.0,bau-eu
SK,2029,more-molecule,0.0,1.0,bau-eu
SK,2030,more-molecule,0.0,1.0,bau-eu
SK,2031,more-molecule,0.0,1.0,bau-eu
SK,2032,more-molecule,0.0,1.0,bau-eu
SK,2033,more-molecule,0.0,1.0,bau-eu
SK,2034,more-molecule,0.0,1.0,bau-eu
SK,2035,more-molecule,0.0,1.0,bau-eu
SK,2036,more-molecule,0.0,1.0,bau-eu
SK,2037,more-molecule,0.0,1.0,bau-eu
SK,2038,more-molecule,0.0,1.0,bau-eu
SK,2039,more-molecule,0.0,1.0,bau-eu
SK,2040,more-molecule,0.0,1.0,bau-eu
SK,2041,more-molecule,0.0,1.0,bau-eu
SK,2042,more-molecule,0.0,1.0,bau-eu
SK,2043,more-molecule,0.0,1.0,bau-eu
SK,2044,more-molecule,0.0,1.0,bau-eu
SK,2045,more-molecule,0.0,1.0,bau-eu
SK,2046,more-molecule,0.0,1.0,bau-eu
SK,2047,more-molecule,0.0,1.0,bau-eu
SK,2048,more-molecule,0.0,1.0,bau-eu
SK,2049,more-molecule,0.0,1.0,bau-eu
SK,2050,more-molecule,0.0,1.0,bau-eu
AT,2019,max-electron,1668421.2381771277,1.0,decarbo-eu
AT,2020,max-electron,1668421.2381771277,1.0,decarbo-eu
AT,2021,max-electron,1668421.2381771277,1.0,decarbo-eu
AT,2022,max-electron,1668421.2381771277,1.0,decarbo-eu
AT,2023,max-electron,1668421.2381771277,1.0,decarbo-eu
AT,2024,max-electron,1668421.2381771277,1.0,decarbo-eu
AT,2025,max-electron,1581389.443163782,0.9478358384430335,decarbo-eu
AT,2026,max-electron,1494357.6481504366,0.8956716768860673,decarbo-eu
AT,2027,max-electron,1407325.853137091,0.843507515329101,decarbo-eu
AT,2028,max-electron,1320294.0581237453,0.7913433537721344,decarbo-eu
AT,2029,max-electron,1233262.2631104,0.7391791922151681,decarbo-eu
AT,2030,max-electron,1146230.4680970542,0.6870150306582017,decarbo-eu
AT,2031,max-electron,1075474.8862045298,0.6446063269846438,decarbo-eu
AT,2032,max-electron,1004719.3043120053,0.6021976233110858,decarbo-eu
AT,2033,max-electron,933963.7224194806,0.5597889196375276,decarbo-eu
AT,2034,max-electron,863208.1405269564,0.5173802159639699,decarbo-eu
AT,2035,max-electron,792452.5586344319,0.47497151229041196,decarbo-eu
AT,2036,max-electron,721696.9767419072,0.4325628086168538,decarbo-eu
AT,2037,max-electron,650941.3948493827,0.3901541049432959,decarbo-eu
AT,2038,max-electron,580185.8129568582,0.3477454012697379,decarbo-eu
AT,2039,max-electron,509430.2310643338,0.30533669759618,decarbo-eu
AT,2040,max-electron,438674.64917180926,0.26292799392262195,decarbo-eu
AT,2041,max-electron,410600.55801337806,0.24610125345922185,decarbo-eu
AT,2042,max-electron,382526.4668549469,0.22927451299582177,decarbo-eu
AT,2043,max-electron,354452.3756965158,0.2124477725324217,decarbo-eu
AT,2044,max-electron,326378.28453808476,0.19562103206902168,decarbo-eu
AT,2045,max-electron,298304.1933796537,0.17879429160562163,decarbo-eu
AT,2046,max-electron,270230.1022212224,0.16196755114222147,decarbo-eu
AT,2047,max-electron,242156.0110627913,0.14514081067882142,decarbo-eu
AT,2048,max-electron,214081.91990436014,0.12831407021542132,decarbo-eu
AT,2049,max-electron,186007.82874592912,0.1114873297520213,decarbo-eu
AT,2050,max-electron,157933.73758749792,0.09466058928862119,decarbo-eu
BE,2019,max-electron,16546990.627687015,1.0,decarbo-eu
BE,2020,max-electron,16546990.627687015,1.0,decarbo-eu
BE,2021,max-electron,16546990.627687015,1.0,decarbo-eu
BE,2022,max-electron,16546990.627687015,1.0,decarbo-eu
BE,2023,max-electron,16546990.627687015,1.0,decarbo-eu
BE,2024,max-electron,16546990.627687015,1.0,decarbo-eu
BE,2025,max-electron,15683830.735302743,0.9478358384430338,decarbo-eu
BE,2026,max-electron,14820670.842918469,0.8956716768860673,decarbo-eu
BE,2027,max-electron,13957510.950534195,0.843507515329101,decarbo-eu
BE,2028,max-electron,13094351.058149917,0.7913433537721344,decarbo-eu
BE,2029,max-electron,12231191.165765645,0.7391791922151681,decarbo-eu
BE,2030,max-electron,11368031.273381371,0.6870150306582017,decarbo-eu
BE,2031,max-electron,10666294.851162653,0.6446063269846439,decarbo-eu
BE,2032,max-electron,9964558.428943934,0.602197623311086,decarbo-eu
BE,2033,max-electron,9262822.00672521,0.5597889196375277,decarbo-eu
BE,2034,max-electron,8561085.584506493,0.5173802159639699,decarbo-eu
BE,2035,max-electron,7859349.1622877745,0.47497151229041196,decarbo-eu
BE,2036,max-electron,7157612.740069051,0.43256280861685376,decarbo-eu
BE,2037,max-electron,6455876.317850333,0.3901541049432959,decarbo-eu
BE,2038,max-electron,5754139.895631613,0.3477454012697379,decarbo-eu
BE,2039,max-electron,5052403.473412894,0.30533669759617993,decarbo-eu
BE,2040,max-electron,4350667.051194174,0.262927993922622,decarbo-eu
BE,2041,max-electron,4072235.1344517707,0.24610125345922187,decarbo-eu
BE,2042,max-electron,3793803.217709367,0.22927451299582174,decarbo-eu
BE,2043,max-electron,3515371.300966965,0.21244777253242172,decarbo-eu
BE,2044,max-electron,3236939.384224563,0.1956210320690217,decarbo-eu
BE,2045,max-electron,2958507.46748216,0.1787942916056216,decarbo-eu
BE,2046,max-electron,2680075.5507397563,0.1619675511422215,decarbo-eu
BE,2047,max-electron,2401643.6339973537,0.14514081067882145,decarbo-eu
BE,2048,max-electron,2123211.71725495,0.12831407021542132,decarbo-eu
BE,2049,max-electron,1844779.800512548,0.1114873297520213,decarbo-eu
BE,2050,max-electron,1566347.8837701448,0.0946605892886212,decarbo-eu
BG,2019,max-electron,2324679.8796216683,1.0,decarbo-eu
BG,2020,max-electron,2324679.8796216683,1.0,decarbo-eu
BG,2021,max-electron,2324679.8796216683,1.0,decarbo-eu
BG,2022,max-electron,2324679.8796216683,1.0,decarbo-eu
BG,2023,max-electron,2324679.8796216683,1.0,decarbo-eu
BG,2024,max-electron,2324679.8796216683,1.0,decarbo-eu
BG,2025,max-electron,2203414.9028128544,0.9478358384430337,decarbo-eu
BG,2026,max-electron,2082149.9260040405,0.8956716768860672,decarbo-eu
BG,2027,max-electron,1960884.949195227,0.843507515329101,decarbo-eu
BG,2028,max-electron,1839619.9723864126,0.7913433537721344,decarbo-eu
BG,2029,max-electron,1718354.9955775994,0.7391791922151683,decarbo-eu
BG,2030,max-electron,1597090.018768785,0.6870150306582017,decarbo-eu
BG,2031,max-electron,1498503.3586180275,0.6446063269846438,decarbo-eu
BG,2032,max-electron,1399916.69846727,0.602197623311086,decarbo-eu
BG,2033,max-electron,1301330.038316512,0.5597889196375279,decarbo-eu
BG,2034,max-electron,1202743.3781657543,0.5173802159639699,decarbo-eu
BG,2035,max-electron,1104156.7180149967,0.474971512290412,decarbo-eu
BG,2036,max-electron,1005570.0578642385,0.43256280861685387,decarbo-eu
BG,2037,max-electron,906983.3977134808,0.3901541049432959,decarbo-eu
BG,2038,max-electron,808396.737562723,0.3477454012697379,decarbo-eu
BG,2039,max-electron,709810.0774119655,0.30533669759618,decarbo-eu
BG,2040,max-electron,611223.4172612075,0.26292799392262195,decarbo-eu
BG,2041,max-electron,572106.6322663256,0.2461012534592219,decarbo-eu
BG,2042,max-electron,532989.8472714436,0.22927451299582177,decarbo-eu
BG,2043,max-electron,493873.0622765617,0.21244777253242172,decarbo-eu
BG,2044,max-electron,454756.2772816798,0.19562103206902168,decarbo-eu
BG,2045,max-electron,415639.4922867979,0.1787942916056216,decarbo-eu
BG,2046,max-electron,376522.7072919159,0.1619675511422215,decarbo-eu
BG,2047,max-electron,337405.92229703395,0.14514081067882142,decarbo-eu
BG,2048,max-electron,298289.13730215194,0.12831407021542132,decarbo-eu
BG,2049,max-electron,259172.3523072701,0.1114873297520213,decarbo-eu
BG,2050,max-electron,220055.56731238813,0.09466058928862121,decarbo-eu
CY,2019,max-electron,0.0,1.0,decarbo-eu
CY,2020,max-electron,0.0,1.0,decarbo-eu
CY,2021,max-electron,0.0,1.0,decarbo-eu
CY,2022,max-electron,0.0,1.0,decarbo-eu
CY,2023,max-electron,0.0,1.0,decarbo-eu
CY,2024,max-electron,0.0,1.0,decarbo-eu
CY,2025,max-electron,0.0,1.0,decarbo-eu
CY,2026,max-electron,0.0,1.0,decarbo-eu
CY,2027,max-electron,0.0,1.0,decarbo-eu
CY,2028,max-electron,0.0,1.0,decarbo-eu
CY,2029,max-electron,0.0,1.0,decarbo-eu
CY,2030,max-electron,0.0,1.0,decarbo-eu
CY,2031,max-electron,0.0,1.0,decarbo-eu
CY,2032,max-electron,0.0,1.0,decarbo-eu
CY,2033,max-electron,0.0,1.0,decarbo-eu
CY,2034,max-electron,0.0,1.0,decarbo-eu
CY,2035,max-electron,0.0,1.0,decarbo-eu
CY,2036,max-electron,0.0,1.0,decarbo-eu
CY,2037,max-electron,0.0,1.0,decarbo-eu
CY,2038,max-electron,0.0,1.0,decarbo-eu
CY,2039,max-electron,0.0,1.0,decarbo-eu
CY,2040,max-electron,0.0,1.0,decarbo-eu
CY,2041,max-electron,0.0,1.0,decarbo-eu
CY,2042,max-electron,0.0,1.0,decarbo-eu
CY,2043,max-electron,0.0,1.0,decarbo-eu
CY,2044,max-electron,0.0,1.0,decarbo-eu
CY,2045,max-electron,0.0,1.0,decarbo-eu
CY,2046,max-electron,0.0,1.0,decarbo-eu
CY,2047,max-electron,0.0,1.0,decarbo-eu
CY,2048,max-electron,0.0,1.0,decarbo-eu
CY,2049,max-electron,0.0,1.0,decarbo-eu
CY,2050,max-electron,0.0,1.0,decarbo-eu
CZ,2019,max-electron,1209801.9776440237,1.0,decarbo-eu
CZ,2020,max-electron,1209801.9776440237,1.0,decarbo-eu
CZ,2021,max-electron,1209801.9776440237,1.0,decarbo-eu
CZ,2022,max-electron,1209801.9776440237,1.0,decarbo-eu
CZ,2023,max-electron,1209801.9776440237,1.0,decarbo-eu
CZ,2024,max-electron,1209801.9776440237,1.0,decarbo-eu
CZ,2025,max-electron,1146693.6718302635,0.9478358384430337,decarbo-eu
CZ,2026,max-electron,1083585.3660165032,0.8956716768860673,decarbo-eu
CZ,2027,max-electron,1020477.060202743,0.843507515329101,decarbo-eu
CZ,2028,max-electron,957368.7543889824,0.7913433537721344,decarbo-eu
CZ,2029,max-electron,894260.4485752224,0.7391791922151681,decarbo-eu
CZ,2030,max-electron,831152.1427614621,0.6870150306582018,decarbo-eu
CZ,2031,max-electron,779846.0091878723,0.6446063269846438,decarbo-eu
CZ,2032,max-electron,728539.8756142826,0.602197623311086,decarbo-eu
CZ,2033,max-electron,677233.7420406926,0.5597889196375277,decarbo-eu
CZ,2034,max-electron,625927.608467103,0.51738021596397,decarbo-eu
CZ,2035,max-electron,574621.4748935131,0.47497151229041196,decarbo-eu
CZ,2036,max-electron,523315.3413199232,0.43256280861685387,decarbo-eu
CZ,2037,max-electron,472009.2077463334,0.39015410494329594,decarbo-eu
CZ,2038,max-electron,420703.07417274354,0.3477454012697379,decarbo-eu
CZ,2039,max-electron,369396.9405991538,0.30533669759618004,decarbo-eu
CZ,2040,max-electron,318090.8070255639,0.26292799392262195,decarbo-eu
CZ,2041,max-electron,297733.78313563974,0.24610125345922185,decarbo-eu
CZ,2042,max-electron,277376.75924571557,0.22927451299582174,decarbo-eu
CZ,2043,max-electron,257019.7353557915,0.21244777253242172,decarbo-eu
CZ,2044,max-electron,236662.7114658674,0.19562103206902168,decarbo-eu
CZ,2045,max-electron,216305.6875759433,0.17879429160562163,decarbo-eu
CZ,2046,max-electron,195948.66368601914,0.1619675511422215,decarbo-eu
CZ,2047,max-electron,175591.639796095,0.14514081067882142,decarbo-eu
CZ,2048,max-electron,155234.61590617086,0.12831407021542135,decarbo-eu
CZ,2049,max-electron,134877.59201624678,0.1114873297520213,decarbo-eu
CZ,2050,max-electron,114520.56812632261,0.0946605892886212,decarbo-eu
DE,2019,max-electron,74183146.94754945,1.0,decarbo-eu
DE,2020,max-electron,74183146.94754945,1.0,decarbo-eu
DE,2021,max-electron,74183146.94754945,1.0,decarbo-eu
DE,2022,max-electron,74183146.94754945,1.0,decarbo-eu
DE,2023,max-electron,74183146.94754945,1.0,decarbo-eu
DE,2024,max-electron,74183146.94754945,1.0,decarbo-eu
DE,2025,max-electron,70313445.2853733,0.9478358384430337,decarbo-eu
DE,2026,max-electron,66443743.62319715,0.8956716768860672,decarbo-eu
DE,2027,max-electron,62574041.96102101,0.843507515329101,decarbo-eu
DE,2028,max-electron,58704340.29884485,0.7913433537721344,decarbo-eu
DE,2029,max-electron,54834638.63666871,0.739179192215168,decarbo-eu
DE,2030,max-electron,50964936.974492565,0.6870150306582017,decarbo-eu
DE,2031,max-electron,47818925.87802194,0.6446063269846438,decarbo-eu
DE,2032,max-electron,44672914.78155131,0.6021976233110858,decarbo-eu
DE,2033,max-electron,41526903.68508067,0.5597889196375277,decarbo-eu
DE,2034,max-electron,38380892.588610046,0.5173802159639699,decarbo-eu
DE,2035,max-electron,35234881.492139414,0.4749715122904119,decarbo-eu
DE,2036,max-electron,32088870.395668775,0.4325628086168538,decarbo-eu
DE,2037,max-electron,28942859.299198147,0.3901541049432959,decarbo-eu
DE,2038,max-electron,25796848.202727515,0.3477454012697379,decarbo-eu
DE,2039,max-electron,22650837.106256887,0.30533669759618,decarbo-eu
DE,2040,max-electron,19504826.00978625,0.2629279939226219,decarbo-eu
DE,2041,max-electron,18256565.44934157,0.24610125345922187,decarbo-eu
DE,2042,max-electron,17008304.888896875,0.2292745129958217,decarbo-eu
DE,2043,max-electron,15760044.328452198,0.2124477725324217,decarbo-eu
DE,2044,max-electron,14511783.768007519,0.19562103206902168,decarbo-eu
DE,2045,max-electron,13263523.207562834,0.1787942916056216,decarbo-eu
DE,2046,max-electron,12015262.647118147,0.1619675511422215,decarbo-eu
DE,2047,max-electron,10767002.086673463,0.1451408106788214,decarbo-eu
DE,2048,max-electron,9518741.526228778,0.12831407021542132,decarbo-eu
DE,2049,max-electron,8270480.965784096,0.11148732975202127,decarbo-eu
DE,2050,max-electron,7022220.405339411,0.0946605892886212,decarbo-eu
DK,2019,max-electron,12999483.920894237,1.0,decarbo-eu
DK,2020,max-electron,12999483.920894237,1.0,decarbo-eu
DK,2021,max-electron,12999483.920894237,1.0,decarbo-eu
DK,2022,max-electron,12999483.920894237,1.0,decarbo-eu
DK,2023,max-electron,12999483.920894237,1.0,decarbo-eu
DK,2024,max-electron,12999483.920894237,1.0,decarbo-eu
DK,2025,max-electron,12321376.741487522,0.9478358384430334,decarbo-eu
DK,2026,max-electron,11643269.56208081,0.8956716768860673,decarbo-eu
DK,2027,max-electron,10965162.382674098,0.8435075153291011,decarbo-eu
DK,2028,max-electron,10287055.20326738,0.7913433537721344,decarbo-eu
DK,2029,max-electron,9608948.02386067,0.7391791922151683,decarbo-eu
DK,2030,max-electron,8930840.844453955,0.6870150306582018,decarbo-eu
DK,2031,max-electron,8379549.582943572,0.6446063269846439,decarbo-eu
DK,2032,max-electron,7828258.321433185,0.6021976233110858,decarbo-eu
DK,2033,max-electron,7276967.059922799,0.5597889196375277,decarbo-eu
DK,2034,max-electron,6725675.798412415,0.51738021596397,decarbo-eu
DK,2035,max-electron,6174384.53690203,0.47497151229041196,decarbo-eu
DK,2036,max-electron,5623093.275391643,0.43256280861685387,decarbo-eu
DK,2037,max-electron,5071802.013881258,0.3901541049432959,decarbo-eu
DK,2038,max-electron,4520510.752370873,0.3477454012697379,decarbo-eu
DK,2039,max-electron,3969219.490860488,0.30533669759618,decarbo-eu
DK,2040,max-electron,3417928.229350101,0.2629279939226219,decarbo-eu
DK,2041,max-electron,3199189.287255072,0.24610125345922187,decarbo-eu
DK,2042,max-electron,2980450.3451600415,0.22927451299582174,decarbo-eu
DK,2043,max-electron,2761711.4030650123,0.2124477725324217,decarbo-eu
DK,2044,max-electron,2542972.460969983,0.19562103206902168,decarbo-eu
DK,2045,max-electron,2324233.5188749535,0.1787942916056216,decarbo-eu
DK,2046,max-electron,2105494.5767799234,0.1619675511422215,decarbo-eu
DK,2047,max-electron,1886755.6346848938,0.14514081067882142,decarbo-eu
DK,2048,max-electron,1668016.6925898637,0.12831407021542132,decarbo-eu
DK,2049,max-electron,1449277.7504948345,0.11148732975202129,decarbo-eu
DK,2050,max-electron,1230538.8083998044,0.09466058928862119,decarbo-eu
EE,2019,max-electron,0.0,1.0,decarbo-eu
EE,2020,max-electron,0.0,1.0,decarbo-eu
EE,2021,max-electron,0.0,1.0,decarbo-eu
EE,2022,max-electron,0.0,1.0,decarbo-eu
EE,2023,max-electron,0.0,1.0,decarbo-eu
EE,2024,max-electron,0.0,1.0,decarbo-eu
EE,2025,max-electron,0.0,1.0,decarbo-eu
EE,2026,max-electron,0.0,1.0,decarbo-eu
EE,2027,max-electron,0.0,1.0,decarbo-eu
EE,2028,max-electron,0.0,1.0,decarbo-eu
EE,2029,max-electron,0.0,1.0,decarbo-eu
EE,2030,max-electron,0.0,1.0,decarbo-eu
EE,2031,max-electron,0.0,1.0,decarbo-eu
EE,2032,max-electron,0.0,1.0,decarbo-eu
EE,2033,max-electron,0.0,1.0,decarbo-eu
EE,2034,max-electron,0.0,1.0,decarbo-eu
EE,2035,max-electron,0.0,1.0,decarbo-eu
EE,2036,max-electron,0.0,1.0,decarbo-eu
EE,2037,max-electron,0.0,1.0,decarbo-eu
EE,2038,max-electron,0.0,1.0,decarbo-eu
EE,2039,max-electron,0.0,1.0,decarbo-eu
EE,2040,max-electron,0.0,1.0,decarbo-eu
EE,2041,max-electron,0.0,1.0,decarbo-eu
EE,2042,max-electron,0.0,1.0,decarbo-eu
EE,2043,max-electron,0.0,1.0,decarbo-eu
EE,2044,max-electron,0.0,1.0,decarbo-eu
EE,2045,max-electron,0.0,1.0,decarbo-eu
EE,2046,max-electron,0.0,1.0,decarbo-eu
EE,2047,max-electron,0.0,1.0,decarbo-eu
EE,2048,max-electron,0.0,1.0,decarbo-eu
EE,2049,max-electron,0.0,1.0,decarbo-eu
EE,2050,max-electron,0.0,1.0,decarbo-eu
ES,2019,max-electron,12396281.169389509,1.0,decarbo-eu
ES,2020,max-electron,12396281.169389509,1.0,decarbo-eu
ES,2021,max-electron,12396281.169389509,1.0,decarbo-eu
ES,2022,max-electron,12396281.169389509,1.0,decarbo-eu
ES,2023,max-electron,12396281.169389509,1.0,decarbo-eu
ES,2024,max-electron,12396281.169389509,1.0,decarbo-eu
ES,2025,max-electron,11749639.555763893,0.9478358384430335,decarbo-eu
ES,2026,max-electron,11102997.942138279,0.8956716768860672,decarbo-eu
ES,2027,max-electron,10456356.328512665,0.8435075153291008,decarbo-eu
ES,2028,max-electron,9809714.714887049,0.7913433537721344,decarbo-eu
ES,2029,max-electron,9163073.101261435,0.739179192215168,decarbo-eu
ES,2030,max-electron,8516431.487635821,0.6870150306582017,decarbo-eu
ES,2031,max-electron,7990721.272869077,0.6446063269846438,decarbo-eu
ES,2032,max-electron,7465011.05810233,0.6021976233110858,decarbo-eu
ES,2033,max-electron,6939300.843335581,0.5597889196375276,decarbo-eu
ES,2034,max-electron,6413590.6285688365,0.5173802159639699,decarbo-eu
ES,2035,max-electron,5887880.413802091,0.47497151229041196,decarbo-eu
ES,2036,max-electron,5362170.199035343,0.4325628086168538,decarbo-eu
ES,2037,max-electron,4836459.984268596,0.39015410494329583,decarbo-eu
ES,2038,max-electron,4310749.76950185,0.34774540126973785,decarbo-eu
ES,2039,max-electron,3785039.5547351046,0.30533669759618,decarbo-eu
ES,2040,max-electron,3259329.3399683572,0.2629279939226219,decarbo-eu
ES,2041,max-electron,3050740.3340197066,0.24610125345922185,decarbo-eu
ES,2042,max-electron,2842151.328071055,0.22927451299582172,decarbo-eu
ES,2043,max-electron,2633562.322122405,0.2124477725324217,decarbo-eu
ES,2044,max-electron,2424973.316173754,0.19562103206902165,decarbo-eu
ES,2045,max-electron,2216384.3102251035,0.17879429160562157,decarbo-eu
ES,2046,max-electron,2007795.3042764529,0.16196755114222153,decarbo-eu
ES,2047,max-electron,1799206.2983278017,0.14514081067882142,decarbo-eu
ES,2048,max-electron,1590617.2923791504,0.12831407021542132,decarbo-eu
ES,2049,max-electron,1382028.2864305002,0.11148732975202129,decarbo-eu
ES,2050,max-electron,1173439.2804818489,0.09466058928862117,decarbo-eu
FI,2019,max-electron,15932932.158211524,1.0,decarbo-eu
FI,2020,max-electron,15932932.158211524,1.0,decarbo-eu
FI,2021,max-electron,15932932.158211524,1.0,decarbo-eu
FI,2022,max-electron,15932932.158211524,1.0,decarbo-eu
FI,2023,max-electron,15932932.158211524,1.0,decarbo-eu
FI,2024,max-electron,15932932.158211524,1.0,decarbo-eu
FI,2025,max-electron,15101804.11103439,0.9478358384430334,decarbo-eu
FI,2026,max-electron,14270676.063857261,0.8956716768860672,decarbo-eu
FI,2027,max-electron,13439548.016680133,0.843507515329101,decarbo-eu
FI,2028,max-electron,12608419.969502999,0.7913433537721344,decarbo-eu
FI,2029,max-electron,11777291.92232587,0.7391791922151681,decarbo-eu
FI,2030,max-electron,10946163.875148736,0.6870150306582016,decarbo-eu
FI,2031,max-electron,10270468.876600245,0.6446063269846438,decarbo-eu
FI,2032,max-electron,9594773.87805175,0.602197623311086,decarbo-eu
FI,2033,max-electron,8919078.879503252,0.5597889196375277,decarbo-eu
FI,2034,max-electron,8243383.880954757,0.5173802159639698,decarbo-eu
FI,2035,max-electron,7567688.882406265,0.47497151229041196,decarbo-eu
FI,2036,max-electron,6891993.883857767,0.4325628086168538,decarbo-eu
FI,2037,max-electron,6216298.885309272,0.3901541049432959,decarbo-eu
FI,2038,max-electron,5540603.886760777,0.34774540126973785,decarbo-eu
FI,2039,max-electron,4864908.888212283,0.30533669759618,decarbo-eu
FI,2040,max-electron,4189213.8896637876,0.26292799392262195,decarbo-eu
FI,2041,max-electron,3921114.575416601,0.24610125345922185,decarbo-eu
FI,2042,max-electron,3653015.261169414,0.22927451299582174,decarbo-eu
FI,2043,max-electron,3384915.946922228,0.21244777253242167,decarbo-eu
FI,2044,max-electron,3116816.632675043,0.19562103206902165,decarbo-eu
FI,2045,max-electron,2848717.318427857,0.1787942916056216,decarbo-eu
FI,2046,max-electron,2580618.0041806707,0.1619675511422215,decarbo-eu
FI,2047,max-electron,2312518.6899334844,0.14514081067882142,decarbo-eu
FI,2048,max-electron,2044419.3756862977,0.12831407021542132,decarbo-eu
FI,2049,max-electron,1776320.0614391123,0.11148732975202129,decarbo-eu
FI,2050,max-electron,1508220.747191926,0.0946605892886212,decarbo-eu
FR,2019,max-electron,18499451.246775575,1.0,decarbo-eu
FR,2020,max-electron,18499451.246775575,1.0,decarbo-eu
FR,2021,max-electron,18499451.246775575,1.0,decarbo-eu
FR,2022,max-electron,18499451.246775575,1.0,decarbo-eu
FR,2023,max-electron,18499451.246775575,1.0,decarbo-eu
FR,2024,max-electron,18499451.246775575,1.0,decarbo-eu
FR,2025,max-electron,17534442.88322355,0.9478358384430335,decarbo-eu
FR,2026,max-electron,16569434.519671528,0.8956716768860673,decarbo-eu
FR,2027,max-electron,15604426.156119505,0.843507515329101,decarbo-eu
FR,2028,max-electron,14639417.792567477,0.7913433537721344,decarbo-eu
FR,2029,max-electron,13674409.429015456,0.7391791922151681,decarbo-eu
FR,2030,max-electron,12709401.06546343,0.6870150306582017,decarbo-eu
FR,2031,max-electron,11924863.319415493,0.6446063269846438,decarbo-eu
FR,2032,max-electron,11140325.573367555,0.6021976233110858,decarbo-eu
FR,2033,max-electron,10355787.827319615,0.5597889196375277,decarbo-eu
FR,2034,max-electron,9571250.08127168,0.51738021596397,decarbo-eu
FR,2035,max-electron,8786712.335223742,0.47497151229041196,decarbo-eu
FR,2036,max-electron,8002174.589175802,0.43256280861685387,decarbo-eu
FR,2037,max-electron,7217636.843127864,0.39015410494329594,decarbo-eu
FR,2038,max-electron,6433099.097079925,0.3477454012697379,decarbo-eu
FR,2039,max-electron,5648561.351031988,0.30533669759617993,decarbo-eu
FR,2040,max-electron,4864023.604984049,0.2629279939226219,decarbo-eu
FR,2041,max-electron,4552738.140139234,0.2461012534592219,decarbo-eu
FR,2042,max-electron,4241452.675294418,0.22927451299582177,decarbo-eu
FR,2043,max-electron,3930167.2104496025,0.2124477725324217,decarbo-eu
FR,2044,max-electron,3618881.745604788,0.19562103206902168,decarbo-eu
FR,2045,max-electron,3307596.280759972,0.1787942916056216,decarbo-eu
FR,2046,max-electron,2996310.815915156,0.1619675511422215,decarbo-eu
FR,2047,max-electron,2685025.3510703407,0.14514081067882142,decarbo-eu
FR,2048,max-electron,2373739.8862255244,0.1283140702154213,decarbo-eu
FR,2049,max-electron,2062454.42138071,0.1114873297520213,decarbo-eu
FR,2050,max-electron,1751168.9565358942,0.0946605892886212,decarbo-eu
GR,2019,max-electron,20491792.003439378,1.0,decarbo-eu
GR,2020,max-electron,20491792.003439378,1.0,decarbo-eu
GR,2021,max-electron,20491792.003439378,1.0,decarbo-eu
GR,2022,max-electron,20491792.003439378,1.0,decarbo-eu
GR,2023,max-electron,20491792.003439378,1.0,decarbo-eu
GR,2024,max-electron,20491792.003439378,1.0,decarbo-eu
GR,2025,max-electron,19422854.854780212,0.9478358384430335,decarbo-eu
GR,2026,max-electron,18353917.70612105,0.8956716768860672,decarbo-eu
GR,2027,max-electron,17284980.557461888,0.8435075153291008,decarbo-eu
GR,2028,max-electron,16216043.40880272,0.7913433537721343,decarbo-eu
GR,2029,max-electron,15147106.260143563,0.7391791922151683,decarbo-eu
GR,2030,max-electron,14078169.111484395,0.6870150306582017,decarbo-eu
GR,2031,max-electron,13209138.776670352,0.6446063269846437,decarbo-eu
GR,2032,max-electron,12340108.441856308,0.6021976233110858,decarbo-eu
GR,2033,max-electron,11471078.10704226,0.5597889196375277,decarbo-eu
GR,2034,max-electron,10602047.772228215,0.5173802159639698,decarbo-eu
GR,2035,max-electron,9733017.437414171,0.4749715122904119,decarbo-eu
GR,2036,max-electron,8863987.102600122,0.43256280861685376,decarbo-eu
GR,2037,max-electron,7994956.767786079,0.3901541049432959,decarbo-eu
GR,2038,max-electron,7125926.432972033,0.3477454012697379,decarbo-eu
GR,2039,max-electron,6256896.098157989,0.30533669759618,decarbo-eu
GR,2040,max-electron,5387865.763343941,0.26292799392262195,decarbo-eu
GR,2041,max-electron,5043055.6976720905,0.24610125345922187,decarbo-eu
GR,2042,max-electron,4698245.632000238,0.22927451299582174,decarbo-eu
GR,2043,max-electron,4353435.566328387,0.2124477725324217,decarbo-eu
GR,2044,max-electron,4008625.5006565363,0.19562103206902168,decarbo-eu
GR,2045,max-electron,3663815.434984685,0.1787942916056216,decarbo-eu
GR,2046,max-electron,3319005.369312833,0.1619675511422215,decarbo-eu
GR,2047,max-electron,2974195.303640981,0.1451408106788214,decarbo-eu
GR,2048,max-electron,2629385.2379691293,0.12831407021542132,decarbo-eu
GR,2049,max-electron,2284575.172297279,0.11148732975202129,decarbo-eu
GR,2050,max-electron,1939765.1066254273,0.0946605892886212,decarbo-eu
HR,2019,max-electron,0.0,1.0,decarbo-eu
HR,2020,max-electron,0.0,1.0,decarbo-eu
HR,2021,max-electron,0.0,1.0,decarbo-eu
HR,2022,max-electron,0.0,1.0,decarbo-eu
HR,2023,max-electron,0.0,1.0,decarbo-eu
HR,2024,max-electron,0.0,1.0,decarbo-eu
HR,2025,max-electron,0.0,1.0,decarbo-eu
HR,2026,max-electron,0.0,1.0,decarbo-eu
HR,2027,max-electron,0.0,1.0,decarbo-eu
HR,2028,max-electron,0.0,1.0,decarbo-eu
HR,2029,max-electron,0.0,1.0,decarbo-eu
HR,2030,max-electron,0.0,1.0,decarbo-eu
HR,2031,max-electron,0.0,1.0,decarbo-eu
HR,2032,max-electron,0.0,1.0,decarbo-eu
HR,2033,max-electron,0.0,1.0,decarbo-eu
HR,2034,max-electron,0.0,1.0,decarbo-eu
HR,2035,max-electron,0.0,1.0,decarbo-eu
HR,2036,max-electron,0.0,1.0,decarbo-eu
HR,2037,max-electron,0.0,1.0,decarbo-eu
HR,2038,max-electron,0.0,1.0,decarbo-eu
HR,2039,max-electron,0.0,1.0,decarbo-eu
HR,2040,max-electron,0.0,1.0,decarbo-eu
HR,2041,max-electron,0.0,1.0,decarbo-eu
HR,2042,max-electron,0.0,1.0,decarbo-eu
HR,2043,max-electron,0.0,1.0,decarbo-eu
HR,2044,max-electron,0.0,1.0,decarbo-eu
HR,2045,max-electron,0.0,1.0,decarbo-eu
HR,2046,max-electron,0.0,1.0,decarbo-eu
HR,2047,max-electron,0.0,1.0,decarbo-eu
HR,2048,max-electron,0.0,1.0,decarbo-eu
HR,2049,max-electron,0.0,1.0,decarbo-eu
HR,2050,max-electron,0.0,1.0,decarbo-eu
HU,2019,max-electron,0.0,1.0,decarbo-eu
HU,2020,max-electron,0.0,1.0,decarbo-eu
HU,2021,max-electron,0.0,1.0,decarbo-eu
HU,2022,max-electron,0.0,1.0,decarbo-eu
HU,2023,max-electron,0.0,1.0,decarbo-eu
HU,2024,max-electron,0.0,1.0,decarbo-eu
HU,2025,max-electron,0.0,1.0,decarbo-eu
HU,2026,max-electron,0.0,1.0,decarbo-eu
HU,2027,max-electron,0.0,1.0,decarbo-eu
HU,2028,max-electron,0.0,1.0,decarbo-eu
HU,2029,max-electron,0.0,1.0,decarbo-eu
HU,2030,max-electron,0.0,1.0,decarbo-eu
HU,2031,max-electron,0.0,1.0,decarbo-eu
HU,2032,max-electron,0.0,1.0,decarbo-eu
HU,2033,max-electron,0.0,1.0,decarbo-eu
HU,2034,max-electron,0.0,1.0,decarbo-eu
HU,2035,max-electron,0.0,1.0,decarbo-eu
HU,2036,max-electron,0.0,1.0,decarbo-eu
HU,2037,max-electron,0.0,1.0,decarbo-eu
HU,2038,max-electron,0.0,1.0,decarbo-eu
HU,2039,max-electron,0.0,1.0,decarbo-eu
HU,2040,max-electron,0.0,1.0,decarbo-eu
HU,2041,max-electron,0.0,1.0,decarbo-eu
HU,2042,max-electron,0.0,1.0,decarbo-eu
HU,2043,max-electron,0.0,1.0,decarbo-eu
HU,2044,max-electron,0.0,1.0,decarbo-eu
HU,2045,max-electron,0.0,1.0,decarbo-eu
HU,2046,max-electron,0.0,1.0,decarbo-eu
HU,2047,max-electron,0.0,1.0,decarbo-eu
HU,2048,max-electron,0.0,1.0,decarbo-eu
HU,2049,max-electron,0.0,1.0,decarbo-eu
HU,2050,max-electron,0.0,1.0,decarbo-eu
IE,2019,max-electron,824310.2321582115,1.0,decarbo-eu
IE,2020,max-electron,824310.2321582115,1.0,decarbo-eu
IE,2021,max-electron,824310.2321582115,1.0,decarbo-eu
IE,2022,max-electron,824310.2321582115,1.0,decarbo-eu
IE,2023,max-electron,824310.2321582115,1.0,decarbo-eu
IE,2024,max-electron,824310.2321582115,1.0,decarbo-eu
IE,2025,max-electron,781310.78003485,0.9478358384430334,decarbo-eu
IE,2026,max-electron,738311.3279114887,0.8956716768860672,decarbo-eu
IE,2027,max-electron,695311.8757881274,0.8435075153291011,decarbo-eu
IE,2028,max-electron,652312.4236647658,0.7913433537721344,decarbo-eu
IE,2029,max-electron,609312.9715414045,0.7391791922151681,decarbo-eu
IE,2030,max-electron,566313.519418043,0.6870150306582016,decarbo-eu
IE,2031,max-electron,531355.5910473637,0.6446063269846437,decarbo-eu
IE,2032,max-electron,496397.6626766844,0.6021976233110858,decarbo-eu
IE,2033,max-electron,461439.73430600495,0.5597889196375277,decarbo-eu
IE,2034,max-electron,426481.8059353256,0.5173802159639699,decarbo-eu
IE,2035,max-electron,391523.8775646463,0.47497151229041196,decarbo-eu
IE,2036,max-electron,356565.94919396675,0.43256280861685376,decarbo-eu
IE,2037,max-electron,321608.0208232875,0.39015410494329594,decarbo-eu
IE,2038,max-electron,286650.09245260805,0.34774540126973785,decarbo-eu
IE,2039,max-electron,251692.16408192873,0.30533669759618,decarbo-eu
IE,2040,max-electron,216734.23571124932,0.26292799392262195,decarbo-eu
IE,2041,max-electron,202863.78137339803,0.24610125345922185,decarbo-eu
IE,2042,max-electron,188993.3270355467,0.22927451299582174,decarbo-eu
IE,2043,max-electron,175122.87269769545,0.2124477725324217,decarbo-eu
IE,2044,max-electron,161252.4183598442,0.19562103206902165,decarbo-eu
IE,2045,max-electron,147381.9640219929,0.17879429160562157,decarbo-eu
IE,2046,max-electron,133511.5096841416,0.1619675511422215,decarbo-eu
IE,2047,max-electron,119641.05534629032,0.14514081067882142,decarbo-eu
IE,2048,max-electron,105770.60100843901,0.12831407021542132,decarbo-eu
IE,2049,max-electron,91900.14667058775,0.11148732975202129,decarbo-eu
IE,2050,max-electron,78029.69233273645,0.0946605892886212,decarbo-eu
IT,2019,max-electron,23058899.226139292,1.0,decarbo-eu
IT,2020,max-electron,23058899.226139292,1.0,decarbo-eu
IT,2021,max-electron,23058899.226139292,1.0,decarbo-eu
IT,2022,max-electron,23058899.226139292,1.0,decarbo-eu
IT,2023,max-electron,23058899.226139292,1.0,decarbo-eu
IT,2024,max-electron,23058899.226139292,1.0,decarbo-eu
IT,2025,max-electron,21856051.081581153,0.9478358384430335,decarbo-eu
IT,2026,max-electron,20653202.93702302,0.8956716768860674,decarbo-eu
IT,2027,max-electron,19450354.792464886,0.8435075153291011,decarbo-eu
IT,2028,max-electron,18247506.647906743,0.7913433537721345,decarbo-eu
IT,2029,max-electron,17044658.503348608,0.7391791922151681,decarbo-eu
IT,2030,max-electron,15841810.35879047,0.6870150306582018,decarbo-eu
IT,2031,max-electron,14863912.334470695,0.6446063269846438,decarbo-eu
IT,2032,max-electron,13886014.31015092,0.602197623311086,decarbo-eu
IT,2033,max-electron,12908116.28583114,0.5597889196375279,decarbo-eu
IT,2034,max-electron,11930218.261511367,0.51738021596397,decarbo-eu
IT,2035,max-electron,10952320.237191591,0.474971512290412,decarbo-eu
IT,2036,max-electron,9974422.21287181,0.43256280861685387,decarbo-eu
IT,2037,max-electron,8996524.188552033,0.3901541049432959,decarbo-eu
IT,2038,max-electron,8018626.164232258,0.34774540126973796,decarbo-eu
IT,2039,max-electron,7040728.139912481,0.30533669759618,decarbo-eu
IT,2040,max-electron,6062830.115592703,0.26292799392262195,decarbo-eu
IT,2041,max-electron,5674824.002942761,0.2461012534592219,decarbo-eu
IT,2042,max-electron,5286817.890292818,0.22927451299582177,decarbo-eu
IT,2043,max-electron,4898811.777642875,0.2124477725324217,decarbo-eu
IT,2044,max-electron,4510805.664992934,0.1956210320690217,decarbo-eu
IT,2045,max-electron,4122799.5523429913,0.17879429160562163,decarbo-eu
IT,2046,max-electron,3734793.4396930477,0.1619675511422215,decarbo-eu
IT,2047,max-electron,3346787.327043105,0.14514081067882142,decarbo-eu
IT,2048,max-electron,2958781.2143931617,0.12831407021542132,decarbo-eu
IT,2049,max-electron,2570775.10174322,0.11148732975202129,decarbo-eu
IT,2050,max-electron,2182768.9890932767,0.0946605892886212,decarbo-eu
LT,2019,max-electron,0.0,1.0,decarbo-eu
LT,2020,max-electron,0.0,1.0,decarbo-eu
LT,2021,max-electron,0.0,1.0,decarbo-eu
LT,2022,max-electron,0.0,1.0,decarbo-eu
LT,2023,max-electron,0.0,1.0,decarbo-eu
LT,2024,max-electron,0.0,1.0,decarbo-eu
LT,2025,max-electron,0.0,1.0,decarbo-eu
LT,2026,max-electron,0.0,1.0,decarbo-eu
LT,2027,max-electron,0.0,1.0,decarbo-eu
LT,2028,max-electron,0.0,1.0,decarbo-eu
LT,2029,max-electron,0.0,1.0,decarbo-eu
LT,2030,max-electron,0.0,1.0,decarbo-eu
LT,2031,max-electron,0.0,1.0,decarbo-eu
LT,2032,max-electron,0.0,1.0,decarbo-eu
LT,2033,max-electron,0.0,1.0,decarbo-eu
LT,2034,max-electron,0.0,1.0,decarbo-eu
LT,2035,max-electron,0.0,1.0,decarbo-eu
LT,2036,max-electron,0.0,1.0,decarbo-eu
LT,2037,max-electron,0.0,1.0,decarbo-eu
LT,2038,max-electron,0.0,1.0,decarbo-eu
LT,2039,max-electron,0.0,1.0,decarbo-eu
LT,2040,max-electron,0.0,1.0,decarbo-eu
LT,2041,max-electron,0.0,1.0,decarbo-eu
LT,2042,max-electron,0.0,1.0,decarbo-eu
LT,2043,max-electron,0.0,1.0,decarbo-eu
LT,2044,max-electron,0.0,1.0,decarbo-eu
LT,2045,max-electron,0.0,1.0,decarbo-eu
LT,2046,max-electron,0.0,1.0,decarbo-eu
LT,2047,max-electron,0.0,1.0,decarbo-eu
LT,2048,max-electron,0.0,1.0,decarbo-eu
LT,2049,max-electron,0.0,1.0,decarbo-eu
LT,2050,max-electron,0.0,1.0,decarbo-eu
LU,2019,max-electron,0.0,1.0,decarbo-eu
LU,2020,max-electron,0.0,1.0,decarbo-eu
LU,2021,max-electron,0.0,1.0,decarbo-eu
LU,2022,max-electron,0.0,1.0,decarbo-eu
LU,2023,max-electron,0.0,1.0,decarbo-eu
LU,2024,max-electron,0.0,1.0,decarbo-eu
LU,2025,max-electron,0.0,1.0,decarbo-eu
LU,2026,max-electron,0.0,1.0,decarbo-eu
LU,2027,max-electron,0.0,1.0,decarbo-eu
LU,2028,max-electron,0.0,1.0,decarbo-eu
LU,2029,max-electron,0.0,1.0,decarbo-eu
LU,2030,max-electron,0.0,1.0,decarbo-eu
LU,2031,max-electron,0.0,1.0,decarbo-eu
LU,2032,max-electron,0.0,1.0,decarbo-eu
LU,2033,max-electron,0.0,1.0,decarbo-eu
LU,2034,max-electron,0.0,1.0,decarbo-eu
LU,2035,max-electron,0.0,1.0,decarbo-eu
LU,2036,max-electron,0.0,1.0,decarbo-eu
LU,2037,max-electron,0.0,1.0,decarbo-eu
LU,2038,max-electron,0.0,1.0,decarbo-eu
LU,2039,max-electron,0.0,1.0,decarbo-eu
LU,2040,max-electron,0.0,1.0,decarbo-eu
LU,2041,max-electron,0.0,1.0,decarbo-eu
LU,2042,max-electron,0.0,1.0,decarbo-eu
LU,2043,max-electron,0.0,1.0,decarbo-eu
LU,2044,max-electron,0.0,1.0,decarbo-eu
LU,2045,max-electron,0.0,1.0,decarbo-eu
LU,2046,max-electron,0.0,1.0,decarbo-eu
LU,2047,max-electron,0.0,1.0,decarbo-eu
LU,2048,max-electron,0.0,1.0,decarbo-eu
LU,2049,max-electron,0.0,1.0,decarbo-eu
LU,2050,max-electron,0.0,1.0,decarbo-eu
LV,2019,max-electron,0.0,1.0,decarbo-eu
LV,2020,max-electron,0.0,1.0,decarbo-eu
LV,2021,max-electron,0.0,1.0,decarbo-eu
LV,2022,max-electron,0.0,1.0,decarbo-eu
LV,2023,max-electron,0.0,1.0,decarbo-eu
LV,2024,max-electron,0.0,1.0,decarbo-eu
LV,2025,max-electron,0.0,1.0,decarbo-eu
LV,2026,max-electron,0.0,1.0,decarbo-eu
LV,2027,max-electron,0.0,1.0,decarbo-eu
LV,2028,max-electron,0.0,1.0,decarbo-eu
LV,2029,max-electron,0.0,1.0,decarbo-eu
LV,2030,max-electron,0.0,1.0,decarbo-eu
LV,2031,max-electron,0.0,1.0,decarbo-eu
LV,2032,max-electron,0.0,1.0,decarbo-eu
LV,2033,max-electron,0.0,1.0,decarbo-eu
LV,2034,max-electron,0.0,1.0,decarbo-eu
LV,2035,max-electron,0.0,1.0,decarbo-eu
LV,2036,max-electron,0.0,1.0,decarbo-eu
LV,2037,max-electron,0.0,1.0,decarbo-eu
LV,2038,max-electron,0.0,1.0,decarbo-eu
LV,2039,max-electron,0.0,1.0,decarbo-eu
LV,2040,max-electron,0.0,1.0,decarbo-eu
LV,2041,max-electron,0.0,1.0,decarbo-eu
LV,2042,max-electron,0.0,1.0,decarbo-eu
LV,2043,max-electron,0.0,1.0,decarbo-eu
LV,2044,max-electron,0.0,1.0,decarbo-eu
LV,2045,max-electron,0.0,1.0,decarbo-eu
LV,2046,max-electron,0.0,1.0,decarbo-eu
LV,2047,max-electron,0.0,1.0,decarbo-eu
LV,2048,max-electron,0.0,1.0,decarbo-eu
LV,2049,max-electron,0.0,1.0,decarbo-eu
LV,2050,max-electron,0.0,1.0,decarbo-eu
MT,2019,max-electron,0.0,1.0,decarbo-eu
MT,2020,max-electron,0.0,1.0,decarbo-eu
MT,2021,max-electron,0.0,1.0,decarbo-eu
MT,2022,max-electron,0.0,1.0,decarbo-eu
MT,2023,max-electron,0.0,1.0,decarbo-eu
MT,2024,max-electron,0.0,1.0,decarbo-eu
MT,2025,max-electron,0.0,1.0,decarbo-eu
MT,2026,max-electron,0.0,1.0,decarbo-eu
MT,2027,max-electron,0.0,1.0,decarbo-eu
MT,2028,max-electron,0.0,1.0,decarbo-eu
MT,2029,max-electron,0.0,1.0,decarbo-eu
MT,2030,max-electron,0.0,1.0,decarbo-eu
MT,2031,max-electron,0.0,1.0,decarbo-eu
MT,2032,max-electron,0.0,1.0,decarbo-eu
MT,2033,max-electron,0.0,1.0,decarbo-eu
MT,2034,max-electron,0.0,1.0,decarbo-eu
MT,2035,max-electron,0.0,1.0,decarbo-eu
MT,2036,max-electron,0.0,1.0,decarbo-eu
MT,2037,max-electron,0.0,1.0,decarbo-eu
MT,2038,max-electron,0.0,1.0,decarbo-eu
MT,2039,max-electron,0.0,1.0,decarbo-eu
MT,2040,max-electron,0.0,1.0,decarbo-eu
MT,2041,max-electron,0.0,1.0,decarbo-eu
MT,2042,max-electron,0.0,1.0,decarbo-eu
MT,2043,max-electron,0.0,1.0,decarbo-eu
MT,2044,max-electron,0.0,1.0,decarbo-eu
MT,2045,max-electron,0.0,1.0,decarbo-eu
MT,2046,max-electron,0.0,1.0,decarbo-eu
MT,2047,max-electron,0.0,1.0,decarbo-eu
MT,2048,max-electron,0.0,1.0,decarbo-eu
MT,2049,max-electron,0.0,1.0,decarbo-eu
MT,2050,max-electron,0.0,1.0,decarbo-eu
NL,2019,max-electron,33422459.587274287,1.0,decarbo-eu
NL,2020,max-electron,33422459.587274287,1.0,decarbo-eu
NL,2021,max-electron,33422459.587274287,1.0,decarbo-eu
NL,2022,max-electron,33422459.587274287,1.0,decarbo-eu
NL,2023,max-electron,33422459.587274287,1.0,decarbo-eu
NL,2024,max-electron,33422459.587274287,1.0,decarbo-eu
NL,2025,max-electron,31679005.005732525,0.9478358384430334,decarbo-eu
NL,2026,max-electron,29935550.424190775,0.8956716768860672,decarbo-eu
NL,2027,max-electron,28192095.84264902,0.8435075153291008,decarbo-eu
NL,2028,max-electron,26448641.261107262,0.7913433537721344,decarbo-eu
NL,2029,max-electron,24705186.67956551,0.7391791922151683,decarbo-eu
NL,2030,max-electron,22961732.09802375,0.6870150306582017,decarbo-eu
NL,2031,max-electron,21544328.91334557,0.6446063269846438,decarbo-eu
NL,2032,max-electron,20126925.728667393,0.602197623311086,decarbo-eu
NL,2033,max-electron,18709522.5439892,0.5597889196375276,decarbo-eu
NL,2034,max-electron,17292119.359311026,0.5173802159639699,decarbo-eu
NL,2035,max-electron,15874716.174632845,0.47497151229041196,decarbo-eu
NL,2036,max-electron,14457312.98995466,0.43256280861685387,decarbo-eu
NL,2037,max-electron,13039909.805276478,0.3901541049432959,decarbo-eu
NL,2038,max-electron,11622506.620598296,0.3477454012697379,decarbo-eu
NL,2039,max-electron,10205103.435920114,0.30533669759617993,decarbo-eu
NL,2040,max-electron,8787700.25124193,0.2629279939226219,decarbo-eu
NL,2041,max-electron,8225309.19811839,0.24610125345922187,decarbo-eu
NL,2042,max-electron,7662918.144994846,0.22927451299582174,decarbo-eu
NL,2043,max-electron,7100527.091871304,0.2124477725324217,decarbo-eu
NL,2044,max-electron,6538136.038747764,0.19562103206902168,decarbo-eu
NL,2045,max-electron,5975744.985624222,0.1787942916056216,decarbo-eu
NL,2046,max-electron,5413353.932500679,0.1619675511422215,decarbo-eu
NL,2047,max-electron,4850962.879377137,0.14514081067882142,decarbo-eu
NL,2048,max-electron,4288571.826253594,0.1283140702154213,decarbo-eu
NL,2049,max-electron,3726180.7731300537,0.11148732975202129,decarbo-eu
NL,2050,max-electron,3163789.7200065115,0.09466058928862121,decarbo-eu
PL,2019,max-electron,1883472.4849527082,1.0,decarbo-eu
PL,2020,max-electron,1883472.4849527082,1.0,decarbo-eu
PL,2021,max-electron,1883472.4849527082,1.0,decarbo-eu
PL,2022,max-electron,1883472.4849527082,1.0,decarbo-eu
PL,2023,max-electron,1883472.4849527082,1.0,decarbo-eu
PL,2024,max-electron,1883472.4849527082,1.0,decarbo-eu
PL,2025,max-electron,1785222.721959534,0.9478358384430335,decarbo-eu
PL,2026,max-electron,1686972.95896636,0.8956716768860671,decarbo-eu
PL,2027,max-electron,1588723.1959731863,0.8435075153291008,decarbo-eu
PL,2028,max-electron,1490473.4329800121,0.7913433537721344,decarbo-eu
PL,2029,max-electron,1392223.6699868382,0.7391791922151681,decarbo-eu
PL,2030,max-electron,1293973.906993664,0.6870150306582017,decarbo-eu
PL,2031,max-electron,1214098.280502005,0.6446063269846438,decarbo-eu
PL,2032,max-electron,1134222.6540103457,0.6021976233110858,decarbo-eu
PL,2033,max-electron,1054347.0275186864,0.5597889196375277,decarbo-eu
PL,2034,max-electron,974471.401027027,0.5173802159639698,decarbo-eu
PL,2035,max-electron,894595.7745353677,0.4749715122904118,decarbo-eu
PL,2036,max-electron,814720.1480437082,0.4325628086168537,decarbo-eu
PL,2037,max-electron,734844.5215520492,0.3901541049432959,decarbo-eu
PL,2038,max-electron,654968.89506039,0.34774540126973796,decarbo-eu
PL,2039,max-electron,575093.2685687307,0.30533669759618,decarbo-eu
PL,2040,max-electron,495217.6420770713,0.26292799392262195,decarbo-eu
PL,2041,max-electron,463524.9394028169,0.24610125345922185,decarbo-eu
PL,2042,max-electron,431832.2367285624,0.22927451299582174,decarbo-eu
PL,2043,max-electron,400139.53405430797,0.21244777253242167,decarbo-eu
PL,2044,max-electron,368446.83138005366,0.19562103206902165,decarbo-eu
PL,2045,max-electron,336754.12870579923,0.17879429160562157,decarbo-eu
PL,2046,max-electron,305061.42603154475,0.16196755114222147,decarbo-eu
PL,2047,max-electron,273368.7233572903,0.1451408106788214,decarbo-eu
PL,2048,max-electron,241676.02068303587,0.12831407021542132,decarbo-eu
PL,2049,max-electron,209983.31800878153,0.11148732975202129,decarbo-eu
PL,2050,max-electron,178290.6153345271,0.09466058928862121,decarbo-eu
PT,2019,max-electron,493288.22012037825,1.0,decarbo-eu
PT,2020,max-electron,493288.22012037825,1.0,decarbo-eu
PT,2021,max-electron,493288.22012037825,1.0,decarbo-eu
PT,2022,max-electron,493288.22012037825,1.0,decarbo-eu
PT,2023,max-electron,493288.22012037825,1.0,decarbo-eu
PT,2024,max-electron,493288.22012037825,1.0,decarbo-eu
PT,2025,max-electron,467556.2537118704,0.9478358384430335,decarbo-eu
PT,2026,max-electron,441824.2873033627,0.8956716768860673,decarbo-eu
PT,2027,max-electron,416092.3208948549,0.843507515329101,decarbo-eu
PT,2028,max-electron,390360.354486347,0.7913433537721344,decarbo-eu
PT,2029,max-electron,364628.3880778392,0.7391791922151681,decarbo-eu
PT,2030,max-electron,338896.4216693313,0.6870150306582016,decarbo-eu
PT,2031,max-electron,317976.7077165895,0.6446063269846438,decarbo-eu
PT,2032,max-electron,297056.99376384757,0.602197623311086,decarbo-eu
PT,2033,max-electron,276137.2798111055,0.5597889196375277,decarbo-eu
PT,2034,max-electron,255217.56585836364,0.51738021596397,decarbo-eu
PT,2035,max-electron,234297.85190562168,0.47497151229041196,decarbo-eu
PT,2036,max-electron,213378.13795287962,0.4325628086168538,decarbo-eu
PT,2037,max-electron,192458.42400013772,0.39015410494329594,decarbo-eu
PT,2038,max-electron,171538.71004739573,0.3477454012697379,decarbo-eu
PT,2039,max-electron,150618.99609465382,0.30533669759618004,decarbo-eu
PT,2040,max-electron,129699.2821419118,0.26292799392262195,decarbo-eu
PT,2041,max-electron,121398.84928829366,0.2461012534592219,decarbo-eu
PT,2042,max-electron,113098.41643467544,0.22927451299582174,decarbo-eu
PT,2043,max-electron,104797.98358105725,0.21244777253242164,decarbo-eu
PT,2044,max-electron,96497.55072743914,0.19562103206902168,decarbo-eu
PT,2045,max-electron,88197.11787382097,0.1787942916056216,decarbo-eu
PT,2046,max-electron,79896.68502020279,0.1619675511422215,decarbo-eu
PT,2047,max-electron,71596.25216658461,0.14514081067882142,decarbo-eu
PT,2048,max-electron,63295.81931296642,0.12831407021542132,decarbo-eu
PT,2049,max-electron,54995.38645934828,0.1114873297520213,decarbo-eu
PT,2050,max-electron,46694.953605730094,0.0946605892886212,decarbo-eu
RO,2019,max-electron,0.0,1.0,decarbo-eu
RO,2020,max-electron,0.0,1.0,decarbo-eu
RO,2021,max-electron,0.0,1.0,decarbo-eu
RO,2022,max-electron,0.0,1.0,decarbo-eu
RO,2023,max-electron,0.0,1.0,decarbo-eu
RO,2024,max-electron,0.0,1.0,decarbo-eu
RO,2025,max-electron,0.0,1.0,decarbo-eu
RO,2026,max-electron,0.0,1.0,decarbo-eu
RO,2027,max-electron,0.0,1.0,decarbo-eu
RO,2028,max-electron,0.0,1.0,decarbo-eu
RO,2029,max-electron,0.0,1.0,decarbo-eu
RO,2030,max-electron,0.0,1.0,decarbo-eu
RO,2031,max-electron,0.0,1.0,decarbo-eu
RO,2032,max-electron,0.0,1.0,decarbo-eu
RO,2033,max-electron,0.0,1.0,decarbo-eu
RO,2034,max-electron,0.0,1.0,decarbo-eu
RO,2035,max-electron,0.0,1.0,decarbo-eu
RO,2036,max-electron,0.0,1.0,decarbo-eu
RO,2037,max-electron,0.0,1.0,decarbo-eu
RO,2038,max-electron,0.0,1.0,decarbo-eu
RO,2039,max-electron,0.0,1.0,decarbo-eu
RO,2040,max-electron,0.0,1.0,decarbo-eu
RO,2041,max-electron,0.0,1.0,decarbo-eu
RO,2042,max-electron,0.0,1.0,decarbo-eu
RO,2043,max-electron,0.0,1.0,decarbo-eu
RO,2044,max-electron,0.0,1.0,decarbo-eu
RO,2045,max-electron,0.0,1.0,decarbo-eu
RO,2046,max-electron,0.0,1.0,decarbo-eu
RO,2047,max-electron,0.0,1.0,decarbo-eu
RO,2048,max-electron,0.0,1.0,decarbo-eu
RO,2049,max-electron,0.0,1.0,decarbo-eu
RO,2050,max-electron,0.0,1.0,decarbo-eu
SE,2019,max-electron,22526710.5760963,1.0,decarbo-eu
SE,2020,max-electron,22526710.5760963,1.0,decarbo-eu
SE,2021,max-electron,22526710.5760963,1.0,decarbo-eu
SE,2022,max-electron,22526710.5760963,1.0,decarbo-eu
SE,2023,max-electron,22526710.5760963,1.0,decarbo-eu
SE,2024,max-electron,22526710.5760963,1.0,decarbo-eu
SE,2025,max-electron,21351623.60625779,0.9478358384430335,decarbo-eu
SE,2026,max-electron,20176536.63641928,0.8956716768860673,decarbo-eu
SE,2027,max-electron,19001449.66658077,0.843507515329101,decarbo-eu
SE,2028,max-electron,17826362.696742255,0.7913433537721344,decarbo-eu
SE,2029,max-electron,16651275.726903746,0.739179192215168,decarbo-eu
SE,2030,max-electron,15476188.757065237,0.6870150306582017,decarbo-eu
SE,2031,max-electron,14520860.163503565,0.6446063269846438,decarbo-eu
SE,2032,max-electron,13565531.569941891,0.6021976233110857,decarbo-eu
SE,2033,max-electron,12610202.976380216,0.5597889196375276,decarbo-eu
SE,2034,max-electron,11654874.382818548,0.5173802159639699,decarbo-eu
SE,2035,max-electron,10699545.789256878,0.474971512290412,decarbo-eu
SE,2036,max-electron,9744217.1956952,0.43256280861685376,decarbo-eu
SE,2037,max-electron,8788888.602133527,0.39015410494329583,decarbo-eu
SE,2038,max-electron,7833560.008571857,0.3477454012697379,decarbo-eu
SE,2039,max-electron,6878231.415010186,0.30533669759618,decarbo-eu
SE,2040,max-electron,5922902.821448511,0.26292799392262195,decarbo-eu
SE,2041,max-electron,5543851.70909041,0.24610125345922187,decarbo-eu
SE,2042,max-electron,5164800.596732306,0.22927451299582174,decarbo-eu
SE,2043,max-electron,4785749.484374205,0.2124477725324217,decarbo-eu
SE,2044,max-electron,4406698.372016104,0.19562103206902168,decarbo-eu
SE,2045,max-electron,4027647.2596580014,0.17879429160562157,decarbo-eu
SE,2046,max-electron,3648596.1472998993,0.1619675511422215,decarbo-eu
SE,2047,max-electron,3269545.034941797,0.14514081067882142,decarbo-eu
SE,2048,max-electron,2890493.9225836946,0.12831407021542132,decarbo-eu
SE,2049,max-electron,2511442.8102255934,0.11148732975202127,decarbo-eu
SE,2050,max-electron,2132391.6978674913,0.0946605892886212,decarbo-eu
SI,2019,max-electron,0.0,1.0,decarbo-eu
SI,2020,max-electron,0.0,1.0,decarbo-eu
SI,2021,max-electron,0.0,1.0,decarbo-eu
SI,2022,max-electron,0.0,1.0,decarbo-eu
SI,2023,max-electron,0.0,1.0,decarbo-eu
SI,2024,max-electron,0.0,1.0,decarbo-eu
SI,2025,max-electron,0.0,1.0,decarbo-eu
SI,2026,max-electron,0.0,1.0,decarbo-eu
SI,2027,max-electron,0.0,1.0,decarbo-eu
SI,2028,max-electron,0.0,1.0,decarbo-eu
SI,2029,max-electron,0.0,1.0,decarbo-eu
SI,2030,max-electron,0.0,1.0,decarbo-eu
SI,2031,max-electron,0.0,1.0,decarbo-eu
SI,2032,max-electron,0.0,1.0,decarbo-eu
SI,2033,max-electron,0.0,1.0,decarbo-eu
SI,2034,max-electron,0.0,1.0,decarbo-eu
SI,2035,max-electron,0.0,1.0,decarbo-eu
SI,2036,max-electron,0.0,1.0,decarbo-eu
SI,2037,max-electron,0.0,1.0,decarbo-eu
SI,2038,max-electron,0.0,1.0,decarbo-eu
SI,2039,max-electron,0.0,1.0,decarbo-eu
SI,2040,max-electron,0.0,1.0,decarbo-eu
SI,2041,max-electron,0.0,1.0,decarbo-eu
SI,2042,max-electron,0.0,1.0,decarbo-eu
SI,2043,max-electron,0.0,1.0,decarbo-eu
SI,2044,max-electron,0.0,1.0,decarbo-eu
SI,2045,max-electron,0.0,1.0,decarbo-eu
SI,2046,max-electron,0.0,1.0,decarbo-eu
SI,2047,max-electron,0.0,1.0,decarbo-eu
SI,2048,max-electron,0.0,1.0,decarbo-eu
SI,2049,max-electron,0.0,1.0,decarbo-eu
SI,2050,max-electron,0.0,1.0,decarbo-eu
SK,2019,max-electron,0.0,1.0,decarbo-eu
SK,2020,max-electron,0.0,1.0,decarbo-eu
SK,2021,max-electron,0.0,1.0,decarbo-eu
SK,2022,max-electron,0.0,1.0,decarbo-eu
SK,2023,max-electron,0.0,1.0,decarbo-eu
SK,2024,max-electron,0.0,1.0,decarbo-eu
SK,2025,max-electron,0.0,1.0,decarbo-eu
SK,2026,max-electron,0.0,1.0,decarbo-eu
SK,2027,max-electron,0.0,1.0,decarbo-eu
SK,2028,max-electron,0.0,1.0,decarbo-eu
SK,2029,max-electron,0.0,1.0,decarbo-eu
SK,2030,max-electron,0.0,1.0,decarbo-eu
SK,2031,max-electron,0.0,1.0,decarbo-eu
SK,2032,max-electron,0.0,1.0,decarbo-eu
SK,2033,max-electron,0.0,1.0,decarbo-eu
SK,2034,max-electron,0.0,1.0,decarbo-eu
SK,2035,max-electron,0.0,1.0,decarbo-eu
SK,2036,max-electron,0.0,1.0,decarbo-eu
SK,2037,max-electron,0.0,1.0,decarbo-eu
SK,2038,max-electron,0.0,1.0,decarbo-eu
SK,2039,max-electron,0.0,1.0,decarbo-eu
SK,2040,max-electron,0.0,1.0,decarbo-eu
SK,2041,max-electron,0.0,1.0,decarbo-eu
SK,2042,max-electron,0.0,1.0,decarbo-eu
SK,2043,max-electron,0.0,1.0,decarbo-eu
SK,2044,max-electron,0.0,1.0,decarbo-eu
SK,2045,max-electron,0.0,1.0,decarbo-eu
SK,2046,max-electron,0.0,1.0,decarbo-eu
SK,2047,max-electron,0.0,1.0,decarbo-eu
SK,2048,max-electron,0.0,1.0,decarbo-eu
SK,2049,max-electron,0.0,1.0,decarbo-eu
SK,2050,max-electron,0.0,1.0,decarbo-eu
