country,year,jet_fossil_kt_per_yr,jet_total_kt_per_yr,jet_esaf_kt_per_yr,h2_esaf_kt_per_yr
AT,2025,5719.466957312922,5719.466957312922,0.0,0.0
AT,2026,5719.466957312922,5719.466957312922,0.0,0.0
AT,2027,5719.466957312922,5719.466957312922,0.0,0.0
AT,2028,5719.466957312922,5719.466957312922,0.0,0.0
AT,2029,5719.466957312922,5719.466957312922,0.0,0.0
AT,2030,5719.466957312922,5719.466957312922,0.0,0.0
AT,2031,5719.466957312922,5719.466957312922,0.0,0.0
AT,2032,5719.466957312922,5719.466957312922,0.0,0.0
AT,2033,5562.7118171960365,5719.466957312922,156.75514011688574,78.37757005844287
AT,2034,5215.671025707315,5719.466957312922,503.7959316056076,251.8979658028038
AT,2035,4868.630234218592,5719.466957312922,850.8367230943304,425.4183615471652
AT,2036,4521.589442729871,5719.466957312922,1197.8775145830514,598.9387572915257
AT,2037,4174.548651241148,5719.466957312922,1544.9183060717742,772.4591530358871
AT,2038,3827.507859752426,5719.466957312922,1891.959097560496,945.979548780248
AT,2039,3480.467068263704,5719.466957312922,2238.9998890492184,1119.4999445246092
AT,2040,3133.4262767749824,5719.466957312922,2586.04068053794,1293.02034026897
AT,2041,2970.4679920759304,5719.466957312922,2748.998965236992,1374.499482618496
AT,2042,2807.509707376879,5719.466957312922,2911.9572499360434,1455.9786249680217
AT,2043,2644.551422677827,5719.466957312922,3074.9155346350954,1537.4577673175477
AT,2044,2481.593137978774,5719.466957312922,3237.8738193341483,1618.9369096670741
AT,2045,2318.634853279722,5719.466957312922,3400.8321040332003,1700.4160520166001
AT,2046,2155.67656858067,5719.466957312922,3563.7903887322523,1781.8951943661261
AT,2047,1992.7182838816184,5719.466957312922,3726.748673431304,1863.374336715652
AT,2048,1829.759999182566,5719.466957312922,3889.7069581303563,1944.8534790651781
AT,2049,1666.801714483514,5719.466957312922,4052.6652428294083,2026.3326214147041
AT,2050,1503.843429784462,5719.466957312922,4215.62352752846,2107.81176376423
BE,2025,56724.26361667727,56724.26361667727,0.0,0.0
BE,2026,56724.26361667727,56724.26361667727,0.0,0.0
BE,2027,56724.26361667727,56724.26361667727,0.0,0.0
BE,2028,56724.26361667727,56724.26361667727,0.0,0.0
BE,2029,56724.26361667727,56724.26361667727,0.0,0.0
BE,2030,56724.26361667727,56724.26361667727,0.0,0.0
BE,2031,56724.26361667727,56724.26361667727,0.0,0.0
BE,2032,56724.26361667727,56724.26361667727,0.0,0.0
BE,2033,55169.604772134015,56724.26361667727,1554.6588445432571,777.3294222716286
BE,2034,51727.739736621144,56724.26361667727,4996.523880056127,2498.2619400280637
BE,2035,48285.87470110825,56724.26361667727,8438.38891556902,4219.19445778451
BE,2036,44844.009665595375,56724.26361667727,11880.253951081897,5940.1269755409485
BE,2037,41402.14463008249,56724.26361667727,15322.118986594782,7661.059493297391
BE,2038,37960.279594569605,56724.26361667727,18763.984022107667,9381.992011053833
BE,2039,34518.41455905672,56724.26361667727,22205.84905762055,11102.924528810276
BE,2040,31076.549523543847,56724.26361667727,25647.714093133425,12823.857046566713
BE,2041,29460.36941991171,56724.26361667727,27263.894196765563,13631.947098382781
BE,2042,27844.18931627958,56724.26361667727,28880.074300397693,14440.037150198847
BE,2043,26228.00921264744,56724.26361667727,30496.25440402983,15248.127202014915
BE,2044,24611.8291090153,56724.26361667727,32112.434507661972,16056.217253830986
BE,2045,22995.64900538317,56724.26361667727,33728.614611294106,16864.307305647053
BE,2046,21379.46890175103,56724.26361667727,35344.79471492624,17672.39735746312
BE,2047,19763.288798118894,56724.26361667727,36960.974818558374,18480.487409279187
BE,2048,18147.108694486757,56724.26361667727,38577.154922190515,19288.577461095258
BE,2049,16530.928590854626,56724.26361667727,40193.33502582264,20096.66751291132
BE,2050,14914.748487222489,56724.26361667727,41809.51512945478,20904.75756472739
BG,2025,7969.168369226161,7969.168369226161,0.0,0.0
BG,2026,7969.168369226161,7969.168369226161,0.0,0.0
BG,2027,7969.168369226161,7969.168369226161,0.0,0.0
BG,2028,7969.168369226161,7969.168369226161,0.0,0.0
BG,2029,7969.168369226161,7969.168369226161,0.0,0.0
BG,2030,7969.168369226161,7969.168369226161,0.0,0.0
BG,2031,7969.168369226161,7969.168369226161,0.0,0.0
BG,2032,7969.168369226161,7969.168369226161,0.0,0.0
BG,2033,7750.75499020736,7969.168369226161,218.4133790188016,109.2066895094008
BG,2034,7267.208792807443,7969.168369226161,701.9595764187179,350.97978820935896
BG,2035,6783.662595407526,7969.168369226161,1185.5057738186351,592.7528869093176
BG,2036,6300.116398007609,7969.168369226161,1669.0519712185524,834.5259856092762
BG,2037,5816.570200607693,7969.168369226161,2152.5981686184687,1076.2990843092343
BG,2038,5333.024003207775,7969.168369226161,2636.144366018386,1318.072183009193
BG,2039,4849.477805807859,7969.168369226161,3119.690563418302,1559.845281709151
BG,2040,4365.931608407943,7969.168369226161,3603.2367608182185,1801.6183804091092
BG,2041,4138.875133107113,7969.168369226161,3830.2932361190487,1915.1466180595244
BG,2042,3911.8186578062823,7969.168369226161,4057.349711419879,2028.6748557099395
BG,2043,3684.762182505452,7969.168369226161,4284.406186720709,2142.2030933603546
BG,2044,3457.705707204621,7969.168369226161,4511.46266202154,2255.73133101077
BG,2045,3230.6492319037907,7969.168369226161,4738.519137322371,2369.2595686611853
BG,2046,3003.5927566029604,7969.168369226161,4965.575612623201,2482.7878063116004
BG,2047,2776.53628130213,7969.168369226161,5192.632087924031,2596.3160439620156
BG,2048,2549.4798060012995,7969.168369226161,5419.688563224861,2709.8442816124307
BG,2049,2322.4233307004693,7969.168369226161,5646.7450385256925,2823.3725192628463
BG,2050,2095.3668553996386,7969.168369226161,5873.801513826523,2936.9007569132614
CY,2025,0.0,0.0,0.0,0.0
CY,2026,0.0,0.0,0.0,0.0
CY,2027,0.0,0.0,0.0,0.0
CY,2028,0.0,0.0,0.0,0.0
CY,2029,0.0,0.0,0.0,0.0
CY,2030,0.0,0.0,0.0,0.0
CY,2031,0.0,0.0,0.0,0.0
CY,2032,0.0,0.0,0.0,0.0
CY,2033,0.0,0.0,0.0,0.0
CY,2034,0.0,0.0,0.0,0.0
CY,2035,0.0,0.0,0.0,0.0
CY,2036,0.0,0.0,0.0,0.0
CY,2037,0.0,0.0,0.0,0.0
CY,2038,0.0,0.0,0.0,0.0
CY,2039,0.0,0.0,0.0,0.0
CY,2040,0.0,0.0,0.0,0.0
CY,2041,0.0,0.0,0.0,0.0
CY,2042,0.0,0.0,0.0,0.0
CY,2043,0.0,0.0,0.0,0.0
CY,2044,0.0,0.0,0.0,0.0
CY,2045,0.0,0.0,0.0,0.0
CY,2046,0.0,0.0,0.0,0.0
CY,2047,0.0,0.0,0.0,0.0
CY,2048,0.0,0.0,0.0,0.0
CY,2049,0.0,0.0,0.0,0.0
CY,2050,0.0,0.0,0.0,0.0
CZ,2025,4147.287434189459,4147.287434189459,0.0,0.0
CZ,2026,4147.287434189459,4147.287434189459,0.0,0.0
CZ,2027,4147.287434189459,4147.287434189459,0.0,0.0
CZ,2028,4147.287434189459,4147.287434189459,0.0,0.0
CZ,2029,4147.287434189459,4147.287434189459,0.0,0.0
CZ,2030,4147.287434189459,4147.287434189459,0.0,0.0
CZ,2031,4147.287434189459,4147.287434189459,0.0,0.0
CZ,2032,4147.287434189459,4147.287434189459,0.0,0.0
CZ,2033,4033.621488096329,4147.287434189459,113.66594609313051,56.83297304656526
CZ,2034,3781.9760245532498,4147.287434189459,365.31140963620965,182.65570481810482
CZ,2035,3530.330561010169,4147.287434189459,616.9568731792906,308.4784365896453
CZ,2036,3278.685097467089,4147.287434189459,868.6023367223706,434.3011683611853
CZ,2037,3027.0396339240083,4147.287434189459,1120.2478002654511,560.1239001327256
CZ,2038,2775.394170380928,4147.287434189459,1371.8932638085316,685.9466319042658
CZ,2039,2523.7487068378477,4147.287434189459,1623.5387273516117,811.7693636758058
CZ,2040,2272.1032432947677,4147.287434189459,1875.1841908946917,937.5920954473459
CZ,2041,2153.9392865006257,4147.287434189459,1993.3481476888337,996.6740738444169
CZ,2042,2035.775329706484,4147.287434189459,2111.5121044829757,1055.7560522414879
CZ,2043,1917.611372912342,4147.287434189459,2229.6760612771177,1114.8380306385588
CZ,2044,1799.4474161181995,4147.287434189459,2347.8400180712597,1173.9200090356298
CZ,2045,1681.2834593240573,4147.287434189459,2466.003974865402,1233.001987432701
CZ,2046,1563.1195025299155,4147.287434189459,2584.1679316595437,1292.0839658297718
CZ,2047,1444.9555457357735,4147.287434189459,2702.3318884536857,1351.1659442268428
CZ,2048,1326.7915889416315,4147.287434189459,2820.4958452478277,1410.2479226239138
CZ,2049,1208.6276321474895,4147.287434189459,2938.6598020419697,1469.3299010209848
CZ,2050,1090.4636753533475,4147.287434189459,3056.8237588361117,1528.4118794180558
DE,2025,254305.11674591468,254305.11674591468,0.0,0.0
DE,2026,254305.11674591468,254305.11674591468,0.0,0.0
DE,2027,254305.11674591468,254305.11674591468,0.0,0.0
DE,2028,254305.11674591468,254305.11674591468,0.0,0.0
DE,2029,254305.11674591468,254305.11674591468,0.0,0.0
DE,2030,254305.11674591468,254305.11674591468,0.0,0.0
DE,2031,254305.11674591468,254305.11674591468,0.0,0.0
DE,2032,254305.11674591468,254305.11674591468,0.0,0.0
DE,2033,247335.3004141712,254305.11674591468,6969.8163317434955,3484.9081658717478
DE,2034,231904.79794710263,254305.11674591468,22400.318798812048,11200.159399406024
DE,2035,216474.29548003408,254305.11674591468,37830.8212658806,18915.4106329403
DE,2036,201043.79301296556,254305.11674591468,53261.323732949124,26630.661866474562
DE,2037,185613.290545897,254305.11674591468,68691.82620001768,34345.91310000884
DE,2038,170182.78807882845,254305.11674591468,84122.32866708623,42061.164333543114
DE,2039,154752.2856117599,254305.11674591468,99552.83113415478,49776.41556707739
DE,2040,139321.78314469138,254305.11674591468,114983.3336012233,57491.66680061165
DE,2041,132076.15589928528,254305.11674591468,122228.9608466294,61114.4804233147
DE,2042,124830.52865387918,254305.11674591468,129474.5880920355,64737.29404601775
DE,2043,117584.90140847307,254305.11674591468,136720.2153374416,68360.1076687208
DE,2044,110339.27416306696,254305.11674591468,143965.84258284772,71982.92129142386
DE,2045,103093.64691766084,254305.11674591468,151211.46982825384,75605.73491412692
DE,2046,95848.01967225476,254305.11674591468,158457.09707365994,79228.54853682997
DE,2047,88602.39242684869,254305.11674591468,165702.72431906598,82851.36215953299
DE,2048,81356.76518144258,254305.11674591468,172948.3515644721,86474.17578223605
DE,2049,74111.13793603647,254305.11674591468,180193.97880987823,90096.98940493912
DE,2050,66865.51069063037,254305.11674591468,187439.60605528433,93719.80302764216
DK,2025,44563.157700454685,44563.157700454685,0.0,0.0
DK,2026,44563.157700454685,44563.157700454685,0.0,0.0
DK,2027,44563.157700454685,44563.157700454685,0.0,0.0
DK,2028,44563.157700454685,44563.157700454685,0.0,0.0
DK,2029,44563.157700454685,44563.157700454685,0.0,0.0
DK,2030,44563.157700454685,44563.157700454685,0.0,0.0
DK,2031,44563.157700454685,44563.157700454685,0.0,0.0
DK,2032,44563.157700454685,44563.157700454685,0.0,0.0
DK,2033,43341.8019200084,44563.157700454685,1221.3557804462835,610.6778902231417
DK,2034,40637.83778575834,44563.157700454685,3925.319914696345,1962.6599573481726
DK,2035,37933.87365150826,44563.157700454685,6629.284048946429,3314.6420244732144
DK,2036,35229.90951725819,44563.157700454685,9333.248183196498,4666.624091598249
DK,2037,32525.94538300811,44563.157700454685,12037.212317446574,6018.606158723287
DK,2038,29821.98124875804,44563.157700454685,14741.176451696647,7370.588225848323
DK,2039,27118.01711450797,44563.157700454685,17445.140585946716,8722.570292973358
DK,2040,24414.0529802579,44563.157700454685,20149.104720196785,10074.552360098392
DK,2041,23144.365473740476,44563.157700454685,21418.79222671421,10709.396113357105
DK,2042,21874.67796722305,44563.157700454685,22688.479733231634,11344.239866615817
DK,2043,20604.990460705627,44563.157700454685,23958.16723974906,11979.08361987453
DK,2044,19335.3029541882,44563.157700454685,25227.854746266486,12613.927373133243
DK,2045,18065.61544767077,44563.157700454685,26497.542252783915,13248.771126391957
DK,2046,16795.927941153346,44563.157700454685,27767.22975930134,13883.61487965067
DK,2047,15526.240434635924,44563.157700454685,29036.91726581876,14518.45863290938
DK,2048,14256.552928118495,44563.157700454685,30306.60477233619,15153.302386168096
DK,2049,12986.865421601073,44563.157700454685,31576.292278853613,15788.146139426806
DK,2050,11717.177915083646,44563.157700454685,32845.97978537104,16422.98989268552
EE,2025,0.0,0.0,0.0,0.0
EE,2026,0.0,0.0,0.0,0.0
EE,2027,0.0,0.0,0.0,0.0
EE,2028,0.0,0.0,0.0,0.0
EE,2029,0.0,0.0,0.0,0.0
EE,2030,0.0,0.0,0.0,0.0
EE,2031,0.0,0.0,0.0,0.0
EE,2032,0.0,0.0,0.0,0.0
EE,2033,0.0,0.0,0.0,0.0
EE,2034,0.0,0.0,0.0,0.0
EE,2035,0.0,0.0,0.0,0.0
EE,2036,0.0,0.0,0.0,0.0
EE,2037,0.0,0.0,0.0,0.0
EE,2038,0.0,0.0,0.0,0.0
EE,2039,0.0,0.0,0.0,0.0
EE,2040,0.0,0.0,0.0,0.0
EE,2041,0.0,0.0,0.0,0.0
EE,2042,0.0,0.0,0.0,0.0
EE,2043,0.0,0.0,0.0,0.0
EE,2044,0.0,0.0,0.0,0.0
EE,2045,0.0,0.0,0.0,0.0
EE,2046,0.0,0.0,0.0,0.0
EE,2047,0.0,0.0,0.0,0.0
EE,2048,0.0,0.0,0.0,0.0
EE,2049,0.0,0.0,0.0,0.0
EE,2050,0.0,0.0,0.0,0.0
ES,2025,42495.335661962235,42495.335661962235,0.0,0.0
ES,2026,42495.335661962235,42495.335661962235,0.0,0.0
ES,2027,42495.335661962235,42495.335661962235,0.0,0.0
ES,2028,42495.335661962235,42495.335661962235,0.0,0.0
ES,2029,42495.335661962235,42495.335661962235,0.0,0.0
ES,2030,42495.335661962235,42495.335661962235,0.0,0.0
ES,2031,42495.335661962235,42495.335661962235,0.0,0.0
ES,2032,42495.335661962235,42495.335661962235,0.0,0.0
ES,2033,41330.6532980773,42495.335661962235,1164.6823638849382,582.3411819424691
ES,2034,38752.158652898885,42495.335661962235,3743.177009063351,1871.5885045316754
ES,2035,36173.66400772045,42495.335661962235,6321.671654241785,3160.8358271208926
ES,2036,33595.16936254204,42495.335661962235,8900.166299420198,4450.083149710099
ES,2037,31016.674717363618,42495.335661962235,11478.660944598618,5739.330472299309
ES,2038,28438.18007218519,42495.335661962235,14057.155589777045,7028.5777948885225
ES,2039,25859.685427006767,42495.335661962235,16635.65023495547,8317.825117477734
ES,2040,23281.19078182835,42495.335661962235,19214.144880133885,9607.072440066942
ES,2041,22070.41938322283,42495.335661962235,20424.916278739405,10212.458139369703
ES,2042,20859.647984617313,42495.335661962235,21635.687677344922,10817.843838672461
ES,2043,19648.876586011793,42495.335661962235,22846.459075950443,11423.229537975221
ES,2044,18438.105187406272,42495.335661962235,24057.230474555963,12028.615237277982
ES,2045,17227.33378880075,42495.335661962235,25268.001873161484,12634.000936580742
ES,2046,16016.562390195237,42495.335661962235,26478.773271767,13239.3866358835
ES,2047,14805.790991589716,42495.335661962235,27689.544670372517,13844.772335186259
ES,2048,13595.019592984196,42495.335661962235,28900.31606897804,14450.15803448902
ES,2049,12384.248194378675,42495.335661962235,30111.08746758356,15055.54373379178
ES,2050,11173.476795773156,42495.335661962235,31321.85886618908,15660.92943309454
FI,2025,54619.227403004734,54619.227403004734,0.0,0.0
FI,2026,54619.227403004734,54619.227403004734,0.0,0.0
FI,2027,54619.227403004734,54619.227403004734,0.0,0.0
FI,2028,54619.227403004734,54619.227403004734,0.0,0.0
FI,2029,54619.227403004734,54619.227403004734,0.0,0.0
FI,2030,54619.227403004734,54619.227403004734,0.0,0.0
FI,2031,54619.227403004734,54619.227403004734,0.0,0.0
FI,2032,54619.227403004734,54619.227403004734,0.0,0.0
FI,2033,53122.26191504316,54619.227403004734,1496.9654879615773,748.4827439807887
FI,2034,49808.12441763089,54619.227403004734,4811.102985373844,2405.551492686922
FI,2035,46493.9869202186,54619.227403004734,8125.240482786132,4062.620241393066
FI,2036,43179.84942280633,54619.227403004734,11439.377980198406,5719.688990099203
FI,2037,39865.711925394055,54619.227403004734,14753.51547761068,7376.75773880534
FI,2038,36551.57442798178,54619.227403004734,18067.652975022953,9033.826487511476
FI,2039,33237.43693056949,54619.227403004734,21381.79047243524,10690.89523621762
FI,2040,29923.299433157223,54619.227403004734,24695.92796984751,12347.963984923756
FI,2041,28367.095738720156,54619.227403004734,26252.131664284578,13126.065832142289
FI,2042,26810.89204428309,54619.227403004734,27808.335358721644,13904.167679360822
FI,2043,25254.68834984602,54619.227403004734,29364.539053158715,14682.269526579357
FI,2044,23698.48465540894,54619.227403004734,30920.742747595792,15460.371373797896
FI,2045,22142.28096097188,54619.227403004734,32476.946442032855,16238.473221016427
FI,2046,20586.07726653481,54619.227403004734,34033.15013646992,17016.57506823496
FI,2047,19029.873572097746,54619.227403004734,35589.353830906985,17794.676915453492
FI,2048,17473.669877660668,54619.227403004734,37145.55752534406,18572.77876267203
FI,2049,15917.466183223602,54619.227403004734,38701.76121978113,19350.880609890566
FI,2050,14361.262488786531,54619.227403004734,40257.9649142182,20128.9824571091
FR,2025,63417.43782281034,63417.43782281034,0.0,0.0
FR,2026,63417.43782281034,63417.43782281034,0.0,0.0
FR,2027,63417.43782281034,63417.43782281034,0.0,0.0
FR,2028,63417.43782281034,63417.43782281034,0.0,0.0
FR,2029,63417.43782281034,63417.43782281034,0.0,0.0
FR,2030,63417.43782281034,63417.43782281034,0.0,0.0
FR,2031,63417.43782281034,63417.43782281034,0.0,0.0
FR,2032,63417.43782281034,63417.43782281034,0.0,0.0
FR,2033,61679.337152597014,63417.43782281034,1738.1006702133236,869.0503351066618
FR,2034,57831.34957255255,63417.43782281034,5586.088250257788,2793.044125128894
FR,2035,53983.36199250806,63417.43782281034,9434.075830302281,4717.037915151141
FR,2036,50135.374412463585,63417.43782281034,13282.063410346753,6641.031705173376
FR,2037,46287.386832419106,63417.43782281034,17130.05099039123,8565.025495195616
FR,2038,42439.39925237462,63417.43782281034,20978.038570435718,10489.019285217859
FR,2039,38591.41167233014,63417.43782281034,24826.026150480197,12413.013075240098
FR,2040,34743.42409228566,63417.43782281034,28674.013730524675,14337.006865262338
FR,2041,32936.54296774304,63417.43782281034,30480.8948550673,15240.44742753365
FR,2042,31129.661843200414,63417.43782281034,32287.775979609924,16143.887989804962
FR,2043,29322.780718657796,63417.43782281034,34094.657104152546,17047.328552076273
FR,2044,27515.89959411516,63417.43782281034,35901.53822869518,17950.76911434759
FR,2045,25709.018469572537,63417.43782281034,37708.4193532378,18854.2096766189
FR,2046,23902.13734502991,63417.43782281034,39515.30047778043,19757.650238890215
FR,2047,22095.25622048729,63417.43782281034,41322.18160232305,20661.090801161525
FR,2048,20288.375095944662,63417.43782281034,43129.062726865675,21564.531363432838
FR,2049,18481.493971402037,63417.43782281034,44935.9438514083,22467.97192570415
FR,2050,16674.61284685941,63417.43782281034,46742.82497595093,23371.412487975464
GR,2025,70247.32398387147,70247.32398387147,0.0,0.0
GR,2026,70247.32398387147,70247.32398387147,0.0,0.0
GR,2027,70247.32398387147,70247.32398387147,0.0,0.0
GR,2028,70247.32398387147,70247.32398387147,0.0,0.0
GR,2029,70247.32398387147,70247.32398387147,0.0,0.0
GR,2030,70247.32398387147,70247.32398387147,0.0,0.0
GR,2031,70247.32398387147,70247.32398387147,0.0,0.0
GR,2032,70247.32398387147,70247.32398387147,0.0,0.0
GR,2033,68322.03458258408,70247.32398387147,1925.2894012873876,962.6447006436938
GR,2034,64059.62917010822,70247.32398387147,6187.694813763243,3093.8474068816213
GR,2035,59797.22375763235,70247.32398387147,10450.100226239112,5225.050113119556
GR,2036,55534.8183451565,70247.32398387147,14712.505638714967,7356.2528193574835
GR,2037,51272.41293268064,70247.32398387147,18974.911051190822,9487.455525595411
GR,2038,47010.007520204774,70247.32398387147,23237.31646366669,11618.658231833346
GR,2039,42747.60210772891,70247.32398387147,27499.721876142554,13749.860938071277
GR,2040,38485.19669525306,70247.32398387147,31762.12728861841,15881.063644309204
GR,2041,36483.71937113395,70247.32398387147,33763.604612737516,16881.802306368758
GR,2042,34482.24204701486,70247.32398387147,35765.08193685661,17882.540968428304
GR,2043,32480.764722895765,70247.32398387147,37766.5592609757,18883.27963048785
GR,2044,30479.287398776654,70247.32398387147,39768.036585094815,19884.018292547407
GR,2045,28477.810074657555,70247.32398387147,41769.513909213914,20884.756954606957
GR,2046,26476.332750538462,70247.32398387147,43770.991233333,21885.4956166665
GR,2047,24474.855426419363,70247.32398387147,45772.4685574521,22886.23427872605
GR,2048,22473.378102300256,70247.32398387147,47773.94588157121,23886.972940785607
GR,2049,20471.90077818116,70247.32398387147,49775.423205690306,24887.711602845153
GR,2050,18470.42345406206,70247.32398387147,51776.900529809405,25888.450264904703
HR,2025,0.0,0.0,0.0,0.0
HR,2026,0.0,0.0,0.0,0.0
HR,2027,0.0,0.0,0.0,0.0
HR,2028,0.0,0.0,0.0,0.0
HR,2029,0.0,0.0,0.0,0.0
HR,2030,0.0,0.0,0.0,0.0
HR,2031,0.0,0.0,0.0,0.0
HR,2032,0.0,0.0,0.0,0.0
HR,2033,0.0,0.0,0.0,0.0
HR,2034,0.0,0.0,0.0,0.0
HR,2035,0.0,0.0,0.0,0.0
HR,2036,0.0,0.0,0.0,0.0
HR,2037,0.0,0.0,0.0,0.0
HR,2038,0.0,0.0,0.0,0.0
HR,2039,0.0,0.0,0.0,0.0
HR,2040,0.0,0.0,0.0,0.0
HR,2041,0.0,0.0,0.0,0.0
HR,2042,0.0,0.0,0.0,0.0
HR,2043,0.0,0.0,0.0,0.0
HR,2044,0.0,0.0,0.0,0.0
HR,2045,0.0,0.0,0.0,0.0
HR,2046,0.0,0.0,0.0,0.0
HR,2047,0.0,0.0,0.0,0.0
HR,2048,0.0,0.0,0.0,0.0
HR,2049,0.0,0.0,0.0,0.0
HR,2050,0.0,0.0,0.0,0.0
HU,2025,0.0,0.0,0.0,0.0
HU,2026,0.0,0.0,0.0,0.0
HU,2027,0.0,0.0,0.0,0.0
HU,2028,0.0,0.0,0.0,0.0
HU,2029,0.0,0.0,0.0,0.0
HU,2030,0.0,0.0,0.0,0.0
HU,2031,0.0,0.0,0.0,0.0
HU,2032,0.0,0.0,0.0,0.0
HU,2033,0.0,0.0,0.0,0.0
HU,2034,0.0,0.0,0.0,0.0
HU,2035,0.0,0.0,0.0,0.0
HU,2036,0.0,0.0,0.0,0.0
HU,2037,0.0,0.0,0.0,0.0
HU,2038,0.0,0.0,0.0,0.0
HU,2039,0.0,0.0,0.0,0.0
HU,2040,0.0,0.0,0.0,0.0
HU,2041,0.0,0.0,0.0,0.0
HU,2042,0.0,0.0,0.0,0.0
HU,2043,0.0,0.0,0.0,0.0
HU,2044,0.0,0.0,0.0,0.0
HU,2045,0.0,0.0,0.0,0.0
HU,2046,0.0,0.0,0.0,0.0
HU,2047,0.0,0.0,0.0,0.0
HU,2048,0.0,0.0,0.0,0.0
HU,2049,0.0,0.0,0.0,0.0
HU,2050,0.0,0.0,0.0,0.0
IE,2025,2825.794246394811,2825.794246394811,0.0,0.0
IE,2026,2825.794246394811,2825.794246394811,0.0,0.0
IE,2027,2825.794246394811,2825.794246394811,0.0,0.0
IE,2028,2825.794246394811,2825.794246394811,0.0,0.0
IE,2029,2825.794246394811,2825.794246394811,0.0,0.0
IE,2030,2825.794246394811,2825.794246394811,0.0,0.0
IE,2031,2825.794246394811,2825.794246394811,0.0,0.0
IE,2032,2825.794246394811,2825.794246394811,0.0,0.0
IE,2033,2748.346859017436,2825.794246394811,77.44738737737498,38.72369368868749
IE,2034,2576.8857981926603,2825.794246394811,248.9084482021508,124.4542241010754
IE,2035,2405.424737367883,2825.794246394811,420.369509026928,210.184754513464
IE,2036,2233.9636765431064,2825.794246394811,591.8305698517047,295.91528492585235
IE,2037,2062.5026157183293,2825.794246394811,763.2916306764819,381.64581533824094
IE,2038,1891.0415548935523,2825.794246394811,934.7526915012588,467.3763457506294
IE,2039,1719.5804940687756,2825.794246394811,1106.2137523260355,553.1068761630178
IE,2040,1548.1194332439993,2825.794246394811,1277.6748131508118,638.8374065754059
IE,2041,1467.607282943669,2825.794246394811,1358.1869634511422,679.0934817255711
IE,2042,1387.0951326433392,2825.794246394811,1438.699113751472,719.349556875736
IE,2043,1306.5829823430092,2825.794246394811,1519.211264051802,759.605632025901
IE,2044,1226.070832042679,2825.794246394811,1599.723414352132,799.861707176066
IE,2045,1145.5586817423489,2825.794246394811,1680.2355646524622,840.1177823262311
IE,2046,1065.0465314420194,2825.794246394811,1760.7477149527917,880.3738574763959
IE,2047,984.5343811416894,2825.794246394811,1841.2598652531217,920.6299326265608
IE,2048,904.0222308413591,2825.794246394811,1921.772015553452,960.886007776726
IE,2049,823.5100805410294,2825.794246394811,2002.2841658537818,1001.1420829268909
IE,2050,742.9979302406994,2825.794246394811,2082.796316154112,1041.398158077056
IT,2025,79047.55056942682,79047.55056942682,0.0,0.0
IT,2026,79047.55056942682,79047.55056942682,0.0,0.0
IT,2027,79047.55056942682,79047.55056942682,0.0,0.0
IT,2028,79047.55056942682,79047.55056942682,0.0,0.0
IT,2029,79047.55056942682,79047.55056942682,0.0,0.0
IT,2030,79047.55056942682,79047.55056942682,0.0,0.0
IT,2031,79047.55056942682,79047.55056942682,0.0,0.0
IT,2032,79047.55056942682,79047.55056942682,0.0,0.0
IT,2033,76881.07072823045,79047.55056942682,2166.479841196371,1083.2399205981856
IT,2034,72084.69289798824,79047.55056942682,6962.857671438585,3481.4288357192927
IT,2035,67288.31506774599,79047.55056942682,11759.235501680829,5879.617750840414
IT,2036,62491.93723750377,79047.55056942682,16555.61333192305,8277.806665961525
IT,2037,57695.55940726155,79047.55056942682,21351.99116216527,10675.995581082636
IT,2038,52899.18157701933,79047.55056942682,26148.368992407493,13074.184496203747
IT,2039,48102.80374677709,79047.55056942682,30944.74682264973,15472.373411324865
IT,2040,43306.42591653488,79047.55056942682,35741.124652891944,17870.562326445972
IT,2041,41054.21371798635,79047.55056942682,37993.33685144047,18996.668425720236
IT,2042,38802.00151943783,79047.55056942682,40245.54904998899,20122.774524994496
IT,2043,36549.78932088931,79047.55056942682,42497.761248537514,21248.880624268757
IT,2044,34297.57712234077,79047.55056942682,44749.97344708605,22374.986723543025
IT,2045,32045.364923792255,79047.55056942682,47002.18564563457,23501.092822817285
IT,2046,29793.15272524374,79047.55056942682,49254.397844183084,24627.198922091542
IT,2047,27540.940526695216,79047.55056942682,51506.610042731605,25753.305021365803
IT,2048,25288.728328146688,79047.55056942682,53758.82224128013,26879.411120640067
IT,2049,23036.516129598167,79047.55056942682,56011.034439828654,28005.517219914327
IT,2050,20784.30393104964,79047.55056942682,58263.24663837718,29131.62331918859
LT,2025,0.0,0.0,0.0,0.0
LT,2026,0.0,0.0,0.0,0.0
LT,2027,0.0,0.0,0.0,0.0
LT,2028,0.0,0.0,0.0,0.0
LT,2029,0.0,0.0,0.0,0.0
LT,2030,0.0,0.0,0.0,0.0
LT,2031,0.0,0.0,0.0,0.0
LT,2032,0.0,0.0,0.0,0.0
LT,2033,0.0,0.0,0.0,0.0
LT,2034,0.0,0.0,0.0,0.0
LT,2035,0.0,0.0,0.0,0.0
LT,2036,0.0,0.0,0.0,0.0
LT,2037,0.0,0.0,0.0,0.0
LT,2038,0.0,0.0,0.0,0.0
LT,2039,0.0,0.0,0.0,0.0
LT,2040,0.0,0.0,0.0,0.0
LT,2041,0.0,0.0,0.0,0.0
LT,2042,0.0,0.0,0.0,0.0
LT,2043,0.0,0.0,0.0,0.0
LT,2044,0.0,0.0,0.0,0.0
LT,2045,0.0,0.0,0.0,0.0
LT,2046,0.0,0.0,0.0,0.0
LT,2047,0.0,0.0,0.0,0.0
LT,2048,0.0,0.0,0.0,0.0
LT,2049,0.0,0.0,0.0,0.0
LT,2050,0.0,0.0,0.0,0.0
LU,2025,0.0,0.0,0.0,0.0
LU,2026,0.0,0.0,0.0,0.0
LU,2027,0.0,0.0,0.0,0.0
LU,2028,0.0,0.0,0.0,0.0
LU,2029,0.0,0.0,0.0,0.0
LU,2030,0.0,0.0,0.0,0.0
LU,2031,0.0,0.0,0.0,0.0
LU,2032,0.0,0.0,0.0,0.0
LU,2033,0.0,0.0,0.0,0.0
LU,2034,0.0,0.0,0.0,0.0
LU,2035,0.0,0.0,0.0,0.0
LU,2036,0.0,0.0,0.0,0.0
LU,2037,0.0,0.0,0.0,0.0
LU,2038,0.0,0.0,0.0,0.0
LU,2039,0.0,0.0,0.0,0.0
LU,2040,0.0,0.0,0.0,0.0
LU,2041,0.0,0.0,0.0,0.0
LU,2042,0.0,0.0,0.0,0.0
LU,2043,0.0,0.0,0.0,0.0
LU,2044,0.0,0.0,0.0,0.0
LU,2045,0.0,0.0,0.0,0.0
LU,2046,0.0,0.0,0.0,0.0
LU,2047,0.0,0.0,0.0,0.0
LU,2048,0.0,0.0,0.0,0.0
LU,2049,0.0,0.0,0.0,0.0
LU,2050,0.0,0.0,0.0,0.0
LV,2025,0.0,0.0,0.0,0.0
LV,2026,0.0,0.0,0.0,0.0
LV,2027,0.0,0.0,0.0,0.0
LV,2028,0.0,0.0,0.0,0.0
LV,2029,0.0,0.0,0.0,0.0
LV,2030,0.0,0.0,0.0,0.0
LV,2031,0.0,0.0,0.0,0.0
LV,2032,0.0,0.0,0.0,0.0
LV,2033,0.0,0.0,0.0,0.0
LV,2034,0.0,0.0,0.0,0.0
LV,2035,0.0,0.0,0.0,0.0
LV,2036,0.0,0.0,0.0,0.0
LV,2037,0.0,0.0,0.0,0.0
LV,2038,0.0,0.0,0.0,0.0
LV,2039,0.0,0.0,0.0,0.0
LV,2040,0.0,0.0,0.0,0.0
LV,2041,0.0,0.0,0.0,0.0
LV,2042,0.0,0.0,0.0,0.0
LV,2043,0.0,0.0,0.0,0.0
LV,2044,0.0,0.0,0.0,0.0
LV,2045,0.0,0.0,0.0,0.0
LV,2046,0.0,0.0,0.0,0.0
LV,2047,0.0,0.0,0.0,0.0
LV,2048,0.0,0.0,0.0,0.0
LV,2049,0.0,0.0,0.0,0.0
LV,2050,0.0,0.0,0.0,0.0
MT,2025,0.0,0.0,0.0,0.0
MT,2026,0.0,0.0,0.0,0.0
MT,2027,0.0,0.0,0.0,0.0
MT,2028,0.0,0.0,0.0,0.0
MT,2029,0.0,0.0,0.0,0.0
MT,2030,0.0,0.0,0.0,0.0
MT,2031,0.0,0.0,0.0,0.0
MT,2032,0.0,0.0,0.0,0.0
MT,2033,0.0,0.0,0.0,0.0
MT,2034,0.0,0.0,0.0,0.0
MT,2035,0.0,0.0,0.0,0.0
MT,2036,0.0,0.0,0.0,0.0
MT,2037,0.0,0.0,0.0,0.0
MT,2038,0.0,0.0,0.0,0.0
MT,2039,0.0,0.0,0.0,0.0
MT,2040,0.0,0.0,0.0,0.0
MT,2041,0.0,0.0,0.0,0.0
MT,2042,0.0,0.0,0.0,0.0
MT,2043,0.0,0.0,0.0,0.0
MT,2044,0.0,0.0,0.0,0.0
MT,2045,0.0,0.0,0.0,0.0
MT,2046,0.0,0.0,0.0,0.0
MT,2047,0.0,0.0,0.0,0.0
MT,2048,0.0,0.0,0.0,0.0
MT,2049,0.0,0.0,0.0,0.0
MT,2050,0.0,0.0,0.0,0.0
NL,2025,114574.57437451262,114574.57437451262,0.0,0.0
NL,2026,114574.57437451262,114574.57437451262,0.0,0.0
NL,2027,114574.57437451262,114574.57437451262,0.0,0.0
NL,2028,114574.57437451262,114574.57437451262,0.0,0.0
NL,2029,114574.57437451262,114574.57437451262,0.0,0.0
NL,2030,114574.57437451262,114574.57437451262,0.0,0.0
NL,2031,114574.57437451262,114574.57437451262,0.0,0.0
NL,2032,114574.57437451262,114574.57437451262,0.0,0.0
NL,2033,111434.39477491804,114574.57437451262,3140.1795995945868,1570.0897997972934
NL,2034,104482.3394046926,114574.57437451262,10092.234969820027,5046.117484910013
NL,2035,97530.28403446714,114574.57437451262,17044.29034004548,8522.14517002274
NL,2036,90578.2286642417,114574.57437451262,23996.34571027092,11998.17285513546
NL,2037,83626.17329401625,114574.57437451262,30948.401080496376,15474.200540248188
NL,2038,76674.1179237908,114574.57437451262,37900.45645072182,18950.22822536091
NL,2039,69722.06255356535,114574.57437451262,44852.51182094727,22426.255910473636
NL,2040,62770.00718333991,114574.57437451262,51804.56719117271,25902.283595586356
NL,2041,59505.56379210362,114574.57437451262,55069.010582409006,27534.505291204503
NL,2042,56241.12040086732,114574.57437451262,58333.4539736453,29166.72698682265
NL,2043,52976.67700963103,114574.57437451262,61597.897364881595,30798.948682440798
NL,2044,49712.23361839472,114574.57437451262,64862.340756117905,32431.170378058952
NL,2045,46447.790227158424,114574.57437451262,68126.78414735419,34063.392073677096
NL,2046,43183.34683592214,114574.57437451262,71391.2275385905,35695.61376929525
NL,2047,39918.90344468584,114574.57437451262,74655.67092982678,37327.83546491339
NL,2048,36654.46005344953,114574.57437451262,77920.1143210631,38960.05716053155
NL,2049,33390.01666221324,114574.57437451262,81184.55771229939,40592.27885614969
NL,2050,30125.573270976944,114574.57437451262,84449.00110353567,42224.50055176784
PL,2025,6456.677963692654,6456.677963692654,0.0,0.0
PL,2026,6456.677963692654,6456.677963692654,0.0,0.0
PL,2027,6456.677963692654,6456.677963692654,0.0,0.0
PL,2028,6456.677963692654,6456.677963692654,0.0,0.0
PL,2029,6456.677963692654,6456.677963692654,0.0,0.0
PL,2030,6456.677963692654,6456.677963692654,0.0,0.0
PL,2031,6456.677963692654,6456.677963692654,0.0,0.0
PL,2032,6456.677963692654,6456.677963692654,0.0,0.0
PL,2033,6279.717861214196,6456.677963692654,176.96010247845788,88.48005123922894
PL,2034,5887.94522791964,6456.677963692654,568.7327357730137,284.36636788650685
PL,2035,5496.172594625083,6456.677963692654,960.5053690675713,480.25268453378567
PL,2036,5104.399961330526,6456.677963692654,1352.278002362128,676.139001181064
PL,2037,4712.627328035969,6456.677963692654,1744.0506356566848,872.0253178283424
PL,2038,4320.854694741413,6456.677963692654,2135.8232689512406,1067.9116344756203
PL,2039,3929.082061446856,6456.677963692654,2527.595902245798,1263.797951122899
PL,2040,3537.3094281523004,6456.677963692654,2919.3685355403536,1459.6842677701768
PL,2041,3353.346626431378,6456.677963692654,3103.331337261276,1551.665668630638
PL,2042,3169.383824710456,6456.677963692654,3287.294138982198,1643.647069491099
PL,2043,2985.421022989534,6456.677963692654,3471.25694070312,1735.62847035156
PL,2044,2801.458221268611,6456.677963692654,3655.219742424043,1827.6098712120215
PL,2045,2617.495419547689,6456.677963692654,3839.182544144965,1919.5912720724825
PL,2046,2433.5326178267674,6456.677963692654,4023.1453458658866,2011.5726729329433
PL,2047,2249.5698161058453,6456.677963692654,4207.108147586809,2103.5540737934043
PL,2048,2065.6070143849224,6456.677963692654,4391.070949307732,2195.535474653866
PL,2049,1881.6442126640009,6456.677963692654,4575.033751028654,2287.516875514327
PL,2050,1697.6814109430782,6456.677963692654,4758.996552749576,2379.498276374788
PT,2025,1691.0271883692474,1691.0271883692474,0.0,0.0
PT,2026,1691.0271883692474,1691.0271883692474,0.0,0.0
PT,2027,1691.0271883692474,1691.0271883692474,0.0,0.0
PT,2028,1691.0271883692474,1691.0271883692474,0.0,0.0
PT,2029,1691.0271883692474,1691.0271883692474,0.0,0.0
PT,2030,1691.0271883692474,1691.0271883692474,0.0,0.0
PT,2031,1691.0271883692474,1691.0271883692474,0.0,0.0
PT,2032,1691.0271883692474,1691.0271883692474,0.0,0.0
PT,2033,1644.6807008674084,1691.0271883692474,46.346487501838965,23.173243750919482
PT,2034,1542.0740386975613,1691.0271883692474,148.9531496716861,74.47657483584305
PT,2035,1439.4673765277134,1691.0271883692474,251.55981184153393,125.77990592076696
PT,2036,1336.8607143578663,1691.0271883692474,354.16647401138107,177.08323700569053
PT,2037,1234.254052188019,1691.0271883692474,456.77313618122844,228.38656809061422
PT,2038,1131.6473900181716,1691.0271883692474,559.3797983510758,279.6898991755379
PT,2039,1029.040727848324,1691.0271883692474,661.9864605209234,330.9932302604617
PT,2040,926.4340656784768,1691.0271883692474,764.5931226907705,382.29656134538527
PT,2041,878.2535460508963,1691.0271883692474,812.7736423183511,406.38682115917555
PT,2042,830.0730264233159,1691.0271883692474,860.9541619459314,430.4770809729657
PT,2043,781.8925067957355,1691.0271883692474,909.1346815735119,454.56734078675595
PT,2044,733.7119871681548,1691.0271883692474,957.3152012010926,478.6576006005463
PT,2045,685.5314675405743,1691.0271883692474,1005.495720828673,502.7478604143365
PT,2046,637.3509479129939,1691.0271883692474,1053.6762404562535,526.8381202281267
PT,2047,589.1704282854134,1691.0271883692474,1101.856760083834,550.928380041917
PT,2048,540.9899086578329,1691.0271883692474,1150.0372797114146,575.0186398557073
PT,2049,492.8093890302523,1691.0271883692474,1198.217799338995,599.1088996694975
PT,2050,444.62886940267185,1691.0271883692474,1246.3983189665755,623.1991594832878
RO,2025,0.0,0.0,0.0,0.0
RO,2026,0.0,0.0,0.0,0.0
RO,2027,0.0,0.0,0.0,0.0
RO,2028,0.0,0.0,0.0,0.0
RO,2029,0.0,0.0,0.0,0.0
RO,2030,0.0,0.0,0.0,0.0
RO,2031,0.0,0.0,0.0,0.0
RO,2032,0.0,0.0,0.0,0.0
RO,2033,0.0,0.0,0.0,0.0
RO,2034,0.0,0.0,0.0,0.0
RO,2035,0.0,0.0,0.0,0.0
RO,2036,0.0,0.0,0.0,0.0
RO,2037,0.0,0.0,0.0,0.0
RO,2038,0.0,0.0,0.0,0.0
RO,2039,0.0,0.0,0.0,0.0
RO,2040,0.0,0.0,0.0,0.0
RO,2041,0.0,0.0,0.0,0.0
RO,2042,0.0,0.0,0.0,0.0
RO,2043,0.0,0.0,0.0,0.0
RO,2044,0.0,0.0,0.0,0.0
RO,2045,0.0,0.0,0.0,0.0
RO,2046,0.0,0.0,0.0,0.0
RO,2047,0.0,0.0,0.0,0.0
RO,2048,0.0,0.0,0.0,0.0
RO,2049,0.0,0.0,0.0,0.0
RO,2050,0.0,0.0,0.0,0.0
SE,2025,77223.16993381258,77223.16993381258,0.0,0.0
SE,2026,77223.16993381258,77223.16993381258,0.0,0.0
SE,2027,77223.16993381258,77223.16993381258,0.0,0.0
SE,2028,77223.16993381258,77223.16993381258,0.0,0.0
SE,2029,77223.16993381258,77223.16993381258,0.0,0.0
SE,2030,77223.16993381258,77223.16993381258,0.0,0.0
SE,2031,77223.16993381258,77223.16993381258,0.0,0.0
SE,2032,77223.16993381258,77223.16993381258,0.0,0.0
SE,2033,75106.69143789833,77223.16993381258,2116.4784959142416,1058.2392479571208
SE,2034,70421.011773147,77223.16993381258,6802.158160665582,3401.079080332791
SE,2035,65735.33210839564,77223.16993381258,11487.837825416937,5743.918912708468
SE,2036,61049.65244364431,77223.16993381258,16173.51749016827,8086.758745084135
SE,2037,56363.97277889296,77223.16993381258,20859.197154919617,10429.598577459808
SE,2038,51678.29311414162,77223.16993381258,25544.876819670957,12772.438409835479
SE,2039,46992.613449390265,77223.16993381258,30230.55648442231,15115.278242211156
SE,2040,42306.93378463893,77223.16993381258,34916.236149173645,17458.118074586822
SE,2041,40106.70159423396,77223.16993381258,37116.46833957862,18558.23416978931
SE,2042,37906.46940382898,77223.16993381258,39316.700529983595,19658.350264991797
SE,2043,35706.23721342401,77223.16993381258,41516.93272038857,20758.466360194285
SE,2044,33506.00502301902,77223.16993381258,43717.16491079356,21858.58245539678
SE,2045,31305.77283261404,77223.16993381258,45917.39710119854,22958.69855059927
SE,2046,29105.540642209067,77223.16993381258,48117.62929160351,24058.814645801755
SE,2047,26905.30845180409,77223.16993381258,50317.86148200849,25158.930741004246
SE,2048,24705.076261399103,77223.16993381258,52518.09367241347,26259.046836206737
SE,2049,22504.844070994128,77223.16993381258,54718.32586281845,27359.162931409224
SE,2050,20304.61188058915,77223.16993381258,56918.55805322343,28459.279026611715
SI,2025,0.0,0.0,0.0,0.0
SI,2026,0.0,0.0,0.0,0.0
SI,2027,0.0,0.0,0.0,0.0
SI,2028,0.0,0.0,0.0,0.0
SI,2029,0.0,0.0,0.0,0.0
SI,2030,0.0,0.0,0.0,0.0
SI,2031,0.0,0.0,0.0,0.0
SI,2032,0.0,0.0,0.0,0.0
SI,2033,0.0,0.0,0.0,0.0
SI,2034,0.0,0.0,0.0,0.0
SI,2035,0.0,0.0,0.0,0.0
SI,2036,0.0,0.0,0.0,0.0
SI,2037,0.0,0.0,0.0,0.0
SI,2038,0.0,0.0,0.0,0.0
SI,2039,0.0,0.0,0.0,0.0
SI,2040,0.0,0.0,0.0,0.0
SI,2041,0.0,0.0,0.0,0.0
SI,2042,0.0,0.0,0.0,0.0
SI,2043,0.0,0.0,0.0,0.0
SI,2044,0.0,0.0,0.0,0.0
SI,2045,0.0,0.0,0.0,0.0
SI,2046,0.0,0.0,0.0,0.0
SI,2047,0.0,0.0,0.0,0.0
SI,2048,0.0,0.0,0.0,0.0
SI,2049,0.0,0.0,0.0,0.0
SI,2050,0.0,0.0,0.0,0.0
SK,2025,0.0,0.0,0.0,0.0
SK,2026,0.0,0.0,0.0,0.0
SK,2027,0.0,0.0,0.0,0.0
SK,2028,0.0,0.0,0.0,0.0
SK,2029,0.0,0.0,0.0,0.0
SK,2030,0.0,0.0,0.0,0.0
SK,2031,0.0,0.0,0.0,0.0
SK,2032,0.0,0.0,0.0,0.0
SK,2033,0.0,0.0,0.0,0.0
SK,2034,0.0,0.0,0.0,0.0
SK,2035,0.0,0.0,0.0,0.0
SK,2036,0.0,0.0,0.0,0.0
SK,2037,0.0,0.0,0.0,0.0
SK,2038,0.0,0.0,0.0,0.0
SK,2039,0.0,0.0,0.0,0.0
SK,2040,0.0,0.0,0.0,0.0
SK,2041,0.0,0.0,0.0,0.0
SK,2042,0.0,0.0,0.0,0.0
SK,2043,0.0,0.0,0.0,0.0
SK,2044,0.0,0.0,0.0,0.0
SK,2045,0.0,0.0,0.0,0.0
SK,2046,0.0,0.0,0.0,0.0
SK,2047,0.0,0.0,0.0,0.0
SK,2048,0.0,0.0,0.0,0.0
SK,2049,0.0,0.0,0.0,0.0
SK,2050,0.0,0.0,0.0,0.0
