country,scenario,year,naphta_total,naphta_domestic,naphta_imported,electricity_demand_from_naphta,ch4_demand_from_naphta,h2_demand_from_naphta,demand_factor,import_share
AT,decarbo-eu-naphta,2019,10587096.999999998,10587096.999999998,0.0,621039.1100199999,168546.58423999997,94648.64717999999,1.0,0.0
AT,decarbo-eu-naphta,2020,10534161.514999999,10534161.514999999,0.0,617933.9144698998,167703.85131879998,94175.40394409999,0.995,0.0
AT,decarbo-eu-naphta,2021,10481490.707424998,10481490.707424998,0.0,614844.2448975503,166865.33206220597,93704.52692437949,0.990025,0.0
AT,decarbo-eu-naphta,2022,10429083.253887873,10429083.253887873,0.0,611770.0236730626,166031.00540189494,93236.00428975759,0.985074875,0.0
AT,decarbo-eu-naphta,2023,10376937.837618435,10376937.837618435,0.0,608711.1735546973,165200.8503748855,92769.8242683088,0.9801495006250001,0.0
AT,decarbo-eu-naphta,2024,10325053.148430342,10325053.148430342,0.0,605667.6176869238,164374.84612301106,92305.97514696726,0.9752487531218751,0.0
AT,decarbo-eu-naphta,2025,10273427.88268819,10273427.88268819,0.0,602639.2795984893,163552.971892396,91844.44527123243,0.9703725093562657,0.0
AT,decarbo-eu-naphta,2026,10067959.325034427,10067959.325034427,0.0,590586.4940065194,160281.91245454806,90007.55636580777,0.9509650591691404,0.0
AT,decarbo-eu-naphta,2027,9866600.13853374,9866600.13853374,0.0,578774.7641263892,157076.27420545713,88207.40523849163,0.9319457579857576,0.0
AT,decarbo-eu-naphta,2028,9669268.135763064,9669268.135763064,0.0,567199.2688438613,153934.74872134798,86443.2571337218,0.9133068428260425,0.0
AT,decarbo-eu-naphta,2029,9475882.773047803,9475882.773047803,0.0,555855.283466984,150856.053746921,84714.39199104736,0.8950407059695216,0.0
AT,decarbo-eu-naphta,2030,9191606.289856369,9191606.289856369,0.0,539179.6249629746,146330.3721345134,82172.96023131594,0.8681894847904359,0.0
AT,decarbo-eu-naphta,2031,8915858.101160675,8915858.101160675,0.0,523004.2362140852,141940.46097047796,79707.77142437643,0.8421438002467228,0.0
AT,decarbo-eu-naphta,2032,8648382.358125856,8648382.358125856,0.0,507314.10912766267,137682.24714136362,77316.53828164516,0.816879486239321,0.0
AT,decarbo-eu-naphta,2033,8388930.887382079,8388930.887382079,0.0,492094.68585383275,133551.7797271227,74997.04213319579,0.7923731016521414,0.0
AT,decarbo-eu-naphta,2034,8137262.960760618,8137262.960760618,0.0,477331.8452782178,129545.22633530904,72747.13086919991,0.7686019086025772,0.0
AT,decarbo-eu-naphta,2035,7811772.442330192,7811772.442330192,0.0,458238.571467089,124363.41728189666,69837.24563443192,0.737857832258474,0.0
AT,decarbo-eu-naphta,2036,7499301.544636984,7499301.544636984,0.0,439909.0286084055,119388.88059062079,67043.75580905464,0.7083435189681351,0.0
AT,decarbo-eu-naphta,2037,7199329.482851505,7199329.482851505,0.0,422312.66746406927,114613.32536699597,64362.005576692456,0.6800097782094097,0.0
AT,decarbo-eu-naphta,2038,6911356.303537445,6911356.303537445,0.0,405420.1607655065,110028.79235231613,61787.52535362476,0.6528093870810333,0.0
AT,decarbo-eu-naphta,2039,6634902.051395948,6634902.051395948,0.0,389203.3543348863,105627.64065822349,59316.02433947977,0.626697011597792,0.0
AT,decarbo-eu-naphta,2040,6369505.969340109,6369505.969340109,0.0,373635.2201614908,101402.53503189454,56943.383365900576,0.6016291311338803,0.0
AT,decarbo-eu-naphta,2041,6114725.730566505,6114725.730566505,0.0,358689.8113550312,97346.43363061876,54665.64803126456,0.5775639658885251,0.0
AT,decarbo-eu-naphta,2042,5870136.701343846,5870136.701343846,0.0,344342.21890082996,93452.57628539403,52479.02211001398,0.5544614072529841,0.0
AT,decarbo-eu-naphta,2043,5635331.233290091,5635331.233290091,0.0,330568.5301447967,89714.47323397825,50379.861225613415,0.5322829509628647,0.0
AT,decarbo-eu-naphta,2044,5409917.983958487,5409917.983958487,0.0,317345.7889390049,86125.89430461913,48364.66677658888,0.5109916329243501,0.0
AT,decarbo-eu-naphta,2045,5139422.084760563,5139422.084760563,0.0,301478.49949205463,81819.59958938818,45946.433437759435,0.4854420512781326,0.0
AT,decarbo-eu-naphta,2046,4882450.980522535,4882450.980522535,0.0,286404.57451745187,77728.61960991875,43649.111765871465,0.46116994871422595,0.0
AT,decarbo-eu-naphta,2047,4638328.431496408,4638328.431496408,0.0,272084.3457915793,73842.18862942282,41466.65617757788,0.43811145127851464,0.0
AT,decarbo-eu-naphta,2048,4406412.009921587,4406412.009921587,0.0,258480.1285020003,70150.07919795167,39393.32336869899,0.41620587871458886,0.0
AT,decarbo-eu-naphta,2049,4186091.4094255073,4186091.4094255073,0.0,245556.12207690024,66642.57523805408,37423.65720026404,0.3953955847788594,0.0
AT,decarbo-eu-naphta,2050,3976786.8389542317,3976786.8389542317,0.0,233278.31597305523,63310.44647615137,35552.47434025083,0.3756258055399164,0.0
BE,decarbo-eu-naphta,2019,56474999.99999999,56474999.99999999,0.0,3312823.4999999995,899081.9999999999,504886.49999999994,1.0,0.0
BE,decarbo-eu-naphta,2020,56192624.99999999,56192624.99999999,0.0,3296259.3824999994,894586.5899999999,502362.06749999995,0.995,0.0
BE,decarbo-eu-naphta,2021,55911661.87499999,55911661.87499999,0.0,3279778.085587499,890113.6570499999,499850.25716249994,0.990025,0.0
BE,decarbo-eu-naphta,2022,55632103.565625,55632103.565625,0.0,3263379.195159562,885663.0887647499,497351.0058766875,0.985074875,0.0
BE,decarbo-eu-naphta,2023,55353943.04779687,55353943.04779687,0.0,3247062.299183764,881234.7733209261,494864.250847304,0.9801495006250001,0.0
BE,decarbo-eu-naphta,2024,55077173.33255789,55077173.33255789,0.0,3230826.9876878452,876828.5994543215,492389.9295930675,0.9752487531218751,0.0
BE,decarbo-eu-naphta,2025,54801787.4658951,54801787.4658951,0.0,3214672.8527494064,872444.45645705,489927.9799451022,0.9703725093562657,0.0
BE,decarbo-eu-naphta,2026,53705751.7165772,53705751.7165772,0.0,3150379.3956944183,854995.567327909,480129.4203462002,0.9509650591691404,0.0
BE,decarbo-eu-naphta,2027,52631636.68224566,52631636.68224566,0.0,3087371.80778053,837895.6559813508,470526.8319392762,0.9319457579857576,0.0
BE,decarbo-eu-naphta,2028,51579003.94860074,51579003.94860074,0.0,3025624.371624919,821137.7428617238,461116.29530049063,0.9133068428260425,0.0
BE,decarbo-eu-naphta,2029,50547423.86962873,50547423.86962873,0.0,2965111.884192421,804714.9880044893,451893.9693944808,0.8950407059695216,0.0
BE,decarbo-eu-naphta,2030,49031001.15353986,49031001.15353986,0.0,2876158.527666648,780573.5383643545,438337.15031264635,0.8681894847904359,0.0
BE,decarbo-eu-naphta,2031,47560071.11893366,47560071.11893366,0.0,2789873.7718366487,757156.3322134239,425187.035803267,0.8421438002467228,0.0
BE,decarbo-eu-naphta,2032,46133268.98536565,46133268.98536565,0.0,2706177.558681549,734441.6422470212,412431.42472916894,0.816879486239321,0.0
BE,decarbo-eu-naphta,2033,44749270.91580468,44749270.91580468,0.0,2624992.2319211024,712408.3929796105,400058.4819872938,0.7923731016521414,0.0
BE,decarbo-eu-naphta,2034,43406792.78833054,43406792.78833054,0.0,2546242.464963469,691036.1411902222,388056.72752767504,0.7686019086025772,0.0
BE,decarbo-eu-naphta,2035,41670521.076797314,41670521.076797314,0.0,2444392.76636493,663394.6955426133,372534.458426568,0.737857832258474,0.0
BE,decarbo-eu-naphta,2036,40003700.23372542,40003700.23372542,0.0,2346617.055710333,636858.9077209088,357633.08008950524,0.7083435189681351,0.0
BE,decarbo-eu-naphta,2037,38403552.2243764,38403552.2243764,0.0,2252752.3734819195,611384.5514120724,343327.756885925,0.6800097782094097,0.0
BE,decarbo-eu-naphta,2038,36867410.13540135,36867410.13540135,0.0,2162642.2785426434,586929.1693555895,329594.6466104881,0.6528093870810333,0.0
BE,decarbo-eu-naphta,2039,35392713.7299853,35392713.7299853,0.0,2076136.5874009375,563452.0025813659,316410.86074606853,0.626697011597792,0.0
BE,decarbo-eu-naphta,2040,33977005.18078589,33977005.18078589,0.0,1993091.1239049,540913.9224781113,303754.42631622584,0.6016291311338803,0.0
BE,decarbo-eu-naphta,2041,32617924.97355445,32617924.97355445,0.0,1913367.478948704,519277.3655789869,291604.2492635768,0.5775639658885251,0.0
BE,decarbo-eu-naphta,2042,31313207.974612273,31313207.974612273,0.0,1836832.7797907558,498506.2709558274,279940.07929303375,0.5544614072529841,0.0
BE,decarbo-eu-naphta,2043,30060679.65562778,30060679.65562778,0.0,1763359.4685991255,478566.0201175943,268742.47612131236,0.5322829509628647,0.0
BE,decarbo-eu-naphta,2044,28858252.46940267,28858252.46940267,0.0,1692825.0898551606,459423.3793128905,257992.77707645987,0.5109916329243501,0.0
BE,decarbo-eu-naphta,2045,27415339.845932536,27415339.845932536,0.0,1608183.8353624025,436452.210347246,245093.13822263686,0.4854420512781326,0.0
BE,decarbo-eu-naphta,2046,26044572.853635907,26044572.853635907,0.0,1527774.6435942822,414629.59982988366,232838.48131150502,0.46116994871422595,0.0
BE,decarbo-eu-naphta,2047,24742344.21095411,24742344.21095411,0.0,1451385.911414568,393898.11983838945,221196.55724592975,0.43811145127851464,0.0
BE,decarbo-eu-naphta,2048,23505227.000406403,23505227.000406403,0.0,1378816.6158438395,374203.21384646994,210136.72938363324,0.41620587871458886,0.0
BE,decarbo-eu-naphta,2049,22329965.65038608,22329965.65038608,0.0,1309875.7850516473,355493.0531541464,199629.89291445157,0.3953955847788594,0.0
BE,decarbo-eu-naphta,2050,21213467.367866777,21213467.367866777,0.0,1244381.995799065,337718.4004964391,189648.39826872898,0.3756258055399164,0.0
BG,decarbo-eu-naphta,2019,0.0,0.0,0.0,0.0,0.0,0.0,1.0,0.0
BG,decarbo-eu-naphta,2020,0.0,0.0,0.0,0.0,0.0,0.0,0.995,0.0
BG,decarbo-eu-naphta,2021,0.0,0.0,0.0,0.0,0.0,0.0,0.990025,0.0
BG,decarbo-eu-naphta,2022,0.0,0.0,0.0,0.0,0.0,0.0,0.985074875,0.0
BG,decarbo-eu-naphta,2023,0.0,0.0,0.0,0.0,0.0,0.0,0.9801495006250001,0.0
BG,decarbo-eu-naphta,2024,0.0,0.0,0.0,0.0,0.0,0.0,0.9752487531218751,0.0
BG,decarbo-eu-naphta,2025,0.0,0.0,0.0,0.0,0.0,0.0,0.9703725093562657,0.0
BG,decarbo-eu-naphta,2026,0.0,0.0,0.0,0.0,0.0,0.0,0.9509650591691404,0.0
BG,decarbo-eu-naphta,2027,0.0,0.0,0.0,0.0,0.0,0.0,0.9319457579857576,0.0
BG,decarbo-eu-naphta,2028,0.0,0.0,0.0,0.0,0.0,0.0,0.9133068428260425,0.0
BG,decarbo-eu-naphta,2029,0.0,0.0,0.0,0.0,0.0,0.0,0.8950407059695216,0.0
BG,decarbo-eu-naphta,2030,0.0,0.0,0.0,0.0,0.0,0.0,0.8681894847904359,0.0
BG,decarbo-eu-naphta,2031,0.0,0.0,0.0,0.0,0.0,0.0,0.8421438002467228,0.0
BG,decarbo-eu-naphta,2032,0.0,0.0,0.0,0.0,0.0,0.0,0.816879486239321,0.0
BG,decarbo-eu-naphta,2033,0.0,0.0,0.0,0.0,0.0,0.0,0.7923731016521414,0.0
BG,decarbo-eu-naphta,2034,0.0,0.0,0.0,0.0,0.0,0.0,0.7686019086025772,0.0
BG,decarbo-eu-naphta,2035,0.0,0.0,0.0,0.0,0.0,0.0,0.737857832258474,0.0
BG,decarbo-eu-naphta,2036,0.0,0.0,0.0,0.0,0.0,0.0,0.7083435189681351,0.0
BG,decarbo-eu-naphta,2037,0.0,0.0,0.0,0.0,0.0,0.0,0.6800097782094097,0.0
BG,decarbo-eu-naphta,2038,0.0,0.0,0.0,0.0,0.0,0.0,0.6528093870810333,0.0
BG,decarbo-eu-naphta,2039,0.0,0.0,0.0,0.0,0.0,0.0,0.626697011597792,0.0
BG,decarbo-eu-naphta,2040,0.0,0.0,0.0,0.0,0.0,0.0,0.6016291311338803,0.0
BG,decarbo-eu-naphta,2041,0.0,0.0,0.0,0.0,0.0,0.0,0.5775639658885251,0.0
BG,decarbo-eu-naphta,2042,0.0,0.0,0.0,0.0,0.0,0.0,0.5544614072529841,0.0
BG,decarbo-eu-naphta,2043,0.0,0.0,0.0,0.0,0.0,0.0,0.5322829509628647,0.0
BG,decarbo-eu-naphta,2044,0.0,0.0,0.0,0.0,0.0,0.0,0.5109916329243501,0.0
BG,decarbo-eu-naphta,2045,0.0,0.0,0.0,0.0,0.0,0.0,0.4854420512781326,0.0
BG,decarbo-eu-naphta,2046,0.0,0.0,0.0,0.0,0.0,0.0,0.46116994871422595,0.0
BG,decarbo-eu-naphta,2047,0.0,0.0,0.0,0.0,0.0,0.0,0.43811145127851464,0.0
BG,decarbo-eu-naphta,2048,0.0,0.0,0.0,0.0,0.0,0.0,0.41620587871458886,0.0
BG,decarbo-eu-naphta,2049,0.0,0.0,0.0,0.0,0.0,0.0,0.3953955847788594,0.0
BG,decarbo-eu-naphta,2050,0.0,0.0,0.0,0.0,0.0,0.0,0.3756258055399164,0.0
CY,decarbo-eu-naphta,2019,0.0,0.0,0.0,0.0,0.0,0.0,1.0,0.0
CY,decarbo-eu-naphta,2020,0.0,0.0,0.0,0.0,0.0,0.0,0.995,0.0
CY,decarbo-eu-naphta,2021,0.0,0.0,0.0,0.0,0.0,0.0,0.990025,0.0
CY,decarbo-eu-naphta,2022,0.0,0.0,0.0,0.0,0.0,0.0,0.985074875,0.0
CY,decarbo-eu-naphta,2023,0.0,0.0,0.0,0.0,0.0,0.0,0.9801495006250001,0.0
CY,decarbo-eu-naphta,2024,0.0,0.0,0.0,0.0,0.0,0.0,0.9752487531218751,0.0
CY,decarbo-eu-naphta,2025,0.0,0.0,0.0,0.0,0.0,0.0,0.9703725093562657,0.0
CY,decarbo-eu-naphta,2026,0.0,0.0,0.0,0.0,0.0,0.0,0.9509650591691404,0.0
CY,decarbo-eu-naphta,2027,0.0,0.0,0.0,0.0,0.0,0.0,0.9319457579857576,0.0
CY,decarbo-eu-naphta,2028,0.0,0.0,0.0,0.0,0.0,0.0,0.9133068428260425,0.0
CY,decarbo-eu-naphta,2029,0.0,0.0,0.0,0.0,0.0,0.0,0.8950407059695216,0.0
CY,decarbo-eu-naphta,2030,0.0,0.0,0.0,0.0,0.0,0.0,0.8681894847904359,0.0
CY,decarbo-eu-naphta,2031,0.0,0.0,0.0,0.0,0.0,0.0,0.8421438002467228,0.0
CY,decarbo-eu-naphta,2032,0.0,0.0,0.0,0.0,0.0,0.0,0.816879486239321,0.0
CY,decarbo-eu-naphta,2033,0.0,0.0,0.0,0.0,0.0,0.0,0.7923731016521414,0.0
CY,decarbo-eu-naphta,2034,0.0,0.0,0.0,0.0,0.0,0.0,0.7686019086025772,0.0
CY,decarbo-eu-naphta,2035,0.0,0.0,0.0,0.0,0.0,0.0,0.737857832258474,0.0
CY,decarbo-eu-naphta,2036,0.0,0.0,0.0,0.0,0.0,0.0,0.7083435189681351,0.0
CY,decarbo-eu-naphta,2037,0.0,0.0,0.0,0.0,0.0,0.0,0.6800097782094097,0.0
CY,decarbo-eu-naphta,2038,0.0,0.0,0.0,0.0,0.0,0.0,0.6528093870810333,0.0
CY,decarbo-eu-naphta,2039,0.0,0.0,0.0,0.0,0.0,0.0,0.626697011597792,0.0
CY,decarbo-eu-naphta,2040,0.0,0.0,0.0,0.0,0.0,0.0,0.6016291311338803,0.0
CY,decarbo-eu-naphta,2041,0.0,0.0,0.0,0.0,0.0,0.0,0.5775639658885251,0.0
CY,decarbo-eu-naphta,2042,0.0,0.0,0.0,0.0,0.0,0.0,0.5544614072529841,0.0
CY,decarbo-eu-naphta,2043,0.0,0.0,0.0,0.0,0.0,0.0,0.5322829509628647,0.0
CY,decarbo-eu-naphta,2044,0.0,0.0,0.0,0.0,0.0,0.0,0.5109916329243501,0.0
CY,decarbo-eu-naphta,2045,0.0,0.0,0.0,0.0,0.0,0.0,0.4854420512781326,0.0
CY,decarbo-eu-naphta,2046,0.0,0.0,0.0,0.0,0.0,0.0,0.46116994871422595,0.0
CY,decarbo-eu-naphta,2047,0.0,0.0,0.0,0.0,0.0,0.0,0.43811145127851464,0.0
CY,decarbo-eu-naphta,2048,0.0,0.0,0.0,0.0,0.0,0.0,0.41620587871458886,0.0
CY,decarbo-eu-naphta,2049,0.0,0.0,0.0,0.0,0.0,0.0,0.3953955847788594,0.0
CY,decarbo-eu-naphta,2050,0.0,0.0,0.0,0.0,0.0,0.0,0.3756258055399164,0.0
CZ,decarbo-eu-naphta,2019,9161832.999999998,9161832.999999998,0.0,537433.1237799999,145856.38135999997,81906.78701999999,1.0,0.0
CZ,decarbo-eu-naphta,2020,9116023.834999999,9116023.834999999,0.0,534745.9581610999,145127.09945319997,81497.25308489999,0.995,0.0
CZ,decarbo-eu-naphta,2021,9070443.715824999,9070443.715824999,0.0,532072.2283702944,144401.46395593398,81089.7668194755,0.990025,0.0
CZ,decarbo-eu-naphta,2022,9025091.497245872,9025091.497245872,0.0,529411.8672284428,143679.4566361543,80684.3179853781,0.985074875,0.0
CZ,decarbo-eu-naphta,2023,8979966.039759645,8979966.039759645,0.0,526764.8078923008,142961.05935297356,80280.89639545123,0.9801495006250001,0.0
CZ,decarbo-eu-naphta,2024,8935066.209560847,8935066.209560847,0.0,524130.9838528393,142246.25405620868,79879.49191347398,0.9752487531218751,0.0
CZ,decarbo-eu-naphta,2025,8890390.878513042,8890390.878513042,0.0,521510.328933575,141535.02278592763,79480.0944539066,0.9703725093562657,0.0
CZ,decarbo-eu-naphta,2026,8712583.060942782,8712583.060942782,0.0,511080.12235490355,138704.3223302091,77890.49256482847,0.9509650591691404,0.0
CZ,decarbo-eu-naphta,2027,8538331.399723927,8538331.399723927,0.0,500858.5199078055,135930.2358836049,76332.6827135319,0.9319457579857576,0.0
CZ,decarbo-eu-naphta,2028,8367564.771729447,8367564.771729447,0.0,490841.3495096493,133211.6311659328,74806.02905926126,0.9133068428260425,0.0
CZ,decarbo-eu-naphta,2029,8200213.476294858,8200213.476294858,0.0,481024.52251945634,130547.39854261414,73309.90847807603,0.8950407059695216,0.0
CZ,decarbo-eu-naphta,2030,7954207.072006012,7954207.072006012,0.0,466593.78684387263,126630.97658633572,71110.61122373375,0.8681894847904359,0.0
CZ,decarbo-eu-naphta,2031,7715580.859845831,7715580.859845831,0.0,452595.9732385564,122832.04728874563,68977.29288702173,0.8421438002467228,0.0
CZ,decarbo-eu-naphta,2032,7484113.434050456,7484113.434050456,0.0,439018.0940413997,119147.08587008326,66907.97410041107,0.816879486239321,0.0
CZ,decarbo-eu-naphta,2033,7259590.031028942,7259590.031028942,0.0,425847.5512201577,115572.67329398076,64900.73487739875,0.7923731016521414,0.0
CZ,decarbo-eu-naphta,2034,7041802.330098074,7041802.330098074,0.0,413072.124683553,112105.49309516134,62953.71283107678,0.7686019086025772,0.0
CZ,decarbo-eu-naphta,2035,6760130.23689415,6760130.23689415,0.0,396549.23969621083,107621.27337135487,60435.564317833705,0.737857832258474,0.0
CZ,decarbo-eu-naphta,2036,6489725.027418384,6489725.027418384,0.0,380687.2701083624,103316.42243650068,58018.14174512036,0.7083435189681351,0.0
CZ,decarbo-eu-naphta,2037,6230136.02632165,6230136.02632165,0.0,365459.77930402796,99183.76553904066,55697.416075315545,0.6800097782094097,0.0
CZ,decarbo-eu-naphta,2038,5980930.585268783,5980930.585268783,0.0,350841.3881318668,95216.41491747904,53469.51943230292,0.6528093870810333,0.0
CZ,decarbo-eu-naphta,2039,5741693.361858033,5741693.361858033,0.0,336807.7326065922,91407.75832077987,51330.73865501081,0.626697011597792,0.0
CZ,decarbo-eu-naphta,2040,5512025.627383711,5512025.627383711,0.0,323335.42330232845,87751.44798794868,49277.50910881037,0.6016291311338803,0.0
CZ,decarbo-eu-naphta,2041,5291544.602288363,5291544.602288363,0.0,310402.00637023535,84241.39006843073,47306.40874445796,0.5775639658885251,0.0
CZ,decarbo-eu-naphta,2042,5079882.818196828,5079882.818196828,0.0,297985.9261154259,80871.7344656935,45414.15239467964,0.5544614072529841,0.0
CZ,decarbo-eu-naphta,2043,4876687.505468954,4876687.505468954,0.0,286066.48907080886,77636.86508706576,43597.58629889245,0.5322829509628647,0.0
CZ,decarbo-eu-naphta,2044,4681620.005250197,4681620.005250197,0.0,274623.82950797654,74531.39048358313,41853.68284693676,0.5109916329243501,0.0
CZ,decarbo-eu-naphta,2045,4447539.004987687,4447539.004987687,0.0,260892.6380325777,70804.82095940398,39760.99870458992,0.4854420512781326,0.0
CZ,decarbo-eu-naphta,2046,4225162.054738302,4225162.054738302,0.0,247848.00613094878,67264.57991143377,37772.94876936042,0.46116994871422595,0.0
CZ,decarbo-eu-naphta,2047,4013903.952001387,4013903.952001387,0.0,235455.60582440134,63901.35091586208,35884.3013308924,0.43811145127851464,0.0
CZ,decarbo-eu-naphta,2048,3813208.754401317,3813208.754401317,0.0,223682.82553318123,60706.283370068966,34090.086264347774,0.41620587871458886,0.0
CZ,decarbo-eu-naphta,2049,3622548.316681251,3622548.316681251,0.0,212498.68425652216,57670.96920156552,32385.58195113038,0.3953955847788594,0.0
CZ,decarbo-eu-naphta,2050,3441420.900847188,3441420.900847188,0.0,201873.75004369605,54787.420741487236,30766.302853573863,0.3756258055399164,0.0
DE,decarbo-eu-naphta,2019,154294728.53070617,154294728.53070617,0.0,9050928.775611224,2456372.0782088423,1379394.873064513,1.0,0.0
DE,decarbo-eu-naphta,2020,153523254.88805264,153523254.88805264,0.0,9005674.131733168,2444090.2178177983,1372497.8986991907,0.995,0.0
DE,decarbo-eu-naphta,2021,152755638.61361238,152755638.61361238,0.0,8960645.761074502,2431869.766728709,1365635.4092056947,0.990025,0.0
DE,decarbo-eu-naphta,2022,151991860.42054433,151991860.42054433,0.0,8915842.53226913,2419710.4178950656,1358807.2321596663,0.985074875,0.0
DE,decarbo-eu-naphta,2023,151231901.1184416,151231901.1184416,0.0,8871263.319607785,2407611.8658055905,1352013.195998868,0.9801495006250001,0.0
DE,decarbo-eu-naphta,2024,150475741.61284938,150475741.61284938,0.0,8826907.003009744,2395573.8064765623,1345253.1300188736,0.9752487531218751,0.0
DE,decarbo-eu-naphta,2025,149723362.90478516,149723362.90478516,0.0,8782772.467994697,2383595.93744418,1338526.8643687794,0.9703725093562657,0.0
DE,decarbo-eu-naphta,2026,146728895.64668944,146728895.64668944,0.0,8607117.018634802,2335924.018695296,1311756.3270814037,0.9509650591691404,0.0
DE,decarbo-eu-naphta,2027,143794317.73375565,143794317.73375565,0.0,8434974.678262105,2289205.53832139,1285521.2005397754,0.9319457579857576,0.0
DE,decarbo-eu-naphta,2028,140918431.37908053,140918431.37908053,0.0,8266275.184696863,2243421.427554962,1259810.77652898,0.9133068428260425,0.0
DE,decarbo-eu-naphta,2029,138100062.75149894,138100062.75149894,0.0,8100949.681002927,2198552.999003863,1234614.5609984004,0.8950407059695216,0.0
DE,decarbo-eu-naphta,2030,133957060.86895396,133957060.86895396,0.0,7857921.190572839,2132596.409033747,1197576.1241684484,0.8681894847904359,0.0
DE,decarbo-eu-naphta,2031,129938349.04288533,129938349.04288533,0.0,7622183.554855653,2068618.5167627346,1161648.8404433948,0.8421438002467228,0.0
DE,decarbo-eu-naphta,2032,126040198.57159877,126040198.57159877,0.0,7393518.048209983,2006559.9612598524,1126799.375230093,0.816879486239321,0.0
DE,decarbo-eu-naphta,2033,122258992.6144508,122258992.6144508,0.0,7171712.506763684,1946363.1624220568,1092995.39397319,0.7923731016521414,0.0
DE,decarbo-eu-naphta,2034,118591222.83601728,118591222.83601728,0.0,6956561.131560774,1887972.267549395,1060205.5321539945,0.7686019086025772,0.0
DE,decarbo-eu-naphta,2035,113847573.92257658,113847573.92257658,0.0,6678298.6862983415,1812453.3768474192,1017797.3108678346,0.737857832258474,0.0
DE,decarbo-eu-naphta,2036,109293670.96567352,109293670.96567352,0.0,6411166.738846408,1739955.2417735225,977085.4184331213,0.7083435189681351,0.0
DE,decarbo-eu-naphta,2037,104921924.12704657,104921924.12704657,0.0,6154720.069292552,1670357.0321025813,938002.0016957964,0.6800097782094097,0.0
DE,decarbo-eu-naphta,2038,100725047.16196471,100725047.16196471,0.0,5908531.266520849,1603542.7508184782,900481.9216279646,0.6528093870810333,0.0
DE,decarbo-eu-naphta,2039,96696045.27548613,96696045.27548613,0.0,5672190.0158600155,1539401.0407857392,864462.644762846,0.626697011597792,0.0
DE,decarbo-eu-naphta,2040,92828203.46446668,92828203.46446668,0.0,5445302.415225615,1477824.9991543095,829884.1389723321,0.6016291311338803,0.0
DE,decarbo-eu-naphta,2041,89115075.32588802,89115075.32588802,0.0,5227490.318616591,1418711.9991881372,796688.7734134389,0.5775639658885251,0.0
DE,decarbo-eu-naphta,2042,85550472.3128525,85550472.3128525,0.0,5018390.705871928,1361963.5192206118,764821.2224769014,0.5544614072529841,0.0
DE,decarbo-eu-naphta,2043,82128453.42033839,82128453.42033839,0.0,4817655.077637049,1307484.9784517873,734228.3735778253,0.5322829509628647,0.0
DE,decarbo-eu-naphta,2044,78843315.28352486,78843315.28352486,0.0,4624948.874531568,1255185.5793137157,704859.2386347122,0.5109916329243501,0.0
DE,decarbo-eu-naphta,2045,74901149.51934862,74901149.51934862,0.0,4393701.43080499,1192426.3003480302,669616.2767029767,0.4854420512781326,0.0
DE,decarbo-eu-naphta,2046,71156092.04338118,71156092.04338118,0.0,4174016.3592647403,1132804.9853306285,636135.4628678277,0.46116994871422595,0.0
DE,decarbo-eu-naphta,2047,67598287.44121212,67598287.44121212,0.0,3965315.5413015024,1076164.736064097,604328.6897244364,0.43811145127851464,0.0
DE,decarbo-eu-naphta,2048,64218373.069151506,64218373.069151506,0.0,3767049.764236427,1022356.4992608919,574112.2552382145,0.41620587871458886,0.0
DE,decarbo-eu-naphta,2049,61007454.415693924,61007454.415693924,0.0,3578697.2760246056,971238.6742978473,545406.6424763037,0.3953955847788594,0.0
DE,decarbo-eu-naphta,2050,57957081.69490923,57957081.69490923,0.0,3399762.4122233754,922676.740582955,518136.31035248854,0.3756258055399164,0.0
DK,decarbo-eu-naphta,2019,0.0,0.0,0.0,0.0,0.0,0.0,1.0,0.0
DK,decarbo-eu-naphta,2020,0.0,0.0,0.0,0.0,0.0,0.0,0.995,0.0
DK,decarbo-eu-naphta,2021,0.0,0.0,0.0,0.0,0.0,0.0,0.990025,0.0
DK,decarbo-eu-naphta,2022,0.0,0.0,0.0,0.0,0.0,0.0,0.985074875,0.0
DK,decarbo-eu-naphta,2023,0.0,0.0,0.0,0.0,0.0,0.0,0.9801495006250001,0.0
DK,decarbo-eu-naphta,2024,0.0,0.0,0.0,0.0,0.0,0.0,0.9752487531218751,0.0
DK,decarbo-eu-naphta,2025,0.0,0.0,0.0,0.0,0.0,0.0,0.9703725093562657,0.0
DK,decarbo-eu-naphta,2026,0.0,0.0,0.0,0.0,0.0,0.0,0.9509650591691404,0.0
DK,decarbo-eu-naphta,2027,0.0,0.0,0.0,0.0,0.0,0.0,0.9319457579857576,0.0
DK,decarbo-eu-naphta,2028,0.0,0.0,0.0,0.0,0.0,0.0,0.9133068428260425,0.0
DK,decarbo-eu-naphta,2029,0.0,0.0,0.0,0.0,0.0,0.0,0.8950407059695216,0.0
DK,decarbo-eu-naphta,2030,0.0,0.0,0.0,0.0,0.0,0.0,0.8681894847904359,0.0
DK,decarbo-eu-naphta,2031,0.0,0.0,0.0,0.0,0.0,0.0,0.8421438002467228,0.0
DK,decarbo-eu-naphta,2032,0.0,0.0,0.0,0.0,0.0,0.0,0.816879486239321,0.0
DK,decarbo-eu-naphta,2033,0.0,0.0,0.0,0.0,0.0,0.0,0.7923731016521414,0.0
DK,decarbo-eu-naphta,2034,0.0,0.0,0.0,0.0,0.0,0.0,0.7686019086025772,0.0
DK,decarbo-eu-naphta,2035,0.0,0.0,0.0,0.0,0.0,0.0,0.737857832258474,0.0
DK,decarbo-eu-naphta,2036,0.0,0.0,0.0,0.0,0.0,0.0,0.7083435189681351,0.0
DK,decarbo-eu-naphta,2037,0.0,0.0,0.0,0.0,0.0,0.0,0.6800097782094097,0.0
DK,decarbo-eu-naphta,2038,0.0,0.0,0.0,0.0,0.0,0.0,0.6528093870810333,0.0
DK,decarbo-eu-naphta,2039,0.0,0.0,0.0,0.0,0.0,0.0,0.626697011597792,0.0
DK,decarbo-eu-naphta,2040,0.0,0.0,0.0,0.0,0.0,0.0,0.6016291311338803,0.0
DK,decarbo-eu-naphta,2041,0.0,0.0,0.0,0.0,0.0,0.0,0.5775639658885251,0.0
DK,decarbo-eu-naphta,2042,0.0,0.0,0.0,0.0,0.0,0.0,0.5544614072529841,0.0
DK,decarbo-eu-naphta,2043,0.0,0.0,0.0,0.0,0.0,0.0,0.5322829509628647,0.0
DK,decarbo-eu-naphta,2044,0.0,0.0,0.0,0.0,0.0,0.0,0.5109916329243501,0.0
DK,decarbo-eu-naphta,2045,0.0,0.0,0.0,0.0,0.0,0.0,0.4854420512781326,0.0
DK,decarbo-eu-naphta,2046,0.0,0.0,0.0,0.0,0.0,0.0,0.46116994871422595,0.0
DK,decarbo-eu-naphta,2047,0.0,0.0,0.0,0.0,0.0,0.0,0.43811145127851464,0.0
DK,decarbo-eu-naphta,2048,0.0,0.0,0.0,0.0,0.0,0.0,0.41620587871458886,0.0
DK,decarbo-eu-naphta,2049,0.0,0.0,0.0,0.0,0.0,0.0,0.3953955847788594,0.0
DK,decarbo-eu-naphta,2050,0.0,0.0,0.0,0.0,0.0,0.0,0.3756258055399164,0.0
EE,decarbo-eu-naphta,2019,0.0,0.0,0.0,0.0,0.0,0.0,1.0,0.0
EE,decarbo-eu-naphta,2020,0.0,0.0,0.0,0.0,0.0,0.0,0.995,0.0
EE,decarbo-eu-naphta,2021,0.0,0.0,0.0,0.0,0.0,0.0,0.990025,0.0
EE,decarbo-eu-naphta,2022,0.0,0.0,0.0,0.0,0.0,0.0,0.985074875,0.0
EE,decarbo-eu-naphta,2023,0.0,0.0,0.0,0.0,0.0,0.0,0.9801495006250001,0.0
EE,decarbo-eu-naphta,2024,0.0,0.0,0.0,0.0,0.0,0.0,0.9752487531218751,0.0
EE,decarbo-eu-naphta,2025,0.0,0.0,0.0,0.0,0.0,0.0,0.9703725093562657,0.0
EE,decarbo-eu-naphta,2026,0.0,0.0,0.0,0.0,0.0,0.0,0.9509650591691404,0.0
EE,decarbo-eu-naphta,2027,0.0,0.0,0.0,0.0,0.0,0.0,0.9319457579857576,0.0
EE,decarbo-eu-naphta,2028,0.0,0.0,0.0,0.0,0.0,0.0,0.9133068428260425,0.0
EE,decarbo-eu-naphta,2029,0.0,0.0,0.0,0.0,0.0,0.0,0.8950407059695216,0.0
EE,decarbo-eu-naphta,2030,0.0,0.0,0.0,0.0,0.0,0.0,0.8681894847904359,0.0
EE,decarbo-eu-naphta,2031,0.0,0.0,0.0,0.0,0.0,0.0,0.8421438002467228,0.0
EE,decarbo-eu-naphta,2032,0.0,0.0,0.0,0.0,0.0,0.0,0.816879486239321,0.0
EE,decarbo-eu-naphta,2033,0.0,0.0,0.0,0.0,0.0,0.0,0.7923731016521414,0.0
EE,decarbo-eu-naphta,2034,0.0,0.0,0.0,0.0,0.0,0.0,0.7686019086025772,0.0
EE,decarbo-eu-naphta,2035,0.0,0.0,0.0,0.0,0.0,0.0,0.737857832258474,0.0
EE,decarbo-eu-naphta,2036,0.0,0.0,0.0,0.0,0.0,0.0,0.7083435189681351,0.0
EE,decarbo-eu-naphta,2037,0.0,0.0,0.0,0.0,0.0,0.0,0.6800097782094097,0.0
EE,decarbo-eu-naphta,2038,0.0,0.0,0.0,0.0,0.0,0.0,0.6528093870810333,0.0
EE,decarbo-eu-naphta,2039,0.0,0.0,0.0,0.0,0.0,0.0,0.626697011597792,0.0
EE,decarbo-eu-naphta,2040,0.0,0.0,0.0,0.0,0.0,0.0,0.6016291311338803,0.0
EE,decarbo-eu-naphta,2041,0.0,0.0,0.0,0.0,0.0,0.0,0.5775639658885251,0.0
EE,decarbo-eu-naphta,2042,0.0,0.0,0.0,0.0,0.0,0.0,0.5544614072529841,0.0
EE,decarbo-eu-naphta,2043,0.0,0.0,0.0,0.0,0.0,0.0,0.5322829509628647,0.0
EE,decarbo-eu-naphta,2044,0.0,0.0,0.0,0.0,0.0,0.0,0.5109916329243501,0.0
EE,decarbo-eu-naphta,2045,0.0,0.0,0.0,0.0,0.0,0.0,0.4854420512781326,0.0
EE,decarbo-eu-naphta,2046,0.0,0.0,0.0,0.0,0.0,0.0,0.46116994871422595,0.0
EE,decarbo-eu-naphta,2047,0.0,0.0,0.0,0.0,0.0,0.0,0.43811145127851464,0.0
EE,decarbo-eu-naphta,2048,0.0,0.0,0.0,0.0,0.0,0.0,0.41620587871458886,0.0
EE,decarbo-eu-naphta,2049,0.0,0.0,0.0,0.0,0.0,0.0,0.3953955847788594,0.0
EE,decarbo-eu-naphta,2050,0.0,0.0,0.0,0.0,0.0,0.0,0.3756258055399164,0.0
ES,decarbo-eu-naphta,2019,25210250.0,25210250.0,0.0,1478833.265,401347.18,225379.635,1.0,0.0
ES,decarbo-eu-naphta,2020,25084198.75,25084198.75,0.0,1471439.098675,399340.4441,224252.736825,0.995,0.0
ES,decarbo-eu-naphta,2021,24958777.75625,24958777.75625,0.0,1464081.903181625,397343.74187950004,223131.47314087502,0.990025,0.0
ES,decarbo-eu-naphta,2022,24833983.867468752,24833983.867468752,0.0,1456761.4936657168,395357.02317010256,222015.81577517063,0.985074875,0.0
ES,decarbo-eu-naphta,2023,24709813.94813141,24709813.94813141,0.0,1449477.6861973885,393380.23805425206,220905.7366962948,0.9801495006250001,0.0
ES,decarbo-eu-naphta,2024,24586264.87839075,24586264.87839075,0.0,1442230.2977664014,391413.33686398074,219801.20801281332,0.9752487531218751,0.0
ES,decarbo-eu-naphta,2025,24463333.553998798,24463333.553998798,0.0,1435019.1462775695,389456.2701796609,218702.20197274926,0.9703725093562657,0.0
ES,decarbo-eu-naphta,2026,23974066.882918824,23974066.882918824,0.0,1406318.763352018,381667.1447760677,214328.15793329428,0.9509650591691404,0.0
ES,decarbo-eu-naphta,2027,23494585.545260448,23494585.545260448,0.0,1378192.3880849779,374033.8018805463,210041.5947746284,0.9319457579857576,0.0
ES,decarbo-eu-naphta,2028,23024693.83435524,23024693.83435524,0.0,1350628.5403232782,366553.1258429354,205840.76287913584,0.9133068428260425,0.0
ES,decarbo-eu-naphta,2029,22564199.95766813,22564199.95766813,0.0,1323615.9695168124,359222.0633260766,201723.9476215531,0.8950407059695216,0.0
ES,decarbo-eu-naphta,2030,21887273.95893809,21887273.95893809,0.0,1283907.4904313083,348445.40142629435,195672.2291929065,0.8681894847904359,0.0
ES,decarbo-eu-naphta,2031,21230655.740169942,21230655.740169942,0.0,1245390.2657183688,337992.0393835055,189802.06231711927,0.8421438002467228,0.0
ES,decarbo-eu-naphta,2032,20593736.067964844,20593736.067964844,0.0,1208028.5577468178,327852.2782020003,184108.0004476057,0.816879486239321,0.0
ES,decarbo-eu-naphta,2033,19975923.985925898,19975923.985925898,0.0,1171787.701014413,318016.7098559403,178584.76043417753,0.7923731016521414,0.0
ES,decarbo-eu-naphta,2034,19376646.26634812,19376646.26634812,0.0,1136634.0699839806,308476.20856026205,173227.2176211522,0.7686019086025772,0.0
ES,decarbo-eu-naphta,2035,18601580.415694196,18601580.415694196,0.0,1091168.7071846214,296137.1602178516,166298.1289163061,0.737857832258474,0.0
ES,decarbo-eu-naphta,2036,17857517.199066427,17857517.199066427,0.0,1047521.9588972365,284291.6738091375,159646.20375965384,0.7083435189681351,0.0
ES,decarbo-eu-naphta,2037,17143216.51110377,17143216.51110377,0.0,1005621.0805413472,272920.00685677206,153260.35560926772,0.6800097782094097,0.0
ES,decarbo-eu-naphta,2038,16457487.85065962,16457487.85065962,0.0,965396.2373196932,262003.20658250115,147129.941384897,0.6528093870810333,0.0
ES,decarbo-eu-naphta,2039,15799188.336633235,15799188.336633235,0.0,926780.3878269056,251523.0783192011,141244.74372950112,0.626697011597792,0.0
ES,decarbo-eu-naphta,2040,15167220.803167906,15167220.803167906,0.0,889709.1723138293,241462.15518643305,135594.95398032106,0.6016291311338803,0.0
ES,decarbo-eu-naphta,2041,14560531.97104119,14560531.97104119,0.0,854120.8054212761,231803.66897897574,130171.15582110823,0.5775639658885251,0.0
ES,decarbo-eu-naphta,2042,13978110.692199543,13978110.692199543,0.0,819955.9732044252,222531.52221981672,124964.30958826392,0.5544614072529841,0.0
ES,decarbo-eu-naphta,2043,13418986.26451156,13418986.26451156,0.0,787157.734276248,213630.26133102403,119965.73720473333,0.5322829509628647,0.0
ES,decarbo-eu-naphta,2044,12882226.813931098,12882226.813931098,0.0,755671.4249051982,205085.0508777831,115167.10771654402,0.5109916329243501,0.0
ES,decarbo-eu-naphta,2045,12238115.473234544,12238115.473234544,0.0,717887.8536599383,194830.79833389394,109408.75233071682,0.4854420512781326,0.0
ES,decarbo-eu-naphta,2046,11626209.699572815,11626209.699572815,0.0,681993.4609769413,185089.25841719922,103938.31471418096,0.46116994871422595,0.0
ES,decarbo-eu-naphta,2047,11044899.214594174,11044899.214594174,0.0,647893.7879280943,175834.79549633924,98741.39897847192,0.43811145127851464,0.0
ES,decarbo-eu-naphta,2048,10492654.253864463,10492654.253864463,0.0,615499.0985316894,167043.05572152225,93804.3290295483,0.41620587871458886,0.0
ES,decarbo-eu-naphta,2049,9968021.54117124,9968021.54117124,0.0,584724.1436051049,158690.90293544612,89114.11257807088,0.3953955847788594,0.0
ES,decarbo-eu-naphta,2050,9469620.464112679,9469620.464112679,0.0,555487.9364248497,150756.35778867383,84658.40694916734,0.3756258055399164,0.0
FI,decarbo-eu-naphta,2019,10640862.307269858,10640862.307269858,0.0,624192.9829444499,169402.52793173614,95129.30902699253,1.0,0.0
FI,decarbo-eu-naphta,2020,10587657.995733509,10587657.995733509,0.0,621072.0180297276,168555.51529207747,94653.66248185757,0.995,0.0
FI,decarbo-eu-naphta,2021,10534719.705754843,10534719.705754843,0.0,617966.657939579,167712.73771561708,94180.3941694483,0.990025,0.0
FI,decarbo-eu-naphta,2022,10482046.107226068,10482046.107226068,0.0,614876.8246498811,166874.174027039,93709.49219860104,0.985074875,0.0
FI,decarbo-eu-naphta,2023,10429635.876689937,10429635.876689937,0.0,611802.4405266317,166039.8031569038,93240.94473760804,0.9801495006250001,0.0
FI,decarbo-eu-naphta,2024,10377487.697306488,10377487.697306488,0.0,608743.4283239986,165209.6041411193,92774.74001392,0.9752487531218751,0.0
FI,decarbo-eu-naphta,2025,10325600.258819956,10325600.258819956,0.0,605699.7111823786,164383.5561204137,92310.8663138504,0.9703725093562657,0.0
FI,decarbo-eu-naphta,2026,10119088.253643557,10119088.253643557,0.0,593585.7169587311,161095.88499800544,90464.6489875734,0.9509650591691404,0.0
FI,decarbo-eu-naphta,2027,9916706.488570686,9916706.488570686,0.0,581714.0026195564,157873.96729804532,88655.35600782193,0.9319457579857576,0.0
FI,decarbo-eu-naphta,2028,9718372.358799271,9718372.358799271,0.0,570079.7225671653,154716.4879520844,86882.24888766548,0.9133068428260425,0.0
FI,decarbo-eu-naphta,2029,9524004.911623286,9524004.911623286,0.0,558678.128115822,151622.1581930427,85144.60390991218,0.8950407059695216,0.0
FI,decarbo-eu-naphta,2030,9238284.764274588,9238284.764274588,0.0,541917.7842723473,147073.49344725144,82590.26579261481,0.8681894847904359,0.0
FI,decarbo-eu-naphta,2031,8961136.221346349,8961136.221346349,0.0,525660.2507441768,142661.28864383386,80112.55781883636,0.8421438002467228,0.0
FI,decarbo-eu-naphta,2032,8692302.134705959,8692302.134705959,0.0,509890.44322185154,138381.44998451887,77709.18108427127,0.816879486239321,0.0
FI,decarbo-eu-naphta,2033,8431533.070664778,8431533.070664778,0.0,494593.72992519586,134230.00648498329,75377.90565174312,0.7923731016521414,0.0
FI,decarbo-eu-naphta,2034,8178587.078544836,8178587.078544836,0.0,479755.91802744,130203.10629043379,73116.56848219084,0.7686019086025772,0.0
FI,decarbo-eu-naphta,2035,7851443.595403042,7851443.595403042,0.0,460565.6813063424,124994.98203881642,70191.9057429032,0.737857832258474,0.0
FI,decarbo-eu-naphta,2036,7537385.85158692,7537385.85158692,0.0,442143.0540540887,119995.18275726377,67384.22951318706,0.7083435189681351,0.0
FI,decarbo-eu-naphta,2037,7235890.417523444,7235890.417523444,0.0,424457.3318919252,115195.37544697322,64688.860332659584,0.6800097782094097,0.0
FI,decarbo-eu-naphta,2038,6946454.800822506,6946454.800822506,0.0,407479.0386162482,110587.56042909429,62101.3059193532,0.6528093870810333,0.0
FI,decarbo-eu-naphta,2039,6668596.608789606,6668596.608789606,0.0,391179.87707159825,106164.05801193052,59617.25368257908,0.626697011597792,0.0
FI,decarbo-eu-naphta,2040,6401852.744438021,6401852.744438021,0.0,375532.68198873434,101917.4956914533,57232.56353527591,0.6016291311338803,0.0
FI,decarbo-eu-naphta,2041,6145778.634660501,6145778.634660501,0.0,360511.374709185,97840.79586379518,54943.26099386488,0.5775639658885251,0.0
FI,decarbo-eu-naphta,2042,5899947.489274081,5899947.489274081,0.0,346090.9197208176,93927.16402924337,52745.530554110286,0.5544614072529841,0.0
FI,decarbo-eu-naphta,2043,5663949.5897031175,5663949.5897031175,0.0,332247.28293198487,90170.07746807364,50635.70933194587,0.5322829509628647,0.0
FI,decarbo-eu-naphta,2044,5437391.606114993,5437391.606114993,0.0,318957.39161470544,86563.27436935069,48610.28095866804,0.5109916329243501,0.0
FI,decarbo-eu-naphta,2045,5165522.025809243,5165522.025809243,0.0,303009.5220339702,82235.11065088316,46179.76691073464,0.4854420512781326,0.0
FI,decarbo-eu-naphta,2046,4907245.924518781,4907245.924518781,0.0,287859.0459322717,78123.355118339,43870.7785651979,0.46116994871422595,0.0
FI,decarbo-eu-naphta,2047,4661883.628292841,4661883.628292841,0.0,273466.09363565804,74217.18736242203,41677.239636938,0.43811145127851464,0.0
FI,decarbo-eu-naphta,2048,4428789.4468781985,4428789.4468781985,0.0,259792.7889538751,70506.32799430093,39593.37765509109,0.41620587871458886,0.0
FI,decarbo-eu-naphta,2049,4207349.974534289,4207349.974534289,0.0,246803.1495061814,66981.01159458589,37613.70877233654,0.3953955847788594,0.0
FI,decarbo-eu-naphta,2050,3996982.475807574,3996982.475807574,0.0,234462.9920308723,63631.96101485658,35733.02333371971,0.3756258055399164,0.0
FR,decarbo-eu-naphta,2019,80333811.99999999,80333811.99999999,0.0,4712381.411919999,1278914.2870399999,718184.2792799999,1.0,0.0
FR,decarbo-eu-naphta,2020,79932142.93999998,79932142.93999998,0.0,4688819.504860398,1272519.7156047998,714593.3578835998,0.995,0.0
FR,decarbo-eu-naphta,2021,79532482.22529998,79532482.22529998,0.0,4665375.407336097,1266157.1170267758,711020.3910941819,0.990025,0.0
FR,decarbo-eu-naphta,2022,79134819.81417349,79134819.81417349,0.0,4642048.530299417,1259826.331441642,707465.289138711,0.985074875,0.0
FR,decarbo-eu-naphta,2023,78739145.71510263,78739145.71510263,0.0,4618838.28764792,1253527.199784434,703927.9626930174,0.9801495006250001,0.0
FR,decarbo-eu-naphta,2024,78345449.98652712,78345449.98652712,0.0,4595744.096209681,1247259.5637855118,700408.3228795524,0.9752487531218751,0.0
FR,decarbo-eu-naphta,2025,77953722.73659448,77953722.73659448,0.0,4572765.375728632,1241023.2659665842,696906.2812651547,0.9703725093562657,0.0
FR,decarbo-eu-naphta,2026,76394648.28186259,76394648.28186259,0.0,4481310.068214059,1216202.8006472525,682968.1556398516,0.9509650591691404,0.0
FR,decarbo-eu-naphta,2027,74866755.31622534,74866755.31622534,0.0,4391683.866849778,1191878.7446343075,669308.7925270546,0.9319457579857576,0.0
FR,decarbo-eu-naphta,2028,73369420.20990083,73369420.20990083,0.0,4303850.189512782,1168041.1697416212,655922.6166765133,0.9133068428260425,0.0
FR,decarbo-eu-naphta,2029,71902031.8057028,71902031.8057028,0.0,4217773.185722526,1144680.3463467886,642804.164342983,0.8950407059695216,0.0
FR,decarbo-eu-naphta,2030,69744970.85153173,69744970.85153173,0.0,4091239.990150851,1110339.9359563852,623520.0394126937,0.8681894847904359,0.0
FR,decarbo-eu-naphta,2031,67652621.72598577,67652621.72598577,0.0,3968502.7904463247,1077029.7378776935,604814.4382303128,0.8421438002467228,0.0
FR,decarbo-eu-naphta,2032,65623043.074206196,65623043.074206196,0.0,3849447.7067329353,1044718.8457413627,586670.0050834034,0.816879486239321,0.0
FR,decarbo-eu-naphta,2033,63654351.78198,63654351.78198,0.0,3733964.2755309464,1013377.2803691216,569069.9049309012,0.7923731016521414,0.0
FR,decarbo-eu-naphta,2034,61744721.2285206,61744721.2285206,0.0,3621945.347265018,982975.9619580479,551997.8077829742,0.7686019086025772,0.0
FR,decarbo-eu-naphta,2035,59274932.37937978,59274932.37937978,0.0,3477067.5333744176,943656.9234797261,529917.8954716552,0.737857832258474,0.0
FR,decarbo-eu-naphta,2036,56903935.084204584,56903935.084204584,0.0,3337984.8320394405,905910.646540537,508721.17965278897,0.7083435189681351,0.0
FR,decarbo-eu-naphta,2037,54627777.6808364,54627777.6808364,0.0,3204465.4387578634,869674.2206789155,488372.3324666774,0.6800097782094097,0.0
FR,decarbo-eu-naphta,2038,52442666.57360295,52442666.57360295,0.0,3076286.821207549,834887.251851759,468837.4391680104,0.6528093870810333,0.0
FR,decarbo-eu-naphta,2039,50344959.91065884,50344959.91065884,0.0,2953235.348359247,801491.7617776886,450083.94160129,0.626697011597792,0.0
FR,decarbo-eu-naphta,2040,48331161.51423248,48331161.51423248,0.0,2835105.934424877,769432.091306581,432080.5839372384,0.6016291311338803,0.0
FR,decarbo-eu-naphta,2041,46397915.05366318,46397915.05366318,0.0,2721701.697047882,738654.8076543178,414797.3605797488,0.5775639658885251,0.0
FR,decarbo-eu-naphta,2042,44541998.45151665,44541998.45151665,0.0,2612833.6291659665,709108.6153481451,398205.46615655883,0.5544614072529841,0.0
FR,decarbo-eu-naphta,2043,42760318.51345599,42760318.51345599,0.0,2508320.283999328,680744.2707342193,382277.2475102965,0.5322829509628647,0.0
FR,decarbo-eu-naphta,2044,41049905.77291775,41049905.77291775,0.0,2407987.472639355,653514.4999048505,366986.1576098847,0.5109916329243501,0.0
FR,decarbo-eu-naphta,2045,38997410.484271854,38997410.484271854,0.0,2287588.0990073867,620838.774909608,348636.84972939035,0.4854420512781326,0.0
FR,decarbo-eu-naphta,2046,37047539.960058264,37047539.960058264,0.0,2173208.6940570176,589796.8361641276,331205.00724292087,0.46116994871422595,0.0
FR,decarbo-eu-naphta,2047,35195162.96205535,35195162.96205535,0.0,2064548.2593541667,560306.9943559212,314644.7568807748,0.43811145127851464,0.0
FR,decarbo-eu-naphta,2048,33435404.813952576,33435404.813952576,0.0,1961320.846386458,532291.644638125,298912.51903673605,0.41620587871458886,0.0
FR,decarbo-eu-naphta,2049,31763634.573254947,31763634.573254947,0.0,1863254.804067135,505677.0624062187,283966.89308489923,0.3953955847788594,0.0
FR,decarbo-eu-naphta,2050,30175452.8445922,30175452.8445922,0.0,1770092.0638637783,480393.2092859078,269768.5484306543,0.3756258055399164,0.0
GR,decarbo-eu-naphta,2019,48888.99999999999,48888.99999999999,0.0,2867.8287399999995,778.3128799999998,437.06765999999993,1.0,0.0
GR,decarbo-eu-naphta,2020,48644.55499999999,48644.55499999999,0.0,2853.4895962999994,774.4213155999998,434.8823216999999,0.995,0.0
GR,decarbo-eu-naphta,2021,48401.332225,48401.332225,0.0,2839.2221483185,770.549209022,432.70791009149997,0.990025,0.0
GR,decarbo-eu-naphta,2022,48159.32556387499,48159.32556387499,0.0,2825.0260375769067,766.6964629768898,430.54437054104244,0.985074875,0.0
GR,decarbo-eu-naphta,2023,47918.52893605562,47918.52893605562,0.0,2810.9009073890224,762.8629806620055,428.3916486883372,0.9801495006250001,0.0
GR,decarbo-eu-naphta,2024,47678.93629137534,47678.93629137534,0.0,2796.8464028520775,759.0486657586955,426.2496904448956,0.9752487531218751,0.0
GR,decarbo-eu-naphta,2025,47440.541609918466,47440.541609918466,0.0,2782.862170837817,755.253422429902,424.1184419926711,0.9703725093562657,0.0
GR,decarbo-eu-naphta,2026,46491.7307777201,46491.7307777201,0.0,2727.204927421061,740.148353981304,415.6360731528177,0.9509650591691404,0.0
GR,decarbo-eu-naphta,2027,45561.8961621657,45561.8961621657,0.0,2672.6608288726397,725.3453869016779,407.32335168976135,0.9319457579857576,0.0
GR,decarbo-eu-naphta,2028,44650.658238922384,44650.658238922384,0.0,2619.207612295187,710.8384791636444,399.1768846559661,0.9133068428260425,0.0
GR,decarbo-eu-naphta,2029,43757.64507414393,43757.64507414393,0.0,2566.823460049283,696.6217095803714,391.19334696284676,0.8950407059695216,0.0
GR,decarbo-eu-naphta,2030,42444.91572191961,42444.91572191961,0.0,2489.8187562478042,675.7230582929602,379.4575465539613,0.8681894847904359,0.0
GR,decarbo-eu-naphta,2031,41171.568250262026,41171.568250262026,0.0,2415.1241935603703,655.4513665441715,368.07382015734254,0.8421438002467228,0.0
GR,decarbo-eu-naphta,2032,39936.42120275416,39936.42120275416,0.0,2342.6704677535586,635.7878255478462,357.0316055526222,0.816879486239321,0.0
GR,decarbo-eu-naphta,2033,38738.32856667153,38738.32856667153,0.0,2272.3903537209517,616.7141907814108,346.3206573860435,0.7923731016521414,0.0
GR,decarbo-eu-naphta,2034,37576.17870967139,37576.17870967139,0.0,2204.2186431093237,598.2127650579686,335.9310376644622,0.7686019086025772,0.0
GR,decarbo-eu-naphta,2035,36073.13156128453,36073.13156128453,0.0,2116.0498973849503,574.2842544556497,322.4937961578837,0.737857832258474,0.0
GR,decarbo-eu-naphta,2036,34630.20629883315,34630.20629883315,0.0,2031.4079014895526,551.3128842774238,309.5940443115684,0.7083435189681351,0.0
GR,decarbo-eu-naphta,2037,33244.998046879824,33244.998046879824,0.0,1950.1515854299703,529.2603689063268,297.2102825391056,0.6800097782094097,0.0
GR,decarbo-eu-naphta,2038,31915.198125004634,31915.198125004634,0.0,1872.1455220127716,508.08995415007377,285.3218712375414,0.6528093870810333,0.0
GR,decarbo-eu-naphta,2039,30638.590200004448,30638.590200004448,0.0,1797.2597011322607,487.7663559840708,273.9089963880398,0.626697011597792,0.0
GR,decarbo-eu-naphta,2040,29413.04659200427,29413.04659200427,0.0,1725.3693130869704,468.255701744708,262.95263653251817,0.6016291311338803,0.0
GR,decarbo-eu-naphta,2041,28236.5247283241,28236.5247283241,0.0,1656.3545405634916,449.5254736749197,252.43453107121746,0.5775639658885251,0.0
GR,decarbo-eu-naphta,2042,27107.063739191137,27107.063739191137,0.0,1590.100358940952,431.5444547279229,242.33714982836875,0.5544614072529841,0.0
GR,decarbo-eu-naphta,2043,26022.78118962349,26022.78118962349,0.0,1526.4963445833139,414.28267653880596,232.64366383523398,0.5322829509628647,0.0
GR,decarbo-eu-naphta,2044,24981.86994203855,24981.86994203855,0.0,1465.4364907999811,397.7113694772537,223.33791728182464,0.5109916329243501,0.0
GR,decarbo-eu-naphta,2045,23732.776444936622,23732.776444936622,0.0,1392.1646662599821,377.825801003391,212.1710214177334,0.4854420512781326,0.0
GR,decarbo-eu-naphta,2046,22546.13762268979,22546.13762268979,0.0,1322.5564329469828,358.93451095322143,201.5624703468467,0.46116994871422595,0.0
GR,decarbo-eu-naphta,2047,21418.8307415553,21418.8307415553,0.0,1256.4286112996338,340.9877854055604,191.48434682950437,0.43811145127851464,0.0
GR,decarbo-eu-naphta,2048,20347.88920447753,20347.88920447753,0.0,1193.6071807346518,323.9383961352823,181.91012948802913,0.41620587871458886,0.0
GR,decarbo-eu-naphta,2049,19330.494744253654,19330.494744253654,0.0,1133.9268216979192,307.74147632851816,172.81462301362768,0.3953955847788594,0.0
GR,decarbo-eu-naphta,2050,18363.97000704097,18363.97000704097,0.0,1077.2304806130232,292.35440251209224,164.17389186294628,0.3756258055399164,0.0
HR,decarbo-eu-naphta,2019,0.0,0.0,0.0,0.0,0.0,0.0,1.0,0.0
HR,decarbo-eu-naphta,2020,0.0,0.0,0.0,0.0,0.0,0.0,0.995,0.0
HR,decarbo-eu-naphta,2021,0.0,0.0,0.0,0.0,0.0,0.0,0.990025,0.0
HR,decarbo-eu-naphta,2022,0.0,0.0,0.0,0.0,0.0,0.0,0.985074875,0.0
HR,decarbo-eu-naphta,2023,0.0,0.0,0.0,0.0,0.0,0.0,0.9801495006250001,0.0
HR,decarbo-eu-naphta,2024,0.0,0.0,0.0,0.0,0.0,0.0,0.9752487531218751,0.0
HR,decarbo-eu-naphta,2025,0.0,0.0,0.0,0.0,0.0,0.0,0.9703725093562657,0.0
HR,decarbo-eu-naphta,2026,0.0,0.0,0.0,0.0,0.0,0.0,0.9509650591691404,0.0
HR,decarbo-eu-naphta,2027,0.0,0.0,0.0,0.0,0.0,0.0,0.9319457579857576,0.0
HR,decarbo-eu-naphta,2028,0.0,0.0,0.0,0.0,0.0,0.0,0.9133068428260425,0.0
HR,decarbo-eu-naphta,2029,0.0,0.0,0.0,0.0,0.0,0.0,0.8950407059695216,0.0
HR,decarbo-eu-naphta,2030,0.0,0.0,0.0,0.0,0.0,0.0,0.8681894847904359,0.0
HR,decarbo-eu-naphta,2031,0.0,0.0,0.0,0.0,0.0,0.0,0.8421438002467228,0.0
HR,decarbo-eu-naphta,2032,0.0,0.0,0.0,0.0,0.0,0.0,0.816879486239321,0.0
HR,decarbo-eu-naphta,2033,0.0,0.0,0.0,0.0,0.0,0.0,0.7923731016521414,0.0
HR,decarbo-eu-naphta,2034,0.0,0.0,0.0,0.0,0.0,0.0,0.7686019086025772,0.0
HR,decarbo-eu-naphta,2035,0.0,0.0,0.0,0.0,0.0,0.0,0.737857832258474,0.0
HR,decarbo-eu-naphta,2036,0.0,0.0,0.0,0.0,0.0,0.0,0.7083435189681351,0.0
HR,decarbo-eu-naphta,2037,0.0,0.0,0.0,0.0,0.0,0.0,0.6800097782094097,0.0
HR,decarbo-eu-naphta,2038,0.0,0.0,0.0,0.0,0.0,0.0,0.6528093870810333,0.0
HR,decarbo-eu-naphta,2039,0.0,0.0,0.0,0.0,0.0,0.0,0.626697011597792,0.0
HR,decarbo-eu-naphta,2040,0.0,0.0,0.0,0.0,0.0,0.0,0.6016291311338803,0.0
HR,decarbo-eu-naphta,2041,0.0,0.0,0.0,0.0,0.0,0.0,0.5775639658885251,0.0
HR,decarbo-eu-naphta,2042,0.0,0.0,0.0,0.0,0.0,0.0,0.5544614072529841,0.0
HR,decarbo-eu-naphta,2043,0.0,0.0,0.0,0.0,0.0,0.0,0.5322829509628647,0.0
HR,decarbo-eu-naphta,2044,0.0,0.0,0.0,0.0,0.0,0.0,0.5109916329243501,0.0
HR,decarbo-eu-naphta,2045,0.0,0.0,0.0,0.0,0.0,0.0,0.4854420512781326,0.0
HR,decarbo-eu-naphta,2046,0.0,0.0,0.0,0.0,0.0,0.0,0.46116994871422595,0.0
HR,decarbo-eu-naphta,2047,0.0,0.0,0.0,0.0,0.0,0.0,0.43811145127851464,0.0
HR,decarbo-eu-naphta,2048,0.0,0.0,0.0,0.0,0.0,0.0,0.41620587871458886,0.0
HR,decarbo-eu-naphta,2049,0.0,0.0,0.0,0.0,0.0,0.0,0.3953955847788594,0.0
HR,decarbo-eu-naphta,2050,0.0,0.0,0.0,0.0,0.0,0.0,0.3756258055399164,0.0
HU,decarbo-eu-naphta,2019,11744999.999999998,11744999.999999998,0.0,688961.6999999998,186980.39999999997,105000.29999999999,1.0,0.0
HU,decarbo-eu-naphta,2020,11686274.999999998,11686274.999999998,0.0,685516.8914999999,186045.49799999996,104475.29849999999,0.995,0.0
HU,decarbo-eu-naphta,2021,11627843.624999998,11627843.624999998,0.0,682089.3070424999,185115.27050999997,103952.92200749999,0.990025,0.0
HU,decarbo-eu-naphta,2022,11569704.406874998,11569704.406874998,0.0,678678.8605072873,184189.69415744997,103433.15739746248,0.985074875,0.0
HU,decarbo-eu-naphta,2023,11511855.884840624,11511855.884840624,0.0,675285.4662047509,183268.74568666273,102915.99161047518,0.9801495006250001,0.0
HU,decarbo-eu-naphta,2024,11454296.60541642,11454296.60541642,0.0,671909.0388737272,182352.40195822943,102401.4116524228,0.9752487531218751,0.0
HU,decarbo-eu-naphta,2025,11397025.122389339,11397025.122389339,0.0,668549.4936793586,181440.63994843827,101889.40459416069,0.9703725093562657,0.0
HU,decarbo-eu-naphta,2026,11169084.619941553,11169084.619941553,0.0,655178.5038057715,177811.82714946952,99851.61650227748,0.9509650591691404,0.0
HU,decarbo-eu-naphta,2027,10945702.927542722,10945702.927542722,0.0,642074.933729656,174255.59060648014,97854.58417223193,0.9319457579857576,0.0
HU,decarbo-eu-naphta,2028,10726788.868991867,10726788.868991867,0.0,629233.4350550629,170770.47879435052,95897.49248878729,0.9133068428260425,0.0
HU,decarbo-eu-naphta,2029,10512253.09161203,10512253.09161203,0.0,616648.7663539617,167355.06921846353,93979.54263901155,0.8950407059695216,0.0
HU,decarbo-eu-naphta,2030,10196885.498863667,10196885.498863667,0.0,598149.3033633427,162334.4171419096,91160.15635984119,0.8681894847904359,0.0
HU,decarbo-eu-naphta,2031,9890978.933897758,9890978.933897758,0.0,580204.8242624424,157464.3846276523,88425.35166904595,0.8421438002467228,0.0
HU,decarbo-eu-naphta,2032,9594249.565880824,9594249.565880824,0.0,562798.6795345691,152740.45308882272,85772.59111897457,0.816879486239321,0.0
HU,decarbo-eu-naphta,2033,9306422.0789044,9306422.0789044,0.0,545914.719148532,148158.23949615806,83199.41338540534,0.7923731016521414,0.0
HU,decarbo-eu-naphta,2034,9027229.416537268,9027229.416537268,0.0,529537.2775740761,143713.49231127332,80703.43098384318,0.7686019086025772,0.0
HU,decarbo-eu-naphta,2035,8666140.239875777,8666140.239875777,0.0,508355.78647111304,137964.95261882237,77475.29374448945,0.737857832258474,0.0
HU,decarbo-eu-naphta,2036,8319494.630280745,8319494.630280745,0.0,488021.5550122685,132446.35451406948,74376.28199470986,0.7083435189681351,0.0
HU,decarbo-eu-naphta,2037,7986714.8450695155,7986714.8450695155,0.0,468500.69281177776,127148.50033350669,71401.23071492148,0.6800097782094097,0.0
HU,decarbo-eu-naphta,2038,7667246.251266735,7667246.251266735,0.0,449760.6650993066,122062.56032016642,68545.18148632461,0.6528093870810333,0.0
HU,decarbo-eu-naphta,2039,7360556.4012160655,7360556.4012160655,0.0,431770.2384953344,117180.05790735976,65803.37422687163,0.626697011597792,0.0
HU,decarbo-eu-naphta,2040,7066134.1451674225,7066134.1451674225,0.0,414499.42895552097,112492.85559106537,63171.239257796755,0.6016291311338803,0.0
HU,decarbo-eu-naphta,2041,6783488.7793607265,6783488.7793607265,0.0,397919.4517973002,107993.14136742277,60644.389687484894,0.5775639658885251,0.0
HU,decarbo-eu-naphta,2042,6512149.228186297,6512149.228186297,0.0,382002.67372540815,103673.41571272585,58218.6140999855,0.5544614072529841,0.0
HU,decarbo-eu-naphta,2043,6251663.259058845,6251663.259058845,0.0,366722.5667763918,99526.47908421681,55889.86953598608,0.5322829509628647,0.0
HU,decarbo-eu-naphta,2044,6001596.728696492,6001596.728696492,0.0,352053.6641053362,95545.41992084814,53654.27475454663,0.5109916329243501,0.0
HU,decarbo-eu-naphta,2045,5701516.892261666,5701516.892261666,0.0,334450.98090006935,90768.14892480573,50971.561016819294,0.4854420512781326,0.0
HU,decarbo-eu-naphta,2046,5416441.047648583,5416441.047648583,0.0,317728.43185506586,86229.74147856544,48422.98296597833,0.46116994871422595,0.0
HU,decarbo-eu-naphta,2047,5145618.9952661535,5145618.9952661535,0.0,301842.01026231254,81918.25440463716,46001.83381767941,0.43811145127851464,0.0
HU,decarbo-eu-naphta,2048,4888338.045502845,4888338.045502845,0.0,286749.9097491969,77822.3416844053,43701.742126795434,0.41620587871458886,0.0
HU,decarbo-eu-naphta,2049,4643921.143227703,4643921.143227703,0.0,272412.414261737,73931.22460018503,41516.65502045566,0.3953955847788594,0.0
HU,decarbo-eu-naphta,2050,4411725.086066318,4411725.086066318,0.0,258791.7935486502,70234.66337017578,39440.82226943288,0.3756258055399164,0.0
IE,decarbo-eu-naphta,2019,0.0,0.0,0.0,0.0,0.0,0.0,1.0,0.0
IE,decarbo-eu-naphta,2020,0.0,0.0,0.0,0.0,0.0,0.0,0.995,0.0
IE,decarbo-eu-naphta,2021,0.0,0.0,0.0,0.0,0.0,0.0,0.990025,0.0
IE,decarbo-eu-naphta,2022,0.0,0.0,0.0,0.0,0.0,0.0,0.985074875,0.0
IE,decarbo-eu-naphta,2023,0.0,0.0,0.0,0.0,0.0,0.0,0.9801495006250001,0.0
IE,decarbo-eu-naphta,2024,0.0,0.0,0.0,0.0,0.0,0.0,0.9752487531218751,0.0
IE,decarbo-eu-naphta,2025,0.0,0.0,0.0,0.0,0.0,0.0,0.9703725093562657,0.0
IE,decarbo-eu-naphta,2026,0.0,0.0,0.0,0.0,0.0,0.0,0.9509650591691404,0.0
IE,decarbo-eu-naphta,2027,0.0,0.0,0.0,0.0,0.0,0.0,0.9319457579857576,0.0
IE,decarbo-eu-naphta,2028,0.0,0.0,0.0,0.0,0.0,0.0,0.9133068428260425,0.0
IE,decarbo-eu-naphta,2029,0.0,0.0,0.0,0.0,0.0,0.0,0.8950407059695216,0.0
IE,decarbo-eu-naphta,2030,0.0,0.0,0.0,0.0,0.0,0.0,0.8681894847904359,0.0
IE,decarbo-eu-naphta,2031,0.0,0.0,0.0,0.0,0.0,0.0,0.8421438002467228,0.0
IE,decarbo-eu-naphta,2032,0.0,0.0,0.0,0.0,0.0,0.0,0.816879486239321,0.0
IE,decarbo-eu-naphta,2033,0.0,0.0,0.0,0.0,0.0,0.0,0.7923731016521414,0.0
IE,decarbo-eu-naphta,2034,0.0,0.0,0.0,0.0,0.0,0.0,0.7686019086025772,0.0
IE,decarbo-eu-naphta,2035,0.0,0.0,0.0,0.0,0.0,0.0,0.737857832258474,0.0
IE,decarbo-eu-naphta,2036,0.0,0.0,0.0,0.0,0.0,0.0,0.7083435189681351,0.0
IE,decarbo-eu-naphta,2037,0.0,0.0,0.0,0.0,0.0,0.0,0.6800097782094097,0.0
IE,decarbo-eu-naphta,2038,0.0,0.0,0.0,0.0,0.0,0.0,0.6528093870810333,0.0
IE,decarbo-eu-naphta,2039,0.0,0.0,0.0,0.0,0.0,0.0,0.626697011597792,0.0
IE,decarbo-eu-naphta,2040,0.0,0.0,0.0,0.0,0.0,0.0,0.6016291311338803,0.0
IE,decarbo-eu-naphta,2041,0.0,0.0,0.0,0.0,0.0,0.0,0.5775639658885251,0.0
IE,decarbo-eu-naphta,2042,0.0,0.0,0.0,0.0,0.0,0.0,0.5544614072529841,0.0
IE,decarbo-eu-naphta,2043,0.0,0.0,0.0,0.0,0.0,0.0,0.5322829509628647,0.0
IE,decarbo-eu-naphta,2044,0.0,0.0,0.0,0.0,0.0,0.0,0.5109916329243501,0.0
IE,decarbo-eu-naphta,2045,0.0,0.0,0.0,0.0,0.0,0.0,0.4854420512781326,0.0
IE,decarbo-eu-naphta,2046,0.0,0.0,0.0,0.0,0.0,0.0,0.46116994871422595,0.0
IE,decarbo-eu-naphta,2047,0.0,0.0,0.0,0.0,0.0,0.0,0.43811145127851464,0.0
IE,decarbo-eu-naphta,2048,0.0,0.0,0.0,0.0,0.0,0.0,0.41620587871458886,0.0
IE,decarbo-eu-naphta,2049,0.0,0.0,0.0,0.0,0.0,0.0,0.3953955847788594,0.0
IE,decarbo-eu-naphta,2050,0.0,0.0,0.0,0.0,0.0,0.0,0.3756258055399164,0.0
IT,decarbo-eu-naphta,2019,28277221.999999993,28277221.999999993,0.0,1658741.8425199995,450173.37423999986,252798.36467999994,1.0,0.0
IT,decarbo-eu-naphta,2020,28135835.889999993,28135835.889999993,0.0,1650448.1333073995,447922.5073687999,251534.37285659995,0.995,0.0
IT,decarbo-eu-naphta,2021,27995156.710549995,27995156.710549995,0.0,1642195.8926408626,445682.89483195596,250276.70099231697,0.990025,0.0
IT,decarbo-eu-naphta,2022,27855180.926997244,27855180.926997244,0.0,1633984.9131776583,443454.4803577961,249025.31748735538,0.985074875,0.0
IT,decarbo-eu-naphta,2023,27715905.02236226,27715905.02236226,0.0,1625814.98861177,441237.20795600716,247780.19089991858,0.9801495006250001,0.0
IT,decarbo-eu-naphta,2024,27577325.49725045,27577325.49725045,0.0,1617685.9136687112,439031.0219162271,246541.289945419,0.9752487531218751,0.0
IT,decarbo-eu-naphta,2025,27439438.869764198,27439438.869764198,0.0,1609597.4841003676,436835.86680664605,245308.5834956919,0.9703725093562657,0.0
IT,decarbo-eu-naphta,2026,26890650.092368912,26890650.092368912,0.0,1577405.5344183603,428099.1494705131,240402.41182577808,0.9509650591691404,0.0
IT,decarbo-eu-naphta,2027,26352837.090521533,26352837.090521533,0.0,1545857.423729993,419537.1664811028,235594.3635892625,0.9319457579857576,0.0
IT,decarbo-eu-naphta,2028,25825780.348711103,25825780.348711103,0.0,1514940.2752553932,411146.4231514808,230882.47631747727,0.9133068428260425,0.0
IT,decarbo-eu-naphta,2029,25309264.74173688,25309264.74173688,0.0,1484641.4697502854,402923.4946884512,226264.8267911277,0.8950407059695216,0.0
IT,decarbo-eu-naphta,2030,24549986.799484774,24549986.799484774,0.0,1440102.2256577767,390835.7898477976,219476.8819873939,0.8681894847904359,0.0
IT,decarbo-eu-naphta,2031,23813487.19550023,23813487.19550023,0.0,1396899.1588880434,379110.71615236363,212892.57552777205,0.8421438002467228,0.0
IT,decarbo-eu-naphta,2032,23099082.57963522,23099082.57963522,0.0,1354992.184121402,367737.3946677927,206505.79826193888,0.816879486239321,0.0
IT,decarbo-eu-naphta,2033,22406110.10224616,22406110.10224616,0.0,1314342.4185977597,356705.2728277589,200310.6243140807,0.7923731016521414,0.0
IT,decarbo-eu-naphta,2034,21733926.79917878,21733926.79917878,0.0,1274912.146039827,346004.11464292614,194301.3055846583,0.7686019086025772,0.0
IT,decarbo-eu-naphta,2035,20864569.727211624,20864569.727211624,0.0,1223915.6601982338,332163.95005720906,186529.25336127193,0.737857832258474,0.0
IT,decarbo-eu-naphta,2036,20029986.938123163,20029986.938123163,0.0,1174959.0337903046,318877.3920549208,179068.08322682107,0.7083435189681351,0.0
IT,decarbo-eu-naphta,2037,19228787.460598234,19228787.460598234,0.0,1127960.6724386923,306122.2963727239,171905.35989774822,0.6800097782094097,0.0
IT,decarbo-eu-naphta,2038,18459635.962174308,18459635.962174308,0.0,1082842.2455411449,293877.404517815,165029.1455018383,0.6528093870810333,0.0
IT,decarbo-eu-naphta,2039,17721250.523687333,17721250.523687333,0.0,1039528.5557194989,282122.30833710235,158427.97968176476,0.626697011597792,0.0
IT,decarbo-eu-naphta,2040,17012400.50273984,17012400.50273984,0.0,997947.4134907189,270837.4160036182,152090.86049449418,0.6016291311338803,0.0
IT,decarbo-eu-naphta,2041,16331904.482630247,16331904.482630247,0.0,958029.5169510903,260003.91936347354,146007.22607471442,0.5775639658885251,0.0
IT,decarbo-eu-naphta,2042,15678628.303325037,15678628.303325037,0.0,919708.3362730466,249603.7625889346,140166.93703172583,0.5544614072529841,0.0
IT,decarbo-eu-naphta,2043,15051483.171192035,15051483.171192035,0.0,882920.0028221247,239619.6120853772,134560.2595504568,0.5322829509628647,0.0
IT,decarbo-eu-naphta,2044,14449423.844344353,14449423.844344353,0.0,847603.2027092397,230034.8276019621,129177.84916843852,0.5109916329243501,0.0
IT,decarbo-eu-naphta,2045,13726952.652127136,13726952.652127136,0.0,805223.0425737777,218533.086221864,122718.95671001659,0.4854420512781326,0.0
IT,decarbo-eu-naphta,2046,13040605.019520778,13040605.019520778,0.0,764961.8904450889,207606.4319107708,116583.00887451576,0.46116994871422595,0.0
IT,decarbo-eu-naphta,2047,12388574.76854474,12388574.76854474,0.0,726713.7959228343,197226.11031523225,110753.85843078997,0.43811145127851464,0.0
IT,decarbo-eu-naphta,2048,11769146.0301175,11769146.0301175,0.0,690378.1061266925,187364.8047994706,105216.16550925045,0.41620587871458886,0.0
IT,decarbo-eu-naphta,2049,11180688.728611626,11180688.728611626,0.0,655859.2008203579,177996.56455949708,99955.35723378793,0.3953955847788594,0.0
IT,decarbo-eu-naphta,2050,10621654.292181043,10621654.292181043,0.0,623066.2407793399,169096.7363315222,94957.58937209852,0.3756258055399164,0.0
LT,decarbo-eu-naphta,2019,0.0,0.0,0.0,0.0,0.0,0.0,1.0,0.0
LT,decarbo-eu-naphta,2020,0.0,0.0,0.0,0.0,0.0,0.0,0.995,0.0
LT,decarbo-eu-naphta,2021,0.0,0.0,0.0,0.0,0.0,0.0,0.990025,0.0
LT,decarbo-eu-naphta,2022,0.0,0.0,0.0,0.0,0.0,0.0,0.985074875,0.0
LT,decarbo-eu-naphta,2023,0.0,0.0,0.0,0.0,0.0,0.0,0.9801495006250001,0.0
LT,decarbo-eu-naphta,2024,0.0,0.0,0.0,0.0,0.0,0.0,0.9752487531218751,0.0
LT,decarbo-eu-naphta,2025,0.0,0.0,0.0,0.0,0.0,0.0,0.9703725093562657,0.0
LT,decarbo-eu-naphta,2026,0.0,0.0,0.0,0.0,0.0,0.0,0.9509650591691404,0.0
LT,decarbo-eu-naphta,2027,0.0,0.0,0.0,0.0,0.0,0.0,0.9319457579857576,0.0
LT,decarbo-eu-naphta,2028,0.0,0.0,0.0,0.0,0.0,0.0,0.9133068428260425,0.0
LT,decarbo-eu-naphta,2029,0.0,0.0,0.0,0.0,0.0,0.0,0.8950407059695216,0.0
LT,decarbo-eu-naphta,2030,0.0,0.0,0.0,0.0,0.0,0.0,0.8681894847904359,0.0
LT,decarbo-eu-naphta,2031,0.0,0.0,0.0,0.0,0.0,0.0,0.8421438002467228,0.0
LT,decarbo-eu-naphta,2032,0.0,0.0,0.0,0.0,0.0,0.0,0.816879486239321,0.0
LT,decarbo-eu-naphta,2033,0.0,0.0,0.0,0.0,0.0,0.0,0.7923731016521414,0.0
LT,decarbo-eu-naphta,2034,0.0,0.0,0.0,0.0,0.0,0.0,0.7686019086025772,0.0
LT,decarbo-eu-naphta,2035,0.0,0.0,0.0,0.0,0.0,0.0,0.737857832258474,0.0
LT,decarbo-eu-naphta,2036,0.0,0.0,0.0,0.0,0.0,0.0,0.7083435189681351,0.0
LT,decarbo-eu-naphta,2037,0.0,0.0,0.0,0.0,0.0,0.0,0.6800097782094097,0.0
LT,decarbo-eu-naphta,2038,0.0,0.0,0.0,0.0,0.0,0.0,0.6528093870810333,0.0
LT,decarbo-eu-naphta,2039,0.0,0.0,0.0,0.0,0.0,0.0,0.626697011597792,0.0
LT,decarbo-eu-naphta,2040,0.0,0.0,0.0,0.0,0.0,0.0,0.6016291311338803,0.0
LT,decarbo-eu-naphta,2041,0.0,0.0,0.0,0.0,0.0,0.0,0.5775639658885251,0.0
LT,decarbo-eu-naphta,2042,0.0,0.0,0.0,0.0,0.0,0.0,0.5544614072529841,0.0
LT,decarbo-eu-naphta,2043,0.0,0.0,0.0,0.0,0.0,0.0,0.5322829509628647,0.0
LT,decarbo-eu-naphta,2044,0.0,0.0,0.0,0.0,0.0,0.0,0.5109916329243501,0.0
LT,decarbo-eu-naphta,2045,0.0,0.0,0.0,0.0,0.0,0.0,0.4854420512781326,0.0
LT,decarbo-eu-naphta,2046,0.0,0.0,0.0,0.0,0.0,0.0,0.46116994871422595,0.0
LT,decarbo-eu-naphta,2047,0.0,0.0,0.0,0.0,0.0,0.0,0.43811145127851464,0.0
LT,decarbo-eu-naphta,2048,0.0,0.0,0.0,0.0,0.0,0.0,0.41620587871458886,0.0
LT,decarbo-eu-naphta,2049,0.0,0.0,0.0,0.0,0.0,0.0,0.3953955847788594,0.0
LT,decarbo-eu-naphta,2050,0.0,0.0,0.0,0.0,0.0,0.0,0.3756258055399164,0.0
LU,decarbo-eu-naphta,2019,0.0,0.0,0.0,0.0,0.0,0.0,1.0,0.0
LU,decarbo-eu-naphta,2020,0.0,0.0,0.0,0.0,0.0,0.0,0.995,0.0
LU,decarbo-eu-naphta,2021,0.0,0.0,0.0,0.0,0.0,0.0,0.990025,0.0
LU,decarbo-eu-naphta,2022,0.0,0.0,0.0,0.0,0.0,0.0,0.985074875,0.0
LU,decarbo-eu-naphta,2023,0.0,0.0,0.0,0.0,0.0,0.0,0.9801495006250001,0.0
LU,decarbo-eu-naphta,2024,0.0,0.0,0.0,0.0,0.0,0.0,0.9752487531218751,0.0
LU,decarbo-eu-naphta,2025,0.0,0.0,0.0,0.0,0.0,0.0,0.9703725093562657,0.0
LU,decarbo-eu-naphta,2026,0.0,0.0,0.0,0.0,0.0,0.0,0.9509650591691404,0.0
LU,decarbo-eu-naphta,2027,0.0,0.0,0.0,0.0,0.0,0.0,0.9319457579857576,0.0
LU,decarbo-eu-naphta,2028,0.0,0.0,0.0,0.0,0.0,0.0,0.9133068428260425,0.0
LU,decarbo-eu-naphta,2029,0.0,0.0,0.0,0.0,0.0,0.0,0.8950407059695216,0.0
LU,decarbo-eu-naphta,2030,0.0,0.0,0.0,0.0,0.0,0.0,0.8681894847904359,0.0
LU,decarbo-eu-naphta,2031,0.0,0.0,0.0,0.0,0.0,0.0,0.8421438002467228,0.0
LU,decarbo-eu-naphta,2032,0.0,0.0,0.0,0.0,0.0,0.0,0.816879486239321,0.0
LU,decarbo-eu-naphta,2033,0.0,0.0,0.0,0.0,0.0,0.0,0.7923731016521414,0.0
LU,decarbo-eu-naphta,2034,0.0,0.0,0.0,0.0,0.0,0.0,0.7686019086025772,0.0
LU,decarbo-eu-naphta,2035,0.0,0.0,0.0,0.0,0.0,0.0,0.737857832258474,0.0
LU,decarbo-eu-naphta,2036,0.0,0.0,0.0,0.0,0.0,0.0,0.7083435189681351,0.0
LU,decarbo-eu-naphta,2037,0.0,0.0,0.0,0.0,0.0,0.0,0.6800097782094097,0.0
LU,decarbo-eu-naphta,2038,0.0,0.0,0.0,0.0,0.0,0.0,0.6528093870810333,0.0
LU,decarbo-eu-naphta,2039,0.0,0.0,0.0,0.0,0.0,0.0,0.626697011597792,0.0
LU,decarbo-eu-naphta,2040,0.0,0.0,0.0,0.0,0.0,0.0,0.6016291311338803,0.0
LU,decarbo-eu-naphta,2041,0.0,0.0,0.0,0.0,0.0,0.0,0.5775639658885251,0.0
LU,decarbo-eu-naphta,2042,0.0,0.0,0.0,0.0,0.0,0.0,0.5544614072529841,0.0
LU,decarbo-eu-naphta,2043,0.0,0.0,0.0,0.0,0.0,0.0,0.5322829509628647,0.0
LU,decarbo-eu-naphta,2044,0.0,0.0,0.0,0.0,0.0,0.0,0.5109916329243501,0.0
LU,decarbo-eu-naphta,2045,0.0,0.0,0.0,0.0,0.0,0.0,0.4854420512781326,0.0
LU,decarbo-eu-naphta,2046,0.0,0.0,0.0,0.0,0.0,0.0,0.46116994871422595,0.0
LU,decarbo-eu-naphta,2047,0.0,0.0,0.0,0.0,0.0,0.0,0.43811145127851464,0.0
LU,decarbo-eu-naphta,2048,0.0,0.0,0.0,0.0,0.0,0.0,0.41620587871458886,0.0
LU,decarbo-eu-naphta,2049,0.0,0.0,0.0,0.0,0.0,0.0,0.3953955847788594,0.0
LU,decarbo-eu-naphta,2050,0.0,0.0,0.0,0.0,0.0,0.0,0.3756258055399164,0.0
LV,decarbo-eu-naphta,2019,0.0,0.0,0.0,0.0,0.0,0.0,1.0,0.0
LV,decarbo-eu-naphta,2020,0.0,0.0,0.0,0.0,0.0,0.0,0.995,0.0
LV,decarbo-eu-naphta,2021,0.0,0.0,0.0,0.0,0.0,0.0,0.990025,0.0
LV,decarbo-eu-naphta,2022,0.0,0.0,0.0,0.0,0.0,0.0,0.985074875,0.0
LV,decarbo-eu-naphta,2023,0.0,0.0,0.0,0.0,0.0,0.0,0.9801495006250001,0.0
LV,decarbo-eu-naphta,2024,0.0,0.0,0.0,0.0,0.0,0.0,0.9752487531218751,0.0
LV,decarbo-eu-naphta,2025,0.0,0.0,0.0,0.0,0.0,0.0,0.9703725093562657,0.0
LV,decarbo-eu-naphta,2026,0.0,0.0,0.0,0.0,0.0,0.0,0.9509650591691404,0.0
LV,decarbo-eu-naphta,2027,0.0,0.0,0.0,0.0,0.0,0.0,0.9319457579857576,0.0
LV,decarbo-eu-naphta,2028,0.0,0.0,0.0,0.0,0.0,0.0,0.9133068428260425,0.0
LV,decarbo-eu-naphta,2029,0.0,0.0,0.0,0.0,0.0,0.0,0.8950407059695216,0.0
LV,decarbo-eu-naphta,2030,0.0,0.0,0.0,0.0,0.0,0.0,0.8681894847904359,0.0
LV,decarbo-eu-naphta,2031,0.0,0.0,0.0,0.0,0.0,0.0,0.8421438002467228,0.0
LV,decarbo-eu-naphta,2032,0.0,0.0,0.0,0.0,0.0,0.0,0.816879486239321,0.0
LV,decarbo-eu-naphta,2033,0.0,0.0,0.0,0.0,0.0,0.0,0.7923731016521414,0.0
LV,decarbo-eu-naphta,2034,0.0,0.0,0.0,0.0,0.0,0.0,0.7686019086025772,0.0
LV,decarbo-eu-naphta,2035,0.0,0.0,0.0,0.0,0.0,0.0,0.737857832258474,0.0
LV,decarbo-eu-naphta,2036,0.0,0.0,0.0,0.0,0.0,0.0,0.7083435189681351,0.0
LV,decarbo-eu-naphta,2037,0.0,0.0,0.0,0.0,0.0,0.0,0.6800097782094097,0.0
LV,decarbo-eu-naphta,2038,0.0,0.0,0.0,0.0,0.0,0.0,0.6528093870810333,0.0
LV,decarbo-eu-naphta,2039,0.0,0.0,0.0,0.0,0.0,0.0,0.626697011597792,0.0
LV,decarbo-eu-naphta,2040,0.0,0.0,0.0,0.0,0.0,0.0,0.6016291311338803,0.0
LV,decarbo-eu-naphta,2041,0.0,0.0,0.0,0.0,0.0,0.0,0.5775639658885251,0.0
LV,decarbo-eu-naphta,2042,0.0,0.0,0.0,0.0,0.0,0.0,0.5544614072529841,0.0
LV,decarbo-eu-naphta,2043,0.0,0.0,0.0,0.0,0.0,0.0,0.5322829509628647,0.0
LV,decarbo-eu-naphta,2044,0.0,0.0,0.0,0.0,0.0,0.0,0.5109916329243501,0.0
LV,decarbo-eu-naphta,2045,0.0,0.0,0.0,0.0,0.0,0.0,0.4854420512781326,0.0
LV,decarbo-eu-naphta,2046,0.0,0.0,0.0,0.0,0.0,0.0,0.46116994871422595,0.0
LV,decarbo-eu-naphta,2047,0.0,0.0,0.0,0.0,0.0,0.0,0.43811145127851464,0.0
LV,decarbo-eu-naphta,2048,0.0,0.0,0.0,0.0,0.0,0.0,0.41620587871458886,0.0
LV,decarbo-eu-naphta,2049,0.0,0.0,0.0,0.0,0.0,0.0,0.3953955847788594,0.0
LV,decarbo-eu-naphta,2050,0.0,0.0,0.0,0.0,0.0,0.0,0.3756258055399164,0.0
MT,decarbo-eu-naphta,2019,0.0,0.0,0.0,0.0,0.0,0.0,1.0,0.0
MT,decarbo-eu-naphta,2020,0.0,0.0,0.0,0.0,0.0,0.0,0.995,0.0
MT,decarbo-eu-naphta,2021,0.0,0.0,0.0,0.0,0.0,0.0,0.990025,0.0
MT,decarbo-eu-naphta,2022,0.0,0.0,0.0,0.0,0.0,0.0,0.985074875,0.0
MT,decarbo-eu-naphta,2023,0.0,0.0,0.0,0.0,0.0,0.0,0.9801495006250001,0.0
MT,decarbo-eu-naphta,2024,0.0,0.0,0.0,0.0,0.0,0.0,0.9752487531218751,0.0
MT,decarbo-eu-naphta,2025,0.0,0.0,0.0,0.0,0.0,0.0,0.9703725093562657,0.0
MT,decarbo-eu-naphta,2026,0.0,0.0,0.0,0.0,0.0,0.0,0.9509650591691404,0.0
MT,decarbo-eu-naphta,2027,0.0,0.0,0.0,0.0,0.0,0.0,0.9319457579857576,0.0
MT,decarbo-eu-naphta,2028,0.0,0.0,0.0,0.0,0.0,0.0,0.9133068428260425,0.0
MT,decarbo-eu-naphta,2029,0.0,0.0,0.0,0.0,0.0,0.0,0.8950407059695216,0.0
MT,decarbo-eu-naphta,2030,0.0,0.0,0.0,0.0,0.0,0.0,0.8681894847904359,0.0
MT,decarbo-eu-naphta,2031,0.0,0.0,0.0,0.0,0.0,0.0,0.8421438002467228,0.0
MT,decarbo-eu-naphta,2032,0.0,0.0,0.0,0.0,0.0,0.0,0.816879486239321,0.0
MT,decarbo-eu-naphta,2033,0.0,0.0,0.0,0.0,0.0,0.0,0.7923731016521414,0.0
MT,decarbo-eu-naphta,2034,0.0,0.0,0.0,0.0,0.0,0.0,0.7686019086025772,0.0
MT,decarbo-eu-naphta,2035,0.0,0.0,0.0,0.0,0.0,0.0,0.737857832258474,0.0
MT,decarbo-eu-naphta,2036,0.0,0.0,0.0,0.0,0.0,0.0,0.7083435189681351,0.0
MT,decarbo-eu-naphta,2037,0.0,0.0,0.0,0.0,0.0,0.0,0.6800097782094097,0.0
MT,decarbo-eu-naphta,2038,0.0,0.0,0.0,0.0,0.0,0.0,0.6528093870810333,0.0
MT,decarbo-eu-naphta,2039,0.0,0.0,0.0,0.0,0.0,0.0,0.626697011597792,0.0
MT,decarbo-eu-naphta,2040,0.0,0.0,0.0,0.0,0.0,0.0,0.6016291311338803,0.0
MT,decarbo-eu-naphta,2041,0.0,0.0,0.0,0.0,0.0,0.0,0.5775639658885251,0.0
MT,decarbo-eu-naphta,2042,0.0,0.0,0.0,0.0,0.0,0.0,0.5544614072529841,0.0
MT,decarbo-eu-naphta,2043,0.0,0.0,0.0,0.0,0.0,0.0,0.5322829509628647,0.0
MT,decarbo-eu-naphta,2044,0.0,0.0,0.0,0.0,0.0,0.0,0.5109916329243501,0.0
MT,decarbo-eu-naphta,2045,0.0,0.0,0.0,0.0,0.0,0.0,0.4854420512781326,0.0
MT,decarbo-eu-naphta,2046,0.0,0.0,0.0,0.0,0.0,0.0,0.46116994871422595,0.0
MT,decarbo-eu-naphta,2047,0.0,0.0,0.0,0.0,0.0,0.0,0.43811145127851464,0.0
MT,decarbo-eu-naphta,2048,0.0,0.0,0.0,0.0,0.0,0.0,0.41620587871458886,0.0
MT,decarbo-eu-naphta,2049,0.0,0.0,0.0,0.0,0.0,0.0,0.3953955847788594,0.0
MT,decarbo-eu-naphta,2050,0.0,0.0,0.0,0.0,0.0,0.0,0.3756258055399164,0.0
NL,decarbo-eu-naphta,2019,73766007.0,73766007.0,0.0,4327113.97062,1174354.83144,659468.10258,1.0,0.0
NL,decarbo-eu-naphta,2020,73397176.965,73397176.965,0.0,4305478.4007669,1168483.0572828,656170.7620671,0.995,0.0
NL,decarbo-eu-naphta,2021,73030191.080175,73030191.080175,0.0,4283951.008763066,1162640.641996386,652889.9082567645,0.990025,0.0
NL,decarbo-eu-naphta,2022,72665040.12477413,72665040.12477413,0.0,4262531.25371925,1156827.4387864042,649625.4587154808,0.985074875,0.0
NL,decarbo-eu-naphta,2023,72301714.92415026,72301714.92415026,0.0,4241218.597450654,1151043.301592472,646377.3314219033,0.9801495006250001,0.0
NL,decarbo-eu-naphta,2024,71940206.3495295,71940206.3495295,0.0,4220012.504463401,1145288.0850845098,643145.4447647937,0.9752487531218751,0.0
NL,decarbo-eu-naphta,2025,71580505.31778187,71580505.31778187,0.0,4198912.441941084,1139561.6446590873,639929.7175409698,0.9703725093562657,0.0
NL,decarbo-eu-naphta,2026,70148895.21142623,70148895.21142623,0.0,4114934.1931022624,1116770.4117659056,627131.1231901505,0.9509650591691404,0.0
NL,decarbo-eu-naphta,2027,68745917.3071977,68745917.3071977,0.0,4032635.509240217,1094435.0035305875,614588.5007263474,0.9319457579857576,0.0
NL,decarbo-eu-naphta,2028,67370998.96105374,67370998.96105374,0.0,3951982.7990554124,1072546.3034599756,602296.7307118204,0.9133068428260425,0.0
NL,decarbo-eu-naphta,2029,66023578.98183267,66023578.98183267,0.0,3872943.1430743043,1051095.377390776,590250.7960975841,0.8950407059695216,0.0
NL,decarbo-eu-naphta,2030,64042871.61237769,64042871.61237769,0.0,3756754.848782075,1019562.5160690529,572543.2722146566,0.8681894847904359,0.0
NL,decarbo-eu-naphta,2031,62121585.46400635,62121585.46400635,0.0,3644052.203318612,988975.6405869811,555366.9740482167,0.8421438002467228,0.0
NL,decarbo-eu-naphta,2032,60257937.90008616,60257937.90008616,0.0,3534730.6372190537,959306.3713693717,538705.9648267702,0.816879486239321,0.0
NL,decarbo-eu-naphta,2033,58450199.76308357,58450199.76308357,0.0,3428688.718102482,930527.1802282904,522544.7858819671,0.7923731016521414,0.0
NL,decarbo-eu-naphta,2034,56696693.770191066,56696693.770191066,0.0,3325828.0565594076,902611.3648214418,506868.4423055081,0.7686019086025772,0.0
NL,decarbo-eu-naphta,2035,54428826.01938342,54428826.01938342,0.0,3192794.9342970313,866506.9102285841,486593.7046132878,0.737857832258474,0.0
NL,decarbo-eu-naphta,2036,52251672.97860809,52251672.97860809,0.0,3065083.13692515,831846.6338194407,467129.9564287563,0.7083435189681351,0.0
NL,decarbo-eu-naphta,2037,50161606.05946376,50161606.05946376,0.0,2942479.8114481443,798572.7684666631,448444.75817160605,0.6800097782094097,0.0
NL,decarbo-eu-naphta,2038,48155141.817085214,48155141.817085214,0.0,2824780.6189902187,766629.8577279967,430506.9678447418,0.6528093870810333,0.0
NL,decarbo-eu-naphta,2039,46228936.1444018,46228936.1444018,0.0,2711789.3942306098,735964.6634188767,413286.6891309521,0.626697011597792,0.0
NL,decarbo-eu-naphta,2040,44379778.69862573,44379778.69862573,0.0,2603317.818461385,706526.0768821216,396755.221565714,0.6016291311338803,0.0
NL,decarbo-eu-naphta,2041,42604587.550680704,42604587.550680704,0.0,2499185.10572293,678265.0338068368,380885.0127030855,0.5775639658885251,0.0
NL,decarbo-eu-naphta,2042,40900404.048653476,40900404.048653476,0.0,2399217.701494013,651134.4324545633,365649.6121949621,0.5544614072529841,0.0
NL,decarbo-eu-naphta,2043,39264387.886707336,39264387.886707336,0.0,2303248.993434252,625089.0551563808,351023.62770716357,0.5322829509628647,0.0
NL,decarbo-eu-naphta,2044,37693812.371239044,37693812.371239044,0.0,2211119.033696882,600085.4929501256,336982.68259887706,0.5109916329243501,0.0
NL,decarbo-eu-naphta,2045,35809121.75267709,35809121.75267709,0.0,2100563.082012038,570081.2183026193,320133.5484689332,0.4854420512781326,0.0
NL,decarbo-eu-naphta,2046,34018665.665043235,34018665.665043235,0.0,1995534.927911436,541577.1573874883,304126.87104548654,0.46116994871422595,0.0
NL,decarbo-eu-naphta,2047,32317732.38179107,32317732.38179107,0.0,1895758.181515864,514498.29951811384,288920.52749321214,0.43811145127851464,0.0
NL,decarbo-eu-naphta,2048,30701845.76270151,30701845.76270151,0.0,1800970.2724400705,488773.38454220805,274474.50111855153,0.41620587871458886,0.0
NL,decarbo-eu-naphta,2049,29166753.474566434,29166753.474566434,0.0,1710921.758818067,464334.71531509765,260750.77606262392,0.3953955847788594,0.0
NL,decarbo-eu-naphta,2050,27708415.800838113,27708415.800838113,0.0,1625375.6708771635,441117.97954934277,247713.23725949274,0.3756258055399164,0.0
PL,decarbo-eu-naphta,2019,13859445.000000006,13859445.000000006,0.0,812995.0437000003,220642.36440000008,123903.43830000005,1.0,0.0
PL,decarbo-eu-naphta,2020,13790147.775000006,13790147.775000006,0.0,808930.0684815003,219539.1525780001,123283.92110850006,0.995,0.0
PL,decarbo-eu-naphta,2021,13721197.036125006,13721197.036125006,0.0,804885.4181390929,218441.4568151101,122667.50150295756,0.990025,0.0
PL,decarbo-eu-naphta,2022,13652591.05094438,13652591.05094438,0.0,800860.9910483973,217349.24953103453,122054.16399544277,0.985074875,0.0
PL,decarbo-eu-naphta,2023,13584328.09568966,13584328.09568966,0.0,796856.6860931554,216262.5032833794,121443.89317546556,0.9801495006250001,0.0
PL,decarbo-eu-naphta,2024,13516406.455211211,13516406.455211211,0.0,792872.4026626896,215181.19076696248,120836.67370958823,0.9752487531218751,0.0
PL,decarbo-eu-naphta,2025,13448824.422935156,13448824.422935156,0.0,788908.0406493762,214105.28481312768,120232.49034104029,0.9703725093562657,0.0
PL,decarbo-eu-naphta,2026,13179847.934476452,13179847.934476452,0.0,773129.8798363886,209823.17911686513,117827.84053421947,0.9509650591691404,0.0
PL,decarbo-eu-naphta,2027,12916250.975786924,12916250.975786924,0.0,757667.282239661,205626.71553452784,115471.2837235351,0.9319457579857576,0.0
PL,decarbo-eu-naphta,2028,12657925.956271185,12657925.956271185,0.0,742513.9365948676,201514.18122383725,113161.8580490644,0.9133068428260425,0.0
PL,decarbo-eu-naphta,2029,12404767.43714576,12404767.43714576,0.0,727663.6578629703,197483.8975993605,110898.6208880831,0.8950407059695216,0.0
PL,decarbo-eu-naphta,2030,12032624.414031388,12032624.414031388,0.0,705833.7481270812,191559.3806713797,107571.66226144061,0.8681894847904359,0.0
PL,decarbo-eu-naphta,2031,11671645.681610445,11671645.681610445,0.0,684658.7356832686,185812.59925123828,104344.51239359737,0.8421438002467228,0.0
PL,decarbo-eu-naphta,2032,11321496.31116213,11321496.31116213,0.0,664118.9736127706,180238.2212737011,101214.17702178945,0.816879486239321,0.0
PL,decarbo-eu-naphta,2033,10981851.421827266,10981851.421827266,0.0,644195.4044043873,174831.07463549008,98177.75171113576,0.7923731016521414,0.0
PL,decarbo-eu-naphta,2034,10652395.87917245,10652395.87917245,0.0,624869.5422722559,169586.1423964254,95232.4191598017,0.7686019086025772,0.0
PL,decarbo-eu-naphta,2035,10226300.04400555,10226300.04400555,0.0,599874.7605813656,162802.69670056837,91423.12239340962,0.737857832258474,0.0
PL,decarbo-eu-naphta,2036,9817248.042245328,9817248.042245328,0.0,575879.7701581109,156290.58883254562,87766.19749767323,0.7083435189681351,0.0
PL,decarbo-eu-naphta,2037,9424558.120555516,9424558.120555516,0.0,552844.5793517865,150038.96527924383,84255.54959776632,0.6800097782094097,0.0
PL,decarbo-eu-naphta,2038,9047575.795733295,9047575.795733295,0.0,530730.7961777151,144037.40666807405,80885.32761385565,0.6528093870810333,0.0
PL,decarbo-eu-naphta,2039,8685672.763903964,8685672.763903964,0.0,509501.56433060655,138275.9104013511,77649.91450930144,0.626697011597792,0.0
PL,decarbo-eu-naphta,2040,8338245.853347804,8338245.853347804,0.0,489121.5017573822,132744.87398529705,74543.91792892937,0.6016291311338803,0.0
PL,decarbo-eu-naphta,2041,8004716.0192138925,8004716.0192138925,0.0,469556.6416870869,127435.07902588516,71562.1612117722,0.5775639658885251,0.0
PL,decarbo-eu-naphta,2042,7684527.3784453375,7684527.3784453375,0.0,450774.37601960346,122337.67586484978,68699.67476330131,0.5544614072529841,0.0
PL,decarbo-eu-naphta,2043,7377146.2833075235,7377146.2833075235,0.0,432743.4009788193,117444.16883025577,65951.68777276926,0.5322829509628647,0.0
PL,decarbo-eu-naphta,2044,7082060.431975222,7082060.431975222,0.0,415433.6649396665,112746.40207704554,63313.62026185849,0.5109916329243501,0.0
PL,decarbo-eu-naphta,2045,6727957.410376461,6727957.410376461,0.0,394661.9816926832,107109.08197319326,60147.939248765564,0.4854420512781326,0.0
PL,decarbo-eu-naphta,2046,6391559.539857638,6391559.539857638,0.0,374928.882608049,101753.6278745336,57140.54228632728,0.46116994871422595,0.0
PL,decarbo-eu-naphta,2047,6071981.562864756,6071981.562864756,0.0,356182.43847764656,96665.94648080692,54283.51517201092,0.43811145127851464,0.0
PL,decarbo-eu-naphta,2048,5768382.484721517,5768382.484721517,0.0,338373.31655376416,91832.64915676655,51569.339413410366,0.41620587871458886,0.0
PL,decarbo-eu-naphta,2049,5479963.360485441,5479963.360485441,0.0,321454.650726076,87241.01669892822,48990.87244273984,0.3953955847788594,0.0
PL,decarbo-eu-naphta,2050,5205965.192461169,5205965.192461169,0.0,305381.9181897722,82878.96586398182,46541.32882060285,0.3756258055399164,0.0
PT,decarbo-eu-naphta,2019,12206110.999999998,12206110.999999998,0.0,716010.4712599999,194321.28711999996,109122.63233999998,1.0,0.0
PT,decarbo-eu-naphta,2020,12145080.444999998,12145080.444999998,0.0,712430.4189036998,193349.68068439997,108577.01917829999,0.995,0.0
PT,decarbo-eu-naphta,2021,12084355.042775,12084355.042775,0.0,708868.2668091814,192382.93228097798,108034.13408240849,0.990025,0.0
PT,decarbo-eu-naphta,2022,12023933.267561123,12023933.267561123,0.0,705323.9254751354,191421.01761957307,107493.96341199643,0.985074875,0.0
PT,decarbo-eu-naphta,2023,11963813.601223318,11963813.601223318,0.0,701797.3058477598,190463.91253147522,106956.49359493646,0.9801495006250001,0.0
PT,decarbo-eu-naphta,2024,11903994.533217203,11903994.533217203,0.0,698288.3193185211,189511.59296881786,106421.71112696179,0.9752487531218751,0.0
PT,decarbo-eu-naphta,2025,11844474.560551116,11844474.560551116,0.0,694796.8777219284,188564.03500397378,105889.60257132698,0.9703725093562657,0.0
PT,decarbo-eu-naphta,2026,11607585.069340095,11607585.069340095,0.0,680900.9401674899,184792.75430389433,103771.81051990045,0.9509650591691404,0.0
PT,decarbo-eu-naphta,2027,11375433.367953293,11375433.367953293,0.0,667282.9213641401,181096.89921781642,101696.37430950244,0.9319457579857576,0.0
PT,decarbo-eu-naphta,2028,11147924.700594226,11147924.700594226,0.0,653937.2629368573,177474.96123346008,99662.44682331238,0.9133068428260425,0.0
PT,decarbo-eu-naphta,2029,10924966.206582341,10924966.206582341,0.0,640858.51767812,173925.46200879087,97669.19788684613,0.8950407059695216,0.0
PT,decarbo-eu-naphta,2030,10597217.22038487,10597217.22038487,0.0,621632.7621477764,168707.69814852712,94739.12195024073,0.8681894847904359,0.0
PT,decarbo-eu-naphta,2031,10279300.703773323,10279300.703773323,0.0,602983.7792833431,163646.46720407132,91896.94829173351,0.8421438002467228,0.0
PT,decarbo-eu-naphta,2032,9970921.682660123,9970921.682660123,0.0,584894.2659048428,158737.07318794917,89140.0398429815,0.816879486239321,0.0
PT,decarbo-eu-naphta,2033,9671794.032180319,9671794.032180319,0.0,567347.4379276974,153974.96099231066,86465.83864769204,0.7923731016521414,0.0
PT,decarbo-eu-naphta,2034,9381640.21121491,9381640.21121491,0.0,550327.0147898665,149355.71216254137,83871.8634882613,0.7686019086025772,0.0
PT,decarbo-eu-naphta,2035,9006374.602766313,9006374.602766313,0.0,528313.9341982718,143381.4836760397,80516.98894873084,0.737857832258474,0.0
PT,decarbo-eu-naphta,2036,8646119.618655661,8646119.618655661,0.0,507181.37683034106,137646.22432899813,77296.30939078161,0.7083435189681351,0.0
PT,decarbo-eu-naphta,2037,8300274.833909434,8300274.833909434,0.0,486894.1217571274,132140.3753558382,74204.45701515034,0.6800097782094097,0.0
PT,decarbo-eu-naphta,2038,7968263.840553057,7968263.840553057,0.0,467418.35688684235,126854.76034160468,71236.27873454434,0.6528093870810333,0.0
PT,decarbo-eu-naphta,2039,7649533.286930935,7649533.286930935,0.0,448721.62261136866,121780.5699279405,68386.82758516257,0.626697011597792,0.0
PT,decarbo-eu-naphta,2040,7343551.955453698,7343551.955453698,0.0,430772.75770691386,116909.34713082286,65651.35448175606,0.6016291311338803,0.0
PT,decarbo-eu-naphta,2041,7049809.8772355495,7049809.8772355495,0.0,413541.8473986373,112232.97324558995,63025.30030248581,0.5775639658885251,0.0
PT,decarbo-eu-naphta,2042,6767817.482146128,6767817.482146128,0.0,397000.17350269185,107743.65431576635,60504.28829038639,0.5544614072529841,0.0
PT,decarbo-eu-naphta,2043,6497104.782860283,6497104.782860283,0.0,381120.16656258417,103433.9081431357,58084.11675877093,0.5322829509628647,0.0
PT,decarbo-eu-naphta,2044,6237220.591545871,6237220.591545871,0.0,365875.3599000808,99296.55181741028,55760.75208842009,0.5109916329243501,0.0
PT,decarbo-eu-naphta,2045,5925359.561968578,5925359.561968578,0.0,347581.59190507676,94331.72422653977,52972.71448399909,0.4854420512781326,0.0
PT,decarbo-eu-naphta,2046,5629091.583870148,5629091.583870148,0.0,330202.5123098229,89615.13801521277,50324.07875979913,0.46116994871422595,0.0
PT,decarbo-eu-naphta,2047,5347637.004676641,5347637.004676641,0.0,313692.38669433177,85134.38111445213,47807.87482180917,0.43811145127851464,0.0
PT,decarbo-eu-naphta,2048,5080255.154442809,5080255.154442809,0.0,298007.7673596151,80877.66205872952,45417.48108071871,0.41620587871458886,0.0
PT,decarbo-eu-naphta,2049,4826242.396720667,4826242.396720667,0.0,283107.37899163435,76833.77895579302,43146.60702668277,0.3953955847788594,0.0
PT,decarbo-eu-naphta,2050,4584930.276884634,4584930.276884634,0.0,268952.0100420526,72992.09000800338,40989.27667534863,0.3756258055399164,0.0
RO,decarbo-eu-naphta,2019,0.0,0.0,0.0,0.0,0.0,0.0,1.0,0.0
RO,decarbo-eu-naphta,2020,0.0,0.0,0.0,0.0,0.0,0.0,0.995,0.0
RO,decarbo-eu-naphta,2021,0.0,0.0,0.0,0.0,0.0,0.0,0.990025,0.0
RO,decarbo-eu-naphta,2022,0.0,0.0,0.0,0.0,0.0,0.0,0.985074875,0.0
RO,decarbo-eu-naphta,2023,0.0,0.0,0.0,0.0,0.0,0.0,0.9801495006250001,0.0
RO,decarbo-eu-naphta,2024,0.0,0.0,0.0,0.0,0.0,0.0,0.9752487531218751,0.0
RO,decarbo-eu-naphta,2025,0.0,0.0,0.0,0.0,0.0,0.0,0.9703725093562657,0.0
RO,decarbo-eu-naphta,2026,0.0,0.0,0.0,0.0,0.0,0.0,0.9509650591691404,0.0
RO,decarbo-eu-naphta,2027,0.0,0.0,0.0,0.0,0.0,0.0,0.9319457579857576,0.0
RO,decarbo-eu-naphta,2028,0.0,0.0,0.0,0.0,0.0,0.0,0.9133068428260425,0.0
RO,decarbo-eu-naphta,2029,0.0,0.0,0.0,0.0,0.0,0.0,0.8950407059695216,0.0
RO,decarbo-eu-naphta,2030,0.0,0.0,0.0,0.0,0.0,0.0,0.8681894847904359,0.0
RO,decarbo-eu-naphta,2031,0.0,0.0,0.0,0.0,0.0,0.0,0.8421438002467228,0.0
RO,decarbo-eu-naphta,2032,0.0,0.0,0.0,0.0,0.0,0.0,0.816879486239321,0.0
RO,decarbo-eu-naphta,2033,0.0,0.0,0.0,0.0,0.0,0.0,0.7923731016521414,0.0
RO,decarbo-eu-naphta,2034,0.0,0.0,0.0,0.0,0.0,0.0,0.7686019086025772,0.0
RO,decarbo-eu-naphta,2035,0.0,0.0,0.0,0.0,0.0,0.0,0.737857832258474,0.0
RO,decarbo-eu-naphta,2036,0.0,0.0,0.0,0.0,0.0,0.0,0.7083435189681351,0.0
RO,decarbo-eu-naphta,2037,0.0,0.0,0.0,0.0,0.0,0.0,0.6800097782094097,0.0
RO,decarbo-eu-naphta,2038,0.0,0.0,0.0,0.0,0.0,0.0,0.6528093870810333,0.0
RO,decarbo-eu-naphta,2039,0.0,0.0,0.0,0.0,0.0,0.0,0.626697011597792,0.0
RO,decarbo-eu-naphta,2040,0.0,0.0,0.0,0.0,0.0,0.0,0.6016291311338803,0.0
RO,decarbo-eu-naphta,2041,0.0,0.0,0.0,0.0,0.0,0.0,0.5775639658885251,0.0
RO,decarbo-eu-naphta,2042,0.0,0.0,0.0,0.0,0.0,0.0,0.5544614072529841,0.0
RO,decarbo-eu-naphta,2043,0.0,0.0,0.0,0.0,0.0,0.0,0.5322829509628647,0.0
RO,decarbo-eu-naphta,2044,0.0,0.0,0.0,0.0,0.0,0.0,0.5109916329243501,0.0
RO,decarbo-eu-naphta,2045,0.0,0.0,0.0,0.0,0.0,0.0,0.4854420512781326,0.0
RO,decarbo-eu-naphta,2046,0.0,0.0,0.0,0.0,0.0,0.0,0.46116994871422595,0.0
RO,decarbo-eu-naphta,2047,0.0,0.0,0.0,0.0,0.0,0.0,0.43811145127851464,0.0
RO,decarbo-eu-naphta,2048,0.0,0.0,0.0,0.0,0.0,0.0,0.41620587871458886,0.0
RO,decarbo-eu-naphta,2049,0.0,0.0,0.0,0.0,0.0,0.0,0.3953955847788594,0.0
RO,decarbo-eu-naphta,2050,0.0,0.0,0.0,0.0,0.0,0.0,0.3756258055399164,0.0
SE,decarbo-eu-naphta,2019,10480996.999999998,10480996.999999998,0.0,614815.2840199999,166857.47223999997,93700.11317999999,1.0,0.0
SE,decarbo-eu-naphta,2020,10428592.014999999,10428592.014999999,0.0,611741.2075998998,166023.18487879998,93231.61261409998,0.995,0.0
SE,decarbo-eu-naphta,2021,10376449.054924998,10376449.054924998,0.0,608682.5015619004,165193.068954406,92765.45455102948,0.990025,0.0
SE,decarbo-eu-naphta,2022,10324566.809650373,10324566.809650373,0.0,605639.0890540908,164367.10360963392,92301.62727827433,0.985074875,0.0
SE,decarbo-eu-naphta,2023,10272943.975602122,10272943.975602122,0.0,602610.8936088204,163545.26809158578,91840.11914188297,0.9801495006250001,0.0
SE,decarbo-eu-naphta,2024,10221579.255724112,10221579.255724112,0.0,599597.8391407763,162727.54175112786,91380.91854617356,0.9752487531218751,0.0
SE,decarbo-eu-naphta,2025,10170471.359445492,10170471.359445492,0.0,596599.8499450726,161913.90404237222,90924.0139534427,0.9703725093562657,0.0
SE,decarbo-eu-naphta,2026,9967061.932256581,9967061.932256581,0.0,584667.8529461711,158675.62596152478,89105.53367437383,0.9509650591691404,0.0
SE,decarbo-eu-naphta,2027,9767720.69361145,9767720.69361145,0.0,572974.4958872476,155502.1134422943,87323.42300088637,0.9319457579857576,0.0
SE,decarbo-eu-naphta,2028,9572366.279739222,9572366.279739222,0.0,561515.0059695027,152392.0711734484,85576.95454086864,0.9133068428260425,0.0
SE,decarbo-eu-naphta,2029,9380918.954144437,9380918.954144437,0.0,550284.7058501126,149344.22974997942,83865.41545005127,0.8950407059695216,0.0
SE,decarbo-eu-naphta,2030,9099491.385520102,9099491.385520102,0.0,533776.1646746092,144863.90285748002,81349.45298654972,0.8681894847904359,0.0
SE,decarbo-eu-naphta,2031,8826506.643954499,8826506.643954499,0.0,517762.87973437086,140517.98577175563,78908.96939695322,0.8421438002467228,0.0
SE,decarbo-eu-naphta,2032,8561711.444635864,8561711.444635864,0.0,502229.99334233976,136302.44619860296,76541.70031504463,0.816879486239321,0.0
SE,decarbo-eu-naphta,2033,8304860.101296787,8304860.101296787,0.0,487163.0935420695,132213.37281264484,74245.44930559328,0.7923731016521414,0.0
SE,decarbo-eu-naphta,2034,8055714.298257884,8055714.298257884,0.0,472548.2007358074,128246.97162826551,72018.08582642548,0.7686019086025772,0.0
SE,decarbo-eu-naphta,2035,7733485.726327568,7733485.726327568,0.0,453646.2727063751,123117.09276313489,69137.36239336846,0.737857832258474,0.0
SE,decarbo-eu-naphta,2036,7424146.297274466,7424146.297274466,0.0,435500.42179812014,118192.4090526095,66371.86789763373,0.7083435189681351,0.0
SE,decarbo-eu-naphta,2037,7127180.445383487,7127180.445383487,0.0,418080.40492619533,113464.71269050511,63716.99318172838,0.6800097782094097,0.0
SE,decarbo-eu-naphta,2038,6842093.227568148,6842093.227568148,0.0,401357.18872914754,108926.12418288492,61168.31345445924,0.6528093870810333,0.0
SE,decarbo-eu-naphta,2039,6568409.498465423,6568409.498465423,0.0,385302.90117998165,104569.07921556952,58721.58091628088,0.626697011597792,0.0
SE,decarbo-eu-naphta,2040,6305673.118526804,6305673.118526804,0.0,369890.7851327823,100386.31604694673,56372.71767962963,0.6016291311338803,0.0
SE,decarbo-eu-naphta,2041,6053446.193785733,6053446.193785733,0.0,355095.1537274711,96370.86340506887,54117.80897244445,0.5775639658885251,0.0
SE,decarbo-eu-naphta,2042,5811308.346034303,5811308.346034303,0.0,340891.3475783722,92516.02886886611,51953.09661354667,0.5544614072529841,0.0
SE,decarbo-eu-naphta,2043,5578856.012192931,5578856.012192931,0.0,327255.6936752373,88815.38771411146,49874.9727490048,0.5322829509628647,0.0
SE,decarbo-eu-naphta,2044,5355701.771705214,5355701.771705214,0.0,314165.4659282278,85262.77220554701,47879.973839044615,0.5109916329243501,0.0
SE,decarbo-eu-naphta,2045,5087916.683119954,5087916.683119954,0.0,298457.1926318165,80999.63359526967,45485.97514709239,0.4854420512781326,0.0
SE,decarbo-eu-naphta,2046,4833520.848963955,4833520.848963955,0.0,283534.3330002256,76949.65191550617,43211.67638973776,0.46116994871422595,0.0
SE,decarbo-eu-naphta,2047,4591844.806515757,4591844.806515757,0.0,269357.6163502143,73102.16931973085,41051.09257025087,0.43811145127851464,0.0
SE,decarbo-eu-naphta,2048,4362252.566189969,4362252.566189969,0.0,255889.73553270358,69447.0608537443,38998.53794173832,0.41620587871458886,0.0
SE,decarbo-eu-naphta,2049,4144139.93788047,4144139.93788047,0.0,243095.24875606835,65974.70781105709,37048.6110446514,0.3953955847788594,0.0
SE,decarbo-eu-naphta,2050,3936932.9409864466,3936932.9409864466,0.0,230940.48631826494,62675.97242050423,35196.18049241883,0.3756258055399164,0.0
SI,decarbo-eu-naphta,2019,25583.0,25583.0,0.0,1500.69878,407.28136,228.71202,1.0,0.0
SI,decarbo-eu-naphta,2020,25455.085,25455.085,0.0,1493.1952861,405.2449532,227.5684599,0.995,0.0
SI,decarbo-eu-naphta,2021,25327.809575,25327.809575,0.0,1485.7293096694998,403.218728434,226.4306176005,0.990025,0.0
SI,decarbo-eu-naphta,2022,25201.170527125,25201.170527125,0.0,1478.3006631211524,401.20263479183,225.2984645124975,0.985074875,0.0
SI,decarbo-eu-naphta,2023,25075.164674489377,25075.164674489377,0.0,1470.9091598055468,399.1966216178709,224.17197218993502,0.9801495006250001,0.0
SI,decarbo-eu-naphta,2024,24949.78885111693,24949.78885111693,0.0,1463.554614006519,397.2006385097815,223.05111232898534,0.9752487531218751,0.0
SI,decarbo-eu-naphta,2025,24825.039906861348,24825.039906861348,0.0,1456.2368409364865,395.21463531723265,221.93585676734045,0.9703725093562657,0.0
SI,decarbo-eu-naphta,2026,24328.53910872412,24328.53910872412,0.0,1427.1121041177566,387.310342610888,217.49713963199363,0.9509650591691404,0.0
SI,decarbo-eu-naphta,2027,23841.96832654964,23841.96832654964,0.0,1398.5698620354017,379.56413575867026,213.14719683935377,0.9319457579857576,0.0
SI,decarbo-eu-naphta,2028,23365.128960018643,23365.128960018643,0.0,1370.5984647946934,371.9728530434968,208.88425290256666,0.9133068428260425,0.0
SI,decarbo-eu-naphta,2029,22897.82638081827,22897.82638081827,0.0,1343.1864954987998,364.53339598262687,204.70656784451535,0.8950407059695216,0.0
SI,decarbo-eu-naphta,2030,22210.891589393723,22210.891589393723,0.0,1302.8909006338356,353.5973941031481,198.56537080917988,0.8681894847904359,0.0
SI,decarbo-eu-naphta,2031,21544.56484171191,21544.56484171191,0.0,1263.8041736148205,342.9894722800536,192.60840968490447,0.8421438002467228,0.0
SI,decarbo-eu-naphta,2032,20898.22789646055,20898.22789646055,0.0,1225.8900484063759,332.69978811165197,186.83015739435731,0.816879486239321,0.0
SI,decarbo-eu-naphta,2033,20271.281059566732,20271.281059566732,0.0,1189.1133469541844,322.7187944683024,181.22525267252658,0.7923731016521414,0.0
SI,decarbo-eu-naphta,2034,19663.142627779733,19663.142627779733,0.0,1153.439946545559,313.0372306342533,175.78849509235081,0.7686019086025772,0.0
SI,decarbo-eu-naphta,2035,18876.61692266854,18876.61692266854,0.0,1107.3023486837367,300.5157414088832,168.75695528865677,0.737857832258474,0.0
SI,decarbo-eu-naphta,2036,18121.5522457618,18121.5522457618,0.0,1063.010254736387,288.49511175252786,162.00667707711048,0.7083435189681351,0.0
SI,decarbo-eu-naphta,2037,17396.690155931326,17396.690155931326,0.0,1020.4898445469315,276.9553072824267,155.52640999402607,0.6800097782094097,0.0
SI,decarbo-eu-naphta,2038,16700.822549694076,16700.822549694076,0.0,979.6702507650544,265.8770949911297,149.30535359426503,0.6528093870810333,0.0
SI,decarbo-eu-naphta,2039,16032.789647706313,16032.789647706313,0.0,940.4834407344523,255.2420111914845,143.33313945049443,0.626697011597792,0.0
SI,decarbo-eu-naphta,2040,15391.47806179806,15391.47806179806,0.0,902.8641031050742,245.0323307438251,137.59981387247464,0.6016291311338803,0.0
SI,decarbo-eu-naphta,2041,14775.818939326138,14775.818939326138,0.0,866.7495389808712,235.2310375140721,132.09582131757568,0.5775639658885251,0.0
SI,decarbo-eu-naphta,2042,14184.786181753092,14184.786181753092,0.0,832.0795574216363,225.8217960135092,126.81198846487264,0.5544614072529841,0.0
SI,decarbo-eu-naphta,2043,13617.394734482968,13617.394734482968,0.0,798.7963751247709,216.78892417296885,121.73950892627774,0.5322829509628647,0.0
SI,decarbo-eu-naphta,2044,13072.69894510365,13072.69894510365,0.0,766.8445201197801,208.11736720605012,116.86992856922663,0.5109916329243501,0.0
SI,decarbo-eu-naphta,2045,12419.063997848467,12419.063997848467,0.0,728.502294113791,197.7114988457476,111.0264321407653,0.4854420512781326,0.0
SI,decarbo-eu-naphta,2046,11798.110797956042,11798.110797956042,0.0,692.0771794081014,187.8259239034602,105.47511053372702,0.46116994871422595,0.0
SI,decarbo-eu-naphta,2047,11208.20525805824,11208.20525805824,0.0,657.4733204376963,178.4346277082872,100.20135500704068,0.43811145127851464,0.0
SI,decarbo-eu-naphta,2048,10647.794995155327,10647.794995155327,0.0,624.5996544158114,169.51289632287282,95.19128725668863,0.41620587871458886,0.0
SI,decarbo-eu-naphta,2049,10115.40524539756,10115.40524539756,0.0,593.3696716950209,161.03725150672915,90.43172289385419,0.3953955847788594,0.0
SI,decarbo-eu-naphta,2050,9609.634983127682,9609.634983127682,0.0,563.7011881102698,152.9853889313927,85.91013674916148,0.3756258055399164,0.0
SK,decarbo-eu-naphta,2019,3375000.000000001,3375000.000000001,0.0,197977.50000000006,53730.000000000015,30172.500000000007,1.0,0.0
SK,decarbo-eu-naphta,2020,3358125.000000001,3358125.000000001,0.0,196987.61250000005,53461.35000000001,30021.637500000008,0.995,0.0
SK,decarbo-eu-naphta,2021,3341334.375000001,3341334.375000001,0.0,196002.67443750004,53194.04325000002,29871.52931250001,0.990025,0.0
SK,decarbo-eu-naphta,2022,3324627.703125001,3324627.703125001,0.0,195022.66106531254,52928.07303375001,29722.17166593751,0.985074875,0.0
SK,decarbo-eu-naphta,2023,3308004.5646093762,3308004.5646093762,0.0,194047.547759986,52663.43266858127,29573.560807607824,0.9801495006250001,0.0
SK,decarbo-eu-naphta,2024,3291464.5417863294,3291464.5417863294,0.0,193077.31002118607,52400.11550523836,29425.693003569784,0.9752487531218751,0.0
SK,decarbo-eu-naphta,2025,3275007.2190773976,3275007.2190773976,0.0,192111.92347108014,52138.11492771217,29278.564538551935,0.9703725093562657,0.0
SK,decarbo-eu-naphta,2026,3209507.07469585,3209507.07469585,0.0,188269.68500165854,51095.352629157926,28692.993247780898,0.9509650591691404,0.0
SK,decarbo-eu-naphta,2027,3145316.933201933,3145316.933201933,0.0,184504.29130162537,50073.44557657477,28119.13338282528,0.9319457579857576,0.0
SK,decarbo-eu-naphta,2028,3082410.5945378942,3082410.5945378942,0.0,180814.20547559287,49071.97666504328,27556.750715168775,0.9133068428260425,0.0
SK,decarbo-eu-naphta,2029,3020762.382647136,3020762.382647136,0.0,177197.921366081,48090.53713174241,27005.615700865397,0.8950407059695216,0.0
SK,decarbo-eu-naphta,2030,2930139.511167722,2930139.511167722,0.0,171881.98372509854,46647.821017790135,26195.447229839432,0.8681894847904359,0.0
SK,decarbo-eu-naphta,2031,2842235.32583269,2842235.32583269,0.0,166725.5242133456,45248.386387256425,25409.58381294425,0.8421438002467228,0.0
SK,decarbo-eu-naphta,2032,2756968.266057709,2756968.266057709,0.0,161723.7584869452,43890.93479563873,24647.29629855592,0.816879486239321,0.0
SK,decarbo-eu-naphta,2033,2674259.2180759776,2674259.2180759776,0.0,156872.04573233685,42574.20675176956,23907.87740959924,0.7923731016521414,0.0
SK,decarbo-eu-naphta,2034,2594031.4415336987,2594031.4415336987,0.0,152165.88436036676,41296.98054921648,23190.641087311265,0.7686019086025772,0.0
SK,decarbo-eu-naphta,2035,2490270.1838723505,2490270.1838723505,0.0,146079.2489859521,39645.10132724782,22263.015443818815,0.737857832258474,0.0
SK,decarbo-eu-naphta,2036,2390659.3765174565,2390659.3765174565,0.0,140236.079026514,38059.29727415791,21372.49482606606,0.7083435189681351,0.0
SK,decarbo-eu-naphta,2037,2295033.0014567585,2295033.0014567585,0.0,134626.63586545346,36536.92538319159,20517.59503302342,0.6800097782094097,0.0
SK,decarbo-eu-naphta,2038,2203231.681398488,2203231.681398488,0.0,129241.5704308353,35075.44836786393,19696.891231702484,0.6528093870810333,0.0
SK,decarbo-eu-naphta,2039,2115102.4141425486,2115102.4141425486,0.0,124071.9076136019,33672.43043314938,18909.015582434386,0.626697011597792,0.0
SK,decarbo-eu-naphta,2040,2030498.3175768466,2030498.3175768466,0.0,119109.03130905781,32325.533215823398,18152.65495913701,0.6016291311338803,0.0
SK,decarbo-eu-naphta,2041,1949278.3848737727,1949278.3848737727,0.0,114344.6700566955,31032.511887190463,17426.54876077153,0.5775639658885251,0.0
SK,decarbo-eu-naphta,2042,1871307.2494788219,1871307.2494788219,0.0,109770.88325442768,29791.211411702843,16729.486810340666,0.5544614072529841,0.0
SK,decarbo-eu-naphta,2043,1796454.9594996688,1796454.9594996688,0.0,105380.04792425057,28599.562955234727,16060.307337927039,0.5322829509628647,0.0
SK,decarbo-eu-naphta,2044,1724596.761119682,1724596.761119682,0.0,101164.84600728055,27455.58043702534,15417.895044409957,0.5109916329243501,0.0
SK,decarbo-eu-naphta,2045,1638366.923063698,1638366.923063698,0.0,96106.60370691652,26082.80141517407,14647.00029218946,0.4854420512781326,0.0
SK,decarbo-eu-naphta,2046,1556448.576910513,1556448.576910513,0.0,91301.27352157069,24778.661344415366,13914.650277579985,0.46116994871422595,0.0
SK,decarbo-eu-naphta,2047,1478626.1480649873,1478626.1480649873,0.0,86736.20984549215,23539.728277194597,13218.917763700987,0.43811145127851464,0.0
SK,decarbo-eu-naphta,2048,1404694.8406617378,1404694.8406617378,0.0,82399.39935321754,22362.741863334868,12557.971875515936,0.41620587871458886,0.0
SK,decarbo-eu-naphta,2049,1334460.098628651,1334460.098628651,0.0,78279.42938555665,21244.604770168124,11930.073281740139,0.3953955847788594,0.0
SK,decarbo-eu-naphta,2050,1267737.0936972182,1267737.0936972182,0.0,74365.45791627881,20182.374531659716,11333.569617653131,0.3756258055399164,0.0
