country,year,refinery_scenario,demand_scenario,marine_fossil_proxy_t_per_yr,marine_total_t_per_yr,marine_fossil_used_t_per_yr,marine_methanol_eq_t_per_yr,methanol_t_per_yr,h2_for_methanol_t_per_yr,methanol_share
AT,2025,more-molecule,decline-1pct,7065.297852808437,7065.297852808437,7065.297852808437,0.0,0.0,0.0,0.0
AT,2026,more-molecule,decline-1pct,6601.319403318081,6994.644874280352,6601.319403318081,393.32547096227154,843.9697291502008,160.35424853853814,0.032
AT,2027,more-molecule,decline-1pct,6137.340953827723,6924.698425537549,6137.340953827723,787.3574717098263,1689.455479497969,320.9965411046141,0.064
AT,2028,more-molecule,decline-1pct,5673.362504337366,6855.451441282174,5673.362504337366,1182.0889369448078,2536.4420908313214,481.92399725795104,0.09600000000000002
AT,2029,more-molecule,decline-1pct,5209.384054847011,6786.896926869351,5209.384054847011,1577.5128720223402,3384.9145545403985,643.1337653626757,0.128
AT,2030,more-molecule,decline-1pct,4745.405605356654,6719.027957600658,4745.405605356654,1973.622352244004,4234.858012101457,804.6230222992767,0.16
AT,2031,more-molecule,decline-1pct,4466.968239895558,6651.837678024652,4466.968239895558,2184.8694381290934,4688.13693508102,890.7460176653938,0.19200000000000003
AT,2032,more-molecule,decline-1pct,4188.530874434461,6585.319301244404,4188.530874434461,2396.7884268099433,5142.857579134904,977.1429400356318,0.22400000000000003
AT,2033,more-molecule,decline-1pct,3910.093508973365,6519.466108231961,3910.093508973365,2609.372599258596,5599.005527052364,1063.8110501399492,0.256
AT,2034,more-molecule,decline-1pct,3631.6561435122685,6454.271447149641,3631.6561435122685,2822.6153036373726,6056.566505794764,1150.7476361010054,0.28800000000000003
AT,2035,more-molecule,decline-1pct,3353.218778051172,6389.728732678144,3353.218778051172,3036.509954626972,6515.526385053855,1237.9500131602324,0.32
AT,2036,more-molecule,decline-1pct,3074.781412590077,6325.831445351363,3074.781412590077,3251.0500327612863,6975.871175824469,1325.415523406649,0.35200000000000004
AT,2037,more-molecule,decline-1pct,2796.34404712898,6262.573130897849,2796.34404712898,3466.2290837688693,7437.587028991494,1413.1415355083839,0.38400000000000006
AT,2038,more-molecule,decline-1pct,2517.9066816678837,6199.94739958887,2517.9066816678837,3682.0407179209865,7900.660233930961,1501.1254444468827,0.41600000000000004
AT,2039,more-molecule,decline-1pct,2239.469316206787,6137.947925592982,2239.469316206787,3898.478609386195,8365.077217125152,1589.3646712537789,0.44800000000000006
AT,2040,more-molecule,decline-1pct,1961.0319507456916,6076.568446337053,1961.0319507456916,4115.536495591361,8830.824540791513,1677.8566627503874,0.48
AT,2041,more-molecule,decline-1pct,1831.067689121509,6015.802761873681,1831.067689121509,4184.7350727521725,8979.305909875266,1706.0681228763005,0.512
AT,2042,more-molecule,decline-1pct,1701.1034274973272,5955.6447342549445,1701.1034274973272,4254.541306757617,9129.091145655791,1734.5273176746005,0.544
AT,2043,more-molecule,decline-1pct,1571.1391658731445,5896.088286912395,1571.1391658731445,4324.949121039251,9280.167209466132,1763.231769798565,0.5760000000000001
AT,2044,more-molecule,decline-1pct,1441.174904248962,5837.127404043272,1441.174904248962,4395.95249979431,9432.521193025981,1792.1790266749365,0.6080000000000001
AT,2045,more-molecule,decline-1pct,1311.21064262478,5778.756130002838,1311.21064262478,4467.545487378058,9586.140317137844,1821.3666602561905,0.64
AT,2046,more-molecule,decline-1pct,1181.2463810005972,5720.9685687028095,1181.2463810005972,4539.722187702212,9741.011930396204,1850.7922667752787,0.672
AT,2047,more-molecule,decline-1pct,1051.2821193764155,5663.758883015782,1051.2821193764155,4612.476763639366,9897.123507909595,1880.4534665028232,0.7040000000000001
AT,2048,more-molecule,decline-1pct,921.317857752233,5607.121294185624,921.317857752233,4685.803436433391,10054.462650035466,1910.3479035067385,0.7360000000000001
AT,2049,more-molecule,decline-1pct,791.3535961280509,5551.050081243768,791.3535961280509,4759.696485115717,10213.017081127695,1940.473245414262,0.7680000000000001
AT,2050,more-molecule,decline-1pct,661.3893345038687,5495.53958043133,661.3893345038687,4834.150245927462,10372.774648296614,1970.8271831763566,0.8
BE,2025,more-molecule,decline-1pct,70071.88273386551,70071.88273386551,70071.88273386551,0.0,0.0,0.0,0.0
BE,2026,more-molecule,decline-1pct,65470.25882769069,69371.16390652685,65470.25882769069,3900.9050788361637,8370.283762125839,1590.3539148039094,0.032
BE,2027,more-molecule,decline-1pct,60868.634921515855,68677.45226746159,60868.634921515855,7808.817345945732,16755.60304883833,3183.5645792792825,0.064
BE,2028,more-molecule,decline-1pct,56267.01101534101,67990.67774478697,56267.01101534101,11723.666729445955,25155.80750489157,4779.603425929398,0.09600000000000002
BE,2029,more-molecule,decline-1pct,51665.387109166186,67310.7709673391,51665.387109166186,15645.383858172907,33570.74827859212,6378.442172932502,0.128
BE,2030,more-molecule,decline-1pct,47063.76320299135,66637.6632576657,47063.76320299135,19573.90005467435,42000.278006763554,7980.052821285075,0.16
BE,2031,more-molecule,decline-1pct,44302.29003826682,65971.28662508905,44302.29003826682,21668.996586822228,46495.78664609594,8834.199462758228,0.19200000000000003
BE,2032,more-molecule,decline-1pct,41540.81687354228,65311.57375883816,41540.81687354228,23770.75688529588,51005.59391970523,9691.062844743994,0.22400000000000003
BE,2033,more-molecule,decline-1pct,38779.34370881774,64658.458021249775,38779.34370881774,25879.114312432037,55529.55684124865,10550.615799837244,0.256
BE,2034,more-molecule,decline-1pct,36017.8705440932,64011.87344103728,36017.8705440932,27994.002896944075,60067.53385424684,11412.831432306899,0.28800000000000003
BE,2035,more-molecule,decline-1pct,33256.39737936867,63371.7547066269,33256.39737936867,30115.357327258236,64619.38481778526,12277.6831153792,0.32
BE,2036,more-molecule,decline-1pct,30494.924214644132,62738.037159560634,30494.924214644132,32243.112944916502,69184.97099235853,13145.144488548121,0.35200000000000004
BE,2037,more-molecule,decline-1pct,27733.451049919597,62110.65678796503,27733.451049919597,34377.205738045435,73764.1550258563,14015.189454912696,0.38400000000000006
BE,2038,more-molecule,decline-1pct,24971.977885195054,61489.55022008537,24971.977885195054,36517.57233489032,78356.80093968927,14887.792178540962,0.41600000000000004
BE,2039,more-molecule,decline-1pct,22210.504720470515,60874.65471788452,22210.504720470515,38664.149997414,82962.77411505417,15762.927081860293,0.44800000000000006
BE,2040,more-molecule,decline-1pct,19449.03155574598,60265.908170705676,19449.03155574598,40816.87661495969,87581.94127933562,16640.56884307377,0.48
BE,2041,more-molecule,decline-1pct,18160.078040997385,59663.24908899862,18160.078040997385,41503.17104800124,89054.54290199261,16920.363151378595,0.512
BE,2042,more-molecule,decline-1pct,16871.124526248797,59066.61659810863,16871.124526248797,42195.49207185983,90540.07595318668,17202.61443110547,0.544
BE,2043,more-molecule,decline-1pct,15582.1710115002,58475.950432127545,15582.1710115002,42893.77942062735,92038.41111863255,17487.298112540186,0.5760000000000001
BE,2044,more-molecule,decline-1pct,14293.217496751611,57891.190927806274,14293.217496751611,43597.97343105466,93549.42037718765,17774.389871665655,0.6080000000000001
BE,2045,more-molecule,decline-1pct,13004.263982003018,57312.27901852821,13004.263982003018,44308.01503652519,95072.97698792089,18063.86562770497,0.64
BE,2046,more-molecule,decline-1pct,11715.310467254425,56739.15622834292,11715.310467254425,45023.845761088494,96608.95547731049,18355.701540688995,0.672
BE,2047,more-molecule,decline-1pct,10426.356952505834,56171.7646660595,10426.356952505834,45745.407713553665,98157.23162656993,18649.874009048286,0.7040000000000001
BE,2048,more-molecule,decline-1pct,9137.40343775724,55610.0470193989,9137.40343775724,46472.64358164166,99717.68245910046,18946.359667229088,0.7360000000000001
BE,2049,more-molecule,decline-1pct,7848.4499230086485,55053.946549204906,7848.4499230086485,47205.496626196255,101290.18622806936,19245.135383333178,0.7680000000000001
BE,2050,more-molecule,decline-1pct,6559.496408260056,54503.40708371286,6559.496408260056,47943.910675452804,102874.6224041123,19546.17825678134,0.8
BG,2025,more-molecule,decline-1pct,9844.36986663091,9844.36986663091,9844.36986663091,0.0,0.0,0.0,0.0
BG,2026,more-molecule,decline-1pct,9197.889624454938,9745.9261679646,9197.889624454938,548.0365435096628,1175.9377089378193,223.42816469818567,0.032
BG,2027,more-molecule,decline-1pct,8551.40938227896,9648.466906284955,8551.40938227896,1097.0575240059952,2353.9877525153765,447.2576729779216,0.064
BG,2028,more-molecule,decline-1pct,7904.929140102983,9551.982237222106,7904.929140102983,1647.0530971191229,3534.1290073862588,671.4845114033892,0.09600000000000002
BG,2029,more-molecule,decline-1pct,7258.448897927007,9456.462414849884,7258.448897927007,2198.013516922877,4716.340561437531,896.1047066731309,0.128
BG,2030,more-molecule,decline-1pct,6611.968655751033,9361.897790701385,6611.968655751033,2749.929134950352,5900.601711677388,1121.1143252187037,0.16
BG,2031,more-molecule,decline-1pct,6224.010431286404,9268.278812794371,6224.010431286404,3044.268381507967,6532.173863838704,1241.1130341293538,0.19200000000000003
BG,2032,more-molecule,decline-1pct,5836.052206821775,9175.596024666427,5836.052206821775,3339.543817844652,7165.754825224454,1361.4934167926463,0.22400000000000003
BG,2033,more-molecule,decline-1pct,5448.093982357146,9083.840064419763,5448.093982357146,3635.7460820626166,7801.324507742399,1482.2516564710559,0.256
BG,2034,more-molecule,decline-1pct,5060.135757892518,8993.001663775565,5060.135757892518,3932.865905883047,8438.863024181212,1603.3839745944301,0.28800000000000003
BG,2035,more-molecule,decline-1pct,4672.177533427889,8903.07164713781,4672.177533427889,4230.89411370992,9078.350686201687,1724.8866303783207,0.32
BG,2036,more-molecule,decline-1pct,4284.219308963261,8814.040930666431,4284.219308963261,4529.82162170317,9719.76800234801,1846.7559204461218,0.35200000000000004
BG,2037,more-molecule,decline-1pct,3896.261084498632,8725.900521359767,3896.261084498632,4829.6394368611345,10363.095676078918,1968.9881784549943,0.38400000000000006
BG,2038,more-molecule,decline-1pct,3508.3028600340035,8638.641516146168,3508.3028600340035,5130.338656112164,11008.314603818564,2091.5797747255274,0.41600000000000004
BG,2039,more-molecule,decline-1pct,3120.3446355693745,8552.255100984708,3120.3446355693745,5431.910465415334,11655.405873026873,2214.527115875106,0.44800000000000006
BG,2040,more-molecule,decline-1pct,2732.3864111047465,8466.73254997486,2732.3864111047465,5734.346138870114,12304.35076028914,2337.8266444549367,0.48
BG,2041,more-molecule,decline-1pct,2551.3018641364297,8382.06522447511,2551.3018641364297,5830.763360338681,12511.235954093552,2377.134831277775,0.512
BG,2042,more-molecule,decline-1pct,2370.217317168113,8298.24457223036,2370.217317168113,5928.027255062247,12719.93787895266,2416.7881970010053,0.544
BG,2043,more-molecule,decline-1pct,2189.132770199796,8215.262126508056,2189.132770199796,6026.12935630826,12930.438367555915,2456.7832898356237,0.5760000000000001
BG,2044,more-molecule,decline-1pct,2008.0482232314798,8133.109505242976,2008.0482232314798,6125.061282011497,13142.719434265875,2497.1166925105163,0.6080000000000001
BG,2045,more-molecule,decline-1pct,1826.9636762631633,8051.778410190546,1826.9636762631633,6224.814733927383,13356.76327330147,2537.7850219272796,0.64
BG,2046,more-molecule,decline-1pct,1645.879129294846,7971.2606260886405,1645.879129294846,6325.381496793794,13572.552256939449,2578.7849288184952,0.672
BG,2047,more-molecule,decline-1pct,1464.7945823265297,7891.548019827755,1464.7945823265297,6426.753437501225,13790.068933733784,2620.113097409419,0.7040000000000001
BG,2048,more-molecule,decline-1pct,1283.7100353582134,7812.632539629477,1283.7100353582134,6528.922504271263,14009.296026752912,2661.7662450830535,0.7360000000000001
BG,2049,more-molecule,decline-1pct,1102.6254883898966,7734.506214233182,1102.6254883898966,6631.880725843285,14230.216431834588,2703.7411220485715,0.7680000000000001
BG,2050,more-molecule,decline-1pct,921.54094142158,7657.161152090851,921.54094142158,6735.620210669271,14452.813215858185,2746.034511013055,0.8
CY,2025,more-molecule,decline-1pct,0.0,0.0,0.0,0.0,0.0,0.0,0.0
CY,2026,more-molecule,decline-1pct,0.0,0.0,0.0,0.0,0.0,0.0,0.032
CY,2027,more-molecule,decline-1pct,0.0,0.0,0.0,0.0,0.0,0.0,0.064
CY,2028,more-molecule,decline-1pct,0.0,0.0,0.0,0.0,0.0,0.0,0.09600000000000002
CY,2029,more-molecule,decline-1pct,0.0,0.0,0.0,0.0,0.0,0.0,0.128
CY,2030,more-molecule,decline-1pct,0.0,0.0,0.0,0.0,0.0,0.0,0.16
CY,2031,more-molecule,decline-1pct,0.0,0.0,0.0,0.0,0.0,0.0,0.19200000000000003
CY,2032,more-molecule,decline-1pct,0.0,0.0,0.0,0.0,0.0,0.0,0.22400000000000003
CY,2033,more-molecule,decline-1pct,0.0,0.0,0.0,0.0,0.0,0.0,0.256
CY,2034,more-molecule,decline-1pct,0.0,0.0,0.0,0.0,0.0,0.0,0.28800000000000003
CY,2035,more-molecule,decline-1pct,0.0,0.0,0.0,0.0,0.0,0.0,0.32
CY,2036,more-molecule,decline-1pct,0.0,0.0,0.0,0.0,0.0,0.0,0.35200000000000004
CY,2037,more-molecule,decline-1pct,0.0,0.0,0.0,0.0,0.0,0.0,0.38400000000000006
CY,2038,more-molecule,decline-1pct,0.0,0.0,0.0,0.0,0.0,0.0,0.41600000000000004
CY,2039,more-molecule,decline-1pct,0.0,0.0,0.0,0.0,0.0,0.0,0.44800000000000006
CY,2040,more-molecule,decline-1pct,0.0,0.0,0.0,0.0,0.0,0.0,0.48
CY,2041,more-molecule,decline-1pct,0.0,0.0,0.0,0.0,0.0,0.0,0.512
CY,2042,more-molecule,decline-1pct,0.0,0.0,0.0,0.0,0.0,0.0,0.544
CY,2043,more-molecule,decline-1pct,0.0,0.0,0.0,0.0,0.0,0.0,0.5760000000000001
CY,2044,more-molecule,decline-1pct,0.0,0.0,0.0,0.0,0.0,0.0,0.6080000000000001
CY,2045,more-molecule,decline-1pct,0.0,0.0,0.0,0.0,0.0,0.0,0.64
CY,2046,more-molecule,decline-1pct,0.0,0.0,0.0,0.0,0.0,0.0,0.672
CY,2047,more-molecule,decline-1pct,0.0,0.0,0.0,0.0,0.0,0.0,0.7040000000000001
CY,2048,more-molecule,decline-1pct,0.0,0.0,0.0,0.0,0.0,0.0,0.7360000000000001
CY,2049,more-molecule,decline-1pct,0.0,0.0,0.0,0.0,0.0,0.0,0.7680000000000001
CY,2050,more-molecule,decline-1pct,0.0,0.0,0.0,0.0,0.0,0.0,0.8
CZ,2025,more-molecule,decline-1pct,5123.173404523795,5123.173404523795,5123.173404523795,0.0,0.0,0.0,0.0
CZ,2026,more-molecule,decline-1pct,4786.734360873808,5071.941670478557,4786.734360873808,285.20730960474884,611.9774934735063,116.27572375996621,0.032
CZ,2027,more-molecule,decline-1pct,4450.295317223821,5021.222253773772,4450.295317223821,570.9269365499504,1225.0542809388382,232.76031337837927,0.064
CZ,2028,more-molecule,decline-1pct,4113.8562735738315,4971.010031236035,4113.8562735738315,857.1537576622031,1839.2193694560842,349.451680196656,0.09600000000000002
CZ,2029,more-molecule,decline-1pct,3777.417229923845,4921.299930923674,3777.417229923845,1143.882700999829,2454.4618760147087,466.34775644279466,0.128
CZ,2030,more-molecule,decline-1pct,3440.9781862738573,4872.086931614436,3440.9781862738573,1431.108745340579,3070.7710264343077,583.4464950225184,0.16
CZ,2031,more-molecule,decline-1pct,3239.0782897268296,4823.3660622982925,3239.0782897268296,1584.287772571463,3399.4516527035917,645.8958140136824,0.19200000000000003
CZ,2032,more-molecule,decline-1pct,3037.1783931798013,4775.13240167531,3037.1783931798013,1737.9540084955083,3729.1776966210155,708.5437623579929,0.22400000000000003
CZ,2033,more-molecule,decline-1pct,2835.278496632774,4727.381077658557,2835.278496632774,1892.102581025783,4059.9387040100974,771.3883537619186,0.256
CZ,2034,more-molecule,decline-1pct,2633.378600085746,4680.107266881971,2633.378600085746,2046.7286667962248,4391.72432523612,834.427621794863,0.28800000000000003
CZ,2035,more-molecule,decline-1pct,2431.478703538718,4633.306194213151,2431.478703538718,2201.8274906744327,4724.524314160718,897.6596196905364,0.32
CZ,2036,more-molecule,decline-1pct,2229.5788069916907,4586.9731322710195,2229.5788069916907,2357.3943252793288,5058.328527106902,961.0824201503113,0.35200000000000004
CZ,2037,more-molecule,decline-1pct,2027.6789104446627,4541.103400948309,2027.6789104446627,2513.4244905036467,5393.126921834458,1024.694115148547,0.38400000000000006
CZ,2038,more-molecule,decline-1pct,1825.7790138976343,4495.692366938826,1825.7790138976343,2669.913353041192,5728.909556525573,1088.4928157398588,0.41600000000000004
CZ,2039,more-molecule,decline-1pct,1623.879117350607,4450.735443269438,1623.879117350607,2826.8563259188313,6065.666588780608,1152.4766518683157,0.44800000000000006
CZ,2040,more-molecule,decline-1pct,1421.9792208035797,4406.228088836743,1421.9792208035797,2984.2488680331635,6403.388274623924,1216.6437721785455,0.48
CZ,2041,more-molecule,decline-1pct,1327.7398182245472,4362.165807948376,1327.7398182245472,3034.425989723829,6511.054761869724,1237.1004047552476,0.512
CZ,2042,more-molecule,decline-1pct,1233.5004156455157,4318.544149868892,1233.5004156455157,3085.0437342233768,6619.666706097397,1257.7366741585054,0.544
CZ,2043,more-molecule,decline-1pct,1139.261013066484,4275.358708370203,1139.261013066484,3136.097695303719,6729.214652737126,1278.550784020054,0.5760000000000001
CZ,2044,more-molecule,decline-1pct,1045.0216104874523,4232.605121286501,1045.0216104874523,3187.583510799049,6839.689241764793,1299.5409559353106,0.6080000000000001
CZ,2045,more-molecule,decline-1pct,950.7822079084203,4190.279070073636,950.7822079084203,3239.4968621652156,6951.081206756518,1320.7054292837386,0.64
CZ,2046,more-molecule,decline-1pct,856.5428053293886,4148.376279372899,856.5428053293886,3291.8334740435107,7063.381373952659,1342.0424610510051,0.672
CZ,2047,more-molecule,decline-1pct,762.3034027503568,4106.892516579171,762.3034027503568,3344.589113828814,7176.580661331173,1363.550325652923,0.7040000000000001
CZ,2048,more-molecule,decline-1pct,668.064000171325,4065.823591413379,668.064000171325,3397.759591242054,7290.670077690236,1385.227314761145,0.7360000000000001
CZ,2049,more-molecule,decline-1pct,573.8245975922932,4025.165355499245,573.8245975922932,3451.3407579069517,7405.640721740042,1407.071737130608,0.7680000000000001
CZ,2050,more-molecule,decline-1pct,479.58519501326157,3984.913701944253,479.58519501326157,3505.3285069309914,7521.483781203685,1429.0819184287002,0.8
DE,2025,more-molecule,decline-1pct,314144.9034871672,314144.9034871672,314144.9034871672,0.0,0.0,0.0,0.0
DE,2026,more-molecule,decline-1pct,293514.9925801082,311003.45445229555,293514.9925801082,17488.461872187327,37525.49356494467,7129.843777339487,0.032
DE,2027,more-molecule,decline-1pct,272885.0816730492,307893.41990777256,272885.0816730492,35008.33823472337,75118.39410164261,14272.494879312097,0.064
DE,2028,more-molecule,decline-1pct,252255.17076599007,304814.48570869485,252255.17076599007,52559.314942704776,112778.02754037658,21427.825232671552,0.09600000000000002
DE,2029,more-molecule,decline-1pct,231625.2598589311,301766.3408516079,231625.2598589311,70141.08099267681,150503.72655212562,28595.70804490387,0.128
DE,2030,more-molecule,decline-1pct,210995.34895187203,298748.6774430918,210995.34895187203,87753.32849121979,188294.83048116005,35776.01779142041,0.16
DE,2031,more-molecule,decline-1pct,198615.16610293128,295761.1906686609,198615.16610293128,97146.02456572963,208449.00748525906,39605.31142219922,0.19200000000000003
DE,2032,more-molecule,decline-1pct,186234.9832539905,292803.5787619743,186234.9832539905,106568.59550798379,228667.28784878933,43446.784691269975,0.22400000000000003
DE,2033,more-molecule,decline-1pct,173854.8004050497,289875.5429743545,173854.8004050497,116020.74256930483,248949.0305381566,47300.31580224975,0.256
DE,2034,more-molecule,decline-1pct,161474.6175561089,286976.78754461097,161474.6175561089,125502.16998850208,269293.60093010246,51165.78417671947,0.28800000000000003
DE,2035,more-molecule,decline-1pct,149094.4347071681,284107.01966916485,149094.4347071681,135012.58496199673,289700.37074760103,55043.0704420442,0.32
DE,2036,more-molecule,decline-1pct,136714.25185822733,281265.94947247324,136714.25185822733,144551.6976142459,310168.717996397,58932.05641931543,0.35200000000000004
DE,2037,more-molecule,decline-1pct,124334.06900928653,278453.2899777485,124334.06900928653,154119.220968462,330698.02690217725,62832.625111413676,0.38400000000000006
DE,2038,more-molecule,decline-1pct,111953.8861603457,275668.757077971,111953.8861603457,163714.87091762532,351287.6878483719,66744.66069119067,0.41600000000000004
DE,2039,more-molecule,decline-1pct,99573.70331140493,272912.0695071913,99573.70331140493,173338.3661957864,371937.09731457685,70668.0484897696,0.44800000000000006
DE,2040,more-molecule,decline-1pct,87193.52046246416,270182.9488121194,87193.52046246416,182989.4283496552,392645.65781559184,74602.67498496245,0.48
DE,2041,more-molecule,decline-1pct,81414.90910378225,267481.11932399817,81414.90910378225,186066.2102202159,399247.59680418187,75857.04339279456,0.512
DE,2042,more-molecule,decline-1pct,75636.29774510035,264806.3081307582,75636.29774510035,189170.01038565784,405907.50972198945,77122.426847178,0.544
DE,2043,more-molecule,decline-1pct,69857.68638641844,262158.2450494506,69857.68638641844,192300.55866303216,412624.8168297223,78398.71519764724,0.5760000000000001
DE,2044,more-molecule,decline-1pct,64079.07502773654,259536.6625989561,64079.07502773654,195457.58757121957,419398.94418548123,79685.79939524144,0.6080000000000001
DE,2045,more-molecule,decline-1pct,58300.46366905463,256941.29597296656,58300.46366905463,198640.8323039119,426229.3235867859,80983.57148148931,0.64
DE,2046,more-molecule,decline-1pct,52521.85231037273,254371.88301323686,52521.85231037273,201850.03070286414,433115.39251318085,82291.92457750437,0.672
DE,2047,more-molecule,decline-1pct,46743.24095169083,251828.1641831045,46743.24095169083,205084.92323141368,440056.5940694153,83610.7528731889,0.7040000000000001
DE,2048,more-molecule,decline-1pct,40964.629593008925,249309.88254127346,40964.629593008925,208345.25294826453,447052.37692919077,84939.95161654624,0.7360000000000001
DE,2049,more-molecule,decline-1pct,35186.01823432703,246816.7837158607,35186.01823432703,211630.7654815337,454102.1952794718,86279.41710309965,0.7680000000000001
DE,2050,more-molecule,decline-1pct,29407.406875645127,244348.6158787021,29407.406875645127,214941.20900305698,461205.5087653534,87629.04666541715,0.8
DK,2025,more-molecule,decline-1pct,55049.18286359114,55049.18286359114,55049.18286359114,0.0,0.0,0.0,0.0
DK,2026,more-molecule,decline-1pct,51434.1003797568,54498.69103495523,51434.1003797568,3064.59065519843,6575.779948591606,1249.398190232405,0.032
DK,2027,more-molecule,decline-1pct,47819.01789592247,53953.70412460567,47819.01789592247,6134.6862286831965,13163.371958028769,2501.040672025466,0.064
DK,2028,more-molecule,decline-1pct,44203.93541208813,53414.167083359614,44203.93541208813,9210.231671271482,19762.65790770313,3754.905002463595,0.09600000000000002
DK,2029,more-molecule,decline-1pct,40588.85292825379,52880.02541252602,40588.85292825379,12291.172484272225,26373.52085821226,5010.96896306033,0.128
DK,2030,more-molecule,decline-1pct,36973.77044441946,52351.22515840075,36973.77044441946,15377.454713981293,32995.8450395478,6269.210557514082,0.16
DK,2031,more-molecule,decline-1pct,34804.32907525883,51827.712906816756,34804.32907525883,17023.383831557927,36527.562291835355,6940.236835448717,0.19200000000000003
DK,2032,more-molecule,decline-1pct,32634.887706098183,51309.43577774858,32634.887706098183,18674.548071650395,40070.51269645587,7613.397412326616,0.22400000000000003
DK,2033,more-molecule,decline-1pct,30465.446336937544,50796.3414199711,30465.446336937544,20330.895083033553,43624.583921886064,8288.670945158352,0.256
DK,2034,more-molecule,decline-1pct,28296.004967776913,50288.37800577138,28296.004967776913,21992.373037994468,47189.66475991778,8966.036304384379,0.28800000000000003
DK,2035,more-molecule,decline-1pct,26126.563598616274,49785.49422571367,26126.563598616274,23658.930627097398,50765.64511442507,9645.472571740764,0.32
DK,2036,more-molecule,decline-1pct,23957.122229455643,49287.639283456534,23957.122229455643,25330.51705400089,54352.41599024312,10326.959038146193,0.35200000000000004
DK,2037,more-molecule,decline-1pct,21787.680860295004,48794.76289062197,21787.680860295004,27007.082030326965,57949.869482158865,11010.475201610185,0.38400000000000006
DK,2038,more-molecule,decline-1pct,19618.23949113436,48306.81526171575,19618.23949113436,28688.575770581385,61557.89876401131,11696.000765162149,0.41600000000000004
DK,2039,more-molecule,decline-1pct,17448.798121973723,47823.74710909859,17448.798121973723,30374.94898712487,65176.3980779011,12383.51563480121,0.44800000000000006
DK,2040,more-molecule,decline-1pct,15279.356752813093,47345.50963800761,15279.356752813093,32066.15288519451,68805.26272350783,13072.999917466486,0.48
DK,2041,more-molecule,decline-1pct,14266.741778479438,46872.05454162753,14266.741778479438,32605.31276314809,69962.1535169057,13292.809168212083,0.512
DK,2042,more-molecule,decline-1pct,13254.12680414579,46403.33399621125,13254.12680414579,33149.20719206546,71129.20337191936,13514.548640664678,0.544
DK,2043,more-molecule,decline-1pct,12241.511829812138,45939.300656249135,12241.511829812138,33697.788826437,72306.31069793265,13738.199032607205,0.5760000000000001
DK,2044,more-molecule,decline-1pct,11228.896855478488,45479.90764968665,11228.896855478488,34251.01079420816,73493.3749202356,13963.741234844763,0.6080000000000001
DK,2045,more-molecule,decline-1pct,10216.281881144838,45025.108573189784,10216.281881144838,34808.826692044946,74690.2964698653,14191.156329274407,0.64
DK,2046,more-molecule,decline-1pct,9203.666906811184,44574.857487457884,9203.666906811184,35371.1905806467,75896.97677354845,14420.425586974205,0.672
DK,2047,more-molecule,decline-1pct,8191.051932477537,44129.1089125833,8191.051932477537,35938.056980105765,77113.31824374454,14651.530466311462,0.7040000000000001
DK,2048,more-molecule,decline-1pct,7178.436958143885,43687.81782345747,7178.436958143885,36509.380865313586,78339.22426878846,14884.452611069806,0.7360000000000001
DK,2049,more-molecule,decline-1pct,6165.821983810237,43250.93964522289,6165.821983810237,37085.11766141265,79574.59920313167,15119.173848595017,0.7680000000000001
DK,2050,more-molecule,decline-1pct,5153.207009476588,42818.43024877067,5153.207009476588,37665.22323929408,80819.34835768127,15355.676187959441,0.8
EE,2025,more-molecule,decline-1pct,0.0,0.0,0.0,0.0,0.0,0.0,0.0
EE,2026,more-molecule,decline-1pct,0.0,0.0,0.0,0.0,0.0,0.0,0.032
EE,2027,more-molecule,decline-1pct,0.0,0.0,0.0,0.0,0.0,0.0,0.064
EE,2028,more-molecule,decline-1pct,0.0,0.0,0.0,0.0,0.0,0.0,0.09600000000000002
EE,2029,more-molecule,decline-1pct,0.0,0.0,0.0,0.0,0.0,0.0,0.128
EE,2030,more-molecule,decline-1pct,0.0,0.0,0.0,0.0,0.0,0.0,0.16
EE,2031,more-molecule,decline-1pct,0.0,0.0,0.0,0.0,0.0,0.0,0.19200000000000003
EE,2032,more-molecule,decline-1pct,0.0,0.0,0.0,0.0,0.0,0.0,0.22400000000000003
EE,2033,more-molecule,decline-1pct,0.0,0.0,0.0,0.0,0.0,0.0,0.256
EE,2034,more-molecule,decline-1pct,0.0,0.0,0.0,0.0,0.0,0.0,0.28800000000000003
EE,2035,more-molecule,decline-1pct,0.0,0.0,0.0,0.0,0.0,0.0,0.32
EE,2036,more-molecule,decline-1pct,0.0,0.0,0.0,0.0,0.0,0.0,0.35200000000000004
EE,2037,more-molecule,decline-1pct,0.0,0.0,0.0,0.0,0.0,0.0,0.38400000000000006
EE,2038,more-molecule,decline-1pct,0.0,0.0,0.0,0.0,0.0,0.0,0.41600000000000004
EE,2039,more-molecule,decline-1pct,0.0,0.0,0.0,0.0,0.0,0.0,0.44800000000000006
EE,2040,more-molecule,decline-1pct,0.0,0.0,0.0,0.0,0.0,0.0,0.48
EE,2041,more-molecule,decline-1pct,0.0,0.0,0.0,0.0,0.0,0.0,0.512
EE,2042,more-molecule,decline-1pct,0.0,0.0,0.0,0.0,0.0,0.0,0.544
EE,2043,more-molecule,decline-1pct,0.0,0.0,0.0,0.0,0.0,0.0,0.5760000000000001
EE,2044,more-molecule,decline-1pct,0.0,0.0,0.0,0.0,0.0,0.0,0.6080000000000001
EE,2045,more-molecule,decline-1pct,0.0,0.0,0.0,0.0,0.0,0.0,0.64
EE,2046,more-molecule,decline-1pct,0.0,0.0,0.0,0.0,0.0,0.0,0.672
EE,2047,more-molecule,decline-1pct,0.0,0.0,0.0,0.0,0.0,0.0,0.7040000000000001
EE,2048,more-molecule,decline-1pct,0.0,0.0,0.0,0.0,0.0,0.0,0.7360000000000001
EE,2049,more-molecule,decline-1pct,0.0,0.0,0.0,0.0,0.0,0.0,0.7680000000000001
EE,2050,more-molecule,decline-1pct,0.0,0.0,0.0,0.0,0.0,0.0,0.8
ES,2025,more-molecule,decline-1pct,52494.78772194763,52494.78772194763,52494.78772194763,0.0,0.0,0.0,0.0
ES,2026,more-molecule,decline-1pct,49047.452489806914,51969.83984472815,49047.452489806914,2922.3873549212367,6270.650254026976,1191.4235482651254,0.032
ES,2027,more-molecule,decline-1pct,45600.117257666214,51450.14144628087,45600.117257666214,5850.024188614654,12552.564465017374,2384.9872483533013,0.064
ES,2028,more-molecule,decline-1pct,42152.78202552548,50935.64003181806,42152.78202552548,8782.858006292583,18845.629993401675,3580.6696987463183,0.09600000000000002
ES,2029,more-molecule,decline-1pct,38705.44679338477,50426.28363149988,38705.44679338477,11720.836838115109,25149.735326005786,4778.4497119411,0.128
ES,2030,more-molecule,decline-1pct,35258.111561244055,49922.02079518488,35258.111561244055,14663.909233940823,31464.770064787597,5978.3063123096435,0.16
ES,2031,more-molecule,decline-1pct,33189.336727083515,49422.80058723303,33189.336727083515,16233.463860149517,34832.6083833359,6618.195592833821,0.19200000000000003
ES,2032,more-molecule,decline-1pct,31120.561892922968,48928.5725813607,31120.561892922968,17808.01068843773,38211.15861287895,7260.120136447001,0.22400000000000003
ES,2033,more-molecule,decline-1pct,29051.787058762427,48439.28685554709,29051.787058762427,19387.499796784665,41600.313634306796,7904.059590518292,0.256
ES,2034,more-molecule,decline-1pct,26983.01222460189,47954.89398699162,26983.01222460189,20971.88176238973,44999.96739970058,8549.99380594311,0.28800000000000003
ES,2035,more-molecule,decline-1pct,24914.237390441343,47475.34504712171,24914.237390441343,22561.107656680364,48410.014921620685,9197.90283510793,0.32
ES,2036,more-molecule,decline-1pct,22845.462556280807,47000.59159665049,22845.462556280807,24155.129040369684,51830.35226250179,9847.766929875339,0.35200000000000004
ES,2037,more-molecule,decline-1pct,20776.687722120267,46530.58568068399,20776.687722120267,25753.89795856372,55260.876524154315,10499.56653958932,0.38400000000000006
ES,2038,more-molecule,decline-1pct,18707.912887959723,46065.27982387714,18707.912887959723,27357.36693591742,58701.48583737055,11153.282309100405,0.41600000000000004
ES,2039,more-molecule,decline-1pct,16639.138053799183,45604.62702563837,16639.138053799183,28965.48897183919,62152.07935163485,11808.895076810622,0.44800000000000006
ES,2040,more-molecule,decline-1pct,14570.363219638644,45148.58075538199,14570.363219638644,30578.217535743344,65612.55722493673,12466.385872737977,0.48
ES,2041,more-molecule,decline-1pct,13604.735659763128,44697.09494782817,13604.735659763128,31092.35928806504,66715.76590956669,12675.995522817671,0.512
ES,2042,more-molecule,decline-1pct,12639.108099887617,44250.12399834988,12639.108099887617,31611.015898462265,67828.66225448939,12887.445828352984,0.544
ES,2043,more-molecule,decline-1pct,11673.4805400121,43807.622758366386,11673.4805400121,32134.142218354285,68951.14938310192,13100.718382789364,0.5760000000000001
ES,2044,more-molecule,decline-1pct,10707.852980136588,43369.546530782725,10707.852980136588,32661.693550646138,70083.13138756734,13315.794963637794,0.6080000000000001
ES,2045,more-molecule,decline-1pct,9742.225420261077,42935.8510654749,9742.225420261077,33193.62564521382,71224.51331912715,13532.657530634158,0.64
ES,2046,more-molecule,decline-1pct,8776.597860385562,42506.49255482014,8776.597860385562,33729.89469443458,72375.20117851038,13751.288223916972,0.672
ES,2047,more-molecule,decline-1pct,7810.97030051005,42081.427629271944,7810.97030051005,34270.45732876189,73535.10190643884,13971.66936222338,0.7040000000000001
ES,2048,more-molecule,decline-1pct,6845.342740634536,41660.61335297922,6845.342740634536,34815.270612344684,74704.12337422704,14193.783441103138,0.7360000000000001
ES,2049,more-molecule,decline-1pct,5879.715180759025,41244.00721944943,5879.715180759025,35364.2920386904,75882.1743744764,14417.613131150516,0.7680000000000001
ES,2050,more-molecule,decline-1pct,4914.0876208835125,40831.56714725494,4914.0876208835125,35917.479526371426,77069.1646118623,14643.141276253838,0.8
FI,2025,more-molecule,decline-1pct,67471.51665927384,67471.51665927384,67471.51665927384,0.0,0.0,0.0,0.0
FI,2026,more-molecule,decline-1pct,63040.65891816831,66796.8014926811,63040.65891816831,3756.1425745127926,8059.66271013549,1531.335914925743,0.032
FI,2027,more-molecule,decline-1pct,58609.80117706276,66128.83347775429,58609.80117706276,7519.032300691528,16133.802976860716,3065.422565603536,0.064
FI,2028,more-molecule,decline-1pct,54178.943435957204,65467.54514297675,54178.943435957204,11288.601707019545,24222.27602460978,4602.232444675858,0.09600000000000002
FI,2029,more-molecule,decline-1pct,49748.08569485167,64812.86969154698,49748.08569485167,15064.78399669531,32324.93852557235,6141.738319858747,0.128
FI,2030,more-molecule,decline-1pct,45317.22795374612,64164.7409946315,45317.22795374612,18847.51304088538,40441.64858521637,7683.91323119111,0.16
FI,2031,more-molecule,decline-1pct,42658.23299930056,63523.09358468519,42658.23299930056,20864.86058538463,44770.32899477004,8506.362509006307,0.19200000000000003
FI,2032,more-molecule,decline-1pct,39999.238044855,62887.86264883834,39999.238044855,22888.624603983335,49112.777416587356,9331.427709151598,0.22400000000000003
FI,2033,more-molecule,decline-1pct,37340.24309040944,62258.984022349956,37340.24309040944,24918.740931940512,53468.856170545725,10159.082672403689,0.256
FI,2034,more-molecule,decline-1pct,34681.248135963884,61636.39418212645,34681.248135963884,26955.14604616257,57838.4289533237,10989.301501131504,0.28800000000000003
FI,2035,more-molecule,decline-1pct,32022.253181518332,61020.03024030519,32022.253181518332,28997.777058786858,62221.36082463311,11822.058556680291,0.32
FI,2036,more-molecule,decline-1pct,29363.25822707277,60409.82993790214,29363.25822707277,31046.571710829372,66617.51819358865,12657.328456781845,0.35200000000000004
FI,2037,more-molecule,decline-1pct,26704.263272627213,59805.73163852312,26704.263272627213,33101.468365895904,71026.76880521383,13495.086072990627,0.38400000000000006
FI,2038,more-molecule,decline-1pct,24045.268318181654,59207.67432213788,24045.268318181654,35162.406003956225,75448.98172708195,14335.306528145571,0.41600000000000004
FI,2039,more-molecule,decline-1pct,21386.27336373609,58615.5975789165,21386.27336373609,37229.324215180415,79884.02733609064,15177.965193857222,0.44800000000000006
FI,2040,more-molecule,decline-1pct,18727.27840929053,58029.44160312734,18727.27840929053,39302.16319383681,84331.77730536844,16023.037688020004,0.48
FI,2041,more-molecule,decline-1pct,17486.157931998743,57449.14718709607,17486.157931998743,39962.98925509732,85749.73071319878,16292.448835507768,0.512
FI,2042,more-molecule,decline-1pct,16245.03745470696,56874.655715225104,16245.03745470696,40629.618260518146,87180.13566452889,16564.22577626049,0.544
FI,2043,more-molecule,decline-1pct,15003.916977415174,56305.90915807285,15003.916977415174,41301.992180657675,88622.86764392376,16838.344852345515,0.5760000000000001
FI,2044,more-molecule,decline-1pct,13762.796500123386,55742.85006649212,13762.796500123386,41980.05356636873,90077.80338110276,17114.782642409526,0.6080000000000001
FI,2045,more-molecule,decline-1pct,12521.6760228316,55185.4215658272,12521.6760228316,42663.7455429956,91544.82083848806,17393.515959312732,0.64
FI,2046,more-molecule,decline-1pct,11280.555545539813,54633.56735016893,11280.555545539813,43353.01180462912,93023.79919887756,17674.52184778674,0.672
FI,2047,more-molecule,decline-1pct,10039.435068248029,54087.231676667245,10039.435068248029,44047.796608419216,94514.61885324123,17957.777582115836,0.7040000000000001
FI,2048,more-molecule,decline-1pct,8798.314590956243,53546.35935990057,8798.314590956243,44748.044768944324,96017.16138863933,18243.260663841473,0.7360000000000001
FI,2049,more-molecule,decline-1pct,7557.194113664457,53010.89576630156,7557.194113664457,45453.7016526371,97531.30957626153,18530.94881948969,0.7680000000000001
FI,2050,more-molecule,decline-1pct,6316.073636372672,52480.78680863855,6316.073636372672,46164.71317226588,99056.94735958558,18820.81999832126,0.8
FR,2025,more-molecule,decline-1pct,78340.00801547075,78340.00801547075,78340.00801547075,0.0,0.0,0.0,0.0
FR,2026,more-molecule,decline-1pct,73195.41592475912,77556.60793531605,73195.41592475912,4361.19201055693,9357.93461561713,1778.0075769672549,0.032
FR,2027,more-molecule,decline-1pct,68050.82383404748,76781.04185596289,68050.82383404748,8730.21802191541,18732.678871145126,3559.208985517574,0.064
FR,2028,more-molecule,decline-1pct,62906.23174333582,76013.23143740326,62906.23174333582,13106.99969406744,28124.064670184907,5343.572287335132,0.09600000000000002
FR,2029,more-molecule,decline-1pct,57761.639652624195,75253.09912302921,57761.639652624195,17491.459470405018,37531.92559730122,7131.065863487232,0.128
FR,2030,more-molecule,decline-1pct,52617.04756191256,74500.56813179892,52617.04756191256,21883.520569886365,46956.09690121346,8921.658411230557,0.16
FR,2031,more-molecule,decline-1pct,49529.73462812614,73755.56245048094,49529.73462812614,24225.827822354797,51982.05266404773,9876.59000616907,0.19200000000000003
FR,2032,more-molecule,decline-1pct,46442.42169433973,73018.00682597613,46442.42169433973,26575.5851316364,57023.99422717961,10834.558903164127,0.22400000000000003
FR,2033,more-molecule,decline-1pct,43355.10876055331,72287.82675771636,43355.10876055331,28932.717997163054,62081.76173260615,11795.53472919517,0.256
FR,2034,more-molecule,decline-1pct,40267.79582676691,71564.9484901392,40267.79582676691,31297.15266337229,67155.19692090436,12759.487414971829,0.28800000000000003
FR,2035,more-molecule,decline-1pct,37180.4828929805,70849.29900523782,37180.4828929805,33668.816112257315,72244.14311524559,13726.387191896663,0.32
FR,2036,more-molecule,decline-1pct,34093.169959194085,70140.80601518543,34093.169959194085,36047.636055991345,77348.44520556937,14696.20458905818,0.35200000000000004
FR,2037,more-molecule,decline-1pct,31005.85702540768,69439.39795503358,31005.85702540768,38433.5409296259,82467.94963291589,15668.910430254018,0.38400000000000006
FR,2038,more-molecule,decline-1pct,27918.544091621265,68745.00397548324,27918.544091621265,40826.45988386197,87602.50437391488,16644.475831043826,0.41600000000000004
FR,2039,more-molecule,decline-1pct,24831.231157834853,68057.55393572841,24831.231157834853,43226.32277789356,92751.9589254299,17622.872195831682,0.44800000000000006
FR,2040,more-molecule,decline-1pct,21743.91822404845,67376.97839637112,21743.91822404845,45633.06017232267,97916.16428935569,18604.07121497758,0.48
FR,2041,more-molecule,decline-1pct,20302.874759289753,66703.20861240741,20302.874759289753,46400.333853117656,99562.52540342332,18916.87982665043,0.512
FR,2042,more-molecule,decline-1pct,18861.83129453107,66036.17652628334,18861.83129453107,47174.34523175226,101223.34378873475,19232.435319859604,0.544
FR,2043,more-molecule,decline-1pct,17420.787829772384,65375.814761020505,17420.787829772384,47955.026931248125,102898.47487257764,19550.710225789753,0.5760000000000001
FR,2044,more-molecule,decline-1pct,15979.744365013697,64722.0566134103,15979.744365013697,48742.3122483966,104587.77552796657,19871.67735031365,0.6080000000000001
FR,2045,more-molecule,decline-1pct,14538.700900255013,64074.83604727619,14538.700900255013,49536.13514702118,106291.10405918615,20195.30977124537,0.64
FR,2046,more-molecule,decline-1pct,13097.657435496323,63434.08768680343,13097.657435496323,50336.43025130711,108008.32018747806,20521.580835620833,0.672
FR,2047,more-molecule,decline-1pct,11656.613970737637,62799.7468099354,11656.613970737637,51143.132839197766,109739.28503687159,20850.4641570056,0.7040000000000001
FR,2048,more-molecule,decline-1pct,10215.570505978952,62171.74934183605,10215.570505978952,51956.17883585709,111483.86112015568,21181.93361282958,0.7360000000000001
FR,2049,more-molecule,decline-1pct,8774.527041220266,61550.031848417675,8774.527041220266,52775.50480719741,113241.91232499143,21515.96334174837,0.7680000000000001
FR,2050,more-molecule,decline-1pct,7333.483576461582,60934.531529933505,7333.483576461582,53601.04795347192,115013.30390016337,21852.52774103104,0.8
GR,2025,more-molecule,decline-1pct,86777.01453877483,86777.01453877483,86777.01453877483,0.0,0.0,0.0,0.0
GR,2026,more-molecule,decline-1pct,81078.36382426908,85909.24439338708,81078.36382426908,4830.880569118002,10365.758809112498,1969.4941737313748,0.032
GR,2027,more-molecule,decline-1pct,75379.71310976331,85050.15194945321,75379.71310976331,9670.438839689901,20750.1376107919,3942.5261460504607,0.064
GR,2028,more-molecule,decline-1pct,69681.06239525751,84199.65042995868,69681.06239525751,14518.58803470117,31152.95020511256,5919.060538971386,0.09600000000000002
GR,2029,more-molecule,decline-1pct,63982.411680751764,83357.65392565909,63982.411680751764,19375.242244907327,41574.012254147885,7899.062328288098,0.128
GR,2030,more-molecule,decline-1pct,58283.760966245994,82524.0773864025,58283.760966245994,24240.3164201565,52013.14126335089,9882.496840036669,0.16
GR,2031,more-molecule,decline-1pct,54863.95279762769,81698.83661253848,54863.95279762769,26834.88381491079,57580.37883902969,10940.271979415642,0.19200000000000003
GR,2032,more-molecule,decline-1pct,51444.14462900937,80881.8482464131,51444.14462900937,29437.70361740372,63165.32384236879,12001.411530050069,0.22400000000000003
GR,2033,more-molecule,decline-1pct,48024.33646039105,80073.02976394896,48024.33646039105,32048.693303557906,68767.79919909159,13065.881847827402,0.256
GR,2034,more-molecule,decline-1pct,44604.528291772745,79272.29946630947,44604.528291772745,34667.77117453673,74387.62960566423,14133.649625076205,0.28800000000000003
GR,2035,more-molecule,decline-1pct,41184.72012315443,78479.57647164637,41184.72012315443,37294.85634849194,80024.64151158824,15204.681887201767,0.32
GR,2036,more-molecule,decline-1pct,37764.911954536125,77694.78070692992,37764.911954536125,39929.86875239379,85678.6631018701,16278.94598935532,0.35200000000000004
GR,2037,more-molecule,decline-1pct,34345.1037859178,76917.83289986062,34345.1037859178,42572.72911394281,91349.52427966624,17356.409613136584,0.38400000000000006
GR,2038,more-molecule,decline-1pct,30925.29561729949,76148.654570862,30925.29561729949,45223.35895356251,97037.05664910146,18437.040763329278,0.41600000000000004
GR,2039,more-molecule,decline-1pct,27505.487448681175,75387.16802515338,27505.487448681175,47881.68057647221,102741.09349825946,19520.8077646693,0.44800000000000006
GR,2040,more-molecule,decline-1pct,24085.679280062872,74633.29634490184,24085.679280062872,50547.61706483897,108461.46978234292,20607.679258645156,0.48
GR,2041,more-molecule,decline-1pct,22489.439340086396,73886.96338145284,22489.439340086396,51397.52404136644,110285.1395259471,20954.17650992995,0.512
GR,2042,more-molecule,decline-1pct,20893.199400109937,73148.0937476383,20893.199400109937,52254.89434752836,112124.82354972167,21303.716474447116,0.544
GR,2043,more-molecule,decline-1pct,19296.959460133465,72416.61281016191,19296.959460133465,53119.65335002844,113980.36171086505,21656.26872506436,0.5760000000000001
GR,2044,more-molecule,decline-1pct,17700.719520156996,71692.4466820603,17700.719520156996,53991.7271619033,115851.59546800356,22011.803138920677,0.6080000000000001
GR,2045,more-molecule,decline-1pct,16104.47958018053,70975.52221523969,16104.47958018053,54871.04263505916,117738.36786517719,22370.289894383666,0.64
GR,2046,more-molecule,decline-1pct,14508.239640204061,70265.7669930873,14508.239640204061,55757.52735288323,119640.52351598564,22731.69946803727,0.672
GR,2047,more-molecule,decline-1pct,12911.999700227598,69563.10932315643,12911.999700227598,56651.10962292883,121557.90858789253,23096.00263169958,0.7040000000000001
GR,2048,more-molecule,decline-1pct,11315.759760251129,68867.47822992486,11315.759760251129,57551.71846967373,123490.37078668685,23463.1704494705,0.7360000000000001
GR,2049,more-molecule,decline-1pct,9719.519820274665,68178.8034476256,9719.519820274665,58459.28362735093,125437.75934109974,23833.17427480895,0.7680000000000001
GR,2050,more-molecule,decline-1pct,8123.279880298197,67497.01541314935,8123.279880298197,59373.73553285115,127399.92498757508,24205.985747639264,0.8
HR,2025,more-molecule,decline-1pct,0.0,0.0,0.0,0.0,0.0,0.0,0.0
HR,2026,more-molecule,decline-1pct,0.0,0.0,0.0,0.0,0.0,0.0,0.032
HR,2027,more-molecule,decline-1pct,0.0,0.0,0.0,0.0,0.0,0.0,0.064
HR,2028,more-molecule,decline-1pct,0.0,0.0,0.0,0.0,0.0,0.0,0.09600000000000002
HR,2029,more-molecule,decline-1pct,0.0,0.0,0.0,0.0,0.0,0.0,0.128
HR,2030,more-molecule,decline-1pct,0.0,0.0,0.0,0.0,0.0,0.0,0.16
HR,2031,more-molecule,decline-1pct,0.0,0.0,0.0,0.0,0.0,0.0,0.19200000000000003
HR,2032,more-molecule,decline-1pct,0.0,0.0,0.0,0.0,0.0,0.0,0.22400000000000003
HR,2033,more-molecule,decline-1pct,0.0,0.0,0.0,0.0,0.0,0.0,0.256
HR,2034,more-molecule,decline-1pct,0.0,0.0,0.0,0.0,0.0,0.0,0.28800000000000003
HR,2035,more-molecule,decline-1pct,0.0,0.0,0.0,0.0,0.0,0.0,0.32
HR,2036,more-molecule,decline-1pct,0.0,0.0,0.0,0.0,0.0,0.0,0.35200000000000004
HR,2037,more-molecule,decline-1pct,0.0,0.0,0.0,0.0,0.0,0.0,0.38400000000000006
HR,2038,more-molecule,decline-1pct,0.0,0.0,0.0,0.0,0.0,0.0,0.41600000000000004
HR,2039,more-molecule,decline-1pct,0.0,0.0,0.0,0.0,0.0,0.0,0.44800000000000006
HR,2040,more-molecule,decline-1pct,0.0,0.0,0.0,0.0,0.0,0.0,0.48
HR,2041,more-molecule,decline-1pct,0.0,0.0,0.0,0.0,0.0,0.0,0.512
HR,2042,more-molecule,decline-1pct,0.0,0.0,0.0,0.0,0.0,0.0,0.544
HR,2043,more-molecule,decline-1pct,0.0,0.0,0.0,0.0,0.0,0.0,0.5760000000000001
HR,2044,more-molecule,decline-1pct,0.0,0.0,0.0,0.0,0.0,0.0,0.6080000000000001
HR,2045,more-molecule,decline-1pct,0.0,0.0,0.0,0.0,0.0,0.0,0.64
HR,2046,more-molecule,decline-1pct,0.0,0.0,0.0,0.0,0.0,0.0,0.672
HR,2047,more-molecule,decline-1pct,0.0,0.0,0.0,0.0,0.0,0.0,0.7040000000000001
HR,2048,more-molecule,decline-1pct,0.0,0.0,0.0,0.0,0.0,0.0,0.7360000000000001
HR,2049,more-molecule,decline-1pct,0.0,0.0,0.0,0.0,0.0,0.0,0.7680000000000001
HR,2050,more-molecule,decline-1pct,0.0,0.0,0.0,0.0,0.0,0.0,0.8
HU,2025,more-molecule,decline-1pct,0.0,0.0,0.0,0.0,0.0,0.0,0.0
HU,2026,more-molecule,decline-1pct,0.0,0.0,0.0,0.0,0.0,0.0,0.032
HU,2027,more-molecule,decline-1pct,0.0,0.0,0.0,0.0,0.0,0.0,0.064
HU,2028,more-molecule,decline-1pct,0.0,0.0,0.0,0.0,0.0,0.0,0.09600000000000002
HU,2029,more-molecule,decline-1pct,0.0,0.0,0.0,0.0,0.0,0.0,0.128
HU,2030,more-molecule,decline-1pct,0.0,0.0,0.0,0.0,0.0,0.0,0.16
HU,2031,more-molecule,decline-1pct,0.0,0.0,0.0,0.0,0.0,0.0,0.19200000000000003
HU,2032,more-molecule,decline-1pct,0.0,0.0,0.0,0.0,0.0,0.0,0.22400000000000003
HU,2033,more-molecule,decline-1pct,0.0,0.0,0.0,0.0,0.0,0.0,0.256
HU,2034,more-molecule,decline-1pct,0.0,0.0,0.0,0.0,0.0,0.0,0.28800000000000003
HU,2035,more-molecule,decline-1pct,0.0,0.0,0.0,0.0,0.0,0.0,0.32
HU,2036,more-molecule,decline-1pct,0.0,0.0,0.0,0.0,0.0,0.0,0.35200000000000004
HU,2037,more-molecule,decline-1pct,0.0,0.0,0.0,0.0,0.0,0.0,0.38400000000000006
HU,2038,more-molecule,decline-1pct,0.0,0.0,0.0,0.0,0.0,0.0,0.41600000000000004
HU,2039,more-molecule,decline-1pct,0.0,0.0,0.0,0.0,0.0,0.0,0.44800000000000006
HU,2040,more-molecule,decline-1pct,0.0,0.0,0.0,0.0,0.0,0.0,0.48
HU,2041,more-molecule,decline-1pct,0.0,0.0,0.0,0.0,0.0,0.0,0.512
HU,2042,more-molecule,decline-1pct,0.0,0.0,0.0,0.0,0.0,0.0,0.544
HU,2043,more-molecule,decline-1pct,0.0,0.0,0.0,0.0,0.0,0.0,0.5760000000000001
HU,2044,more-molecule,decline-1pct,0.0,0.0,0.0,0.0,0.0,0.0,0.6080000000000001
HU,2045,more-molecule,decline-1pct,0.0,0.0,0.0,0.0,0.0,0.0,0.64
HU,2046,more-molecule,decline-1pct,0.0,0.0,0.0,0.0,0.0,0.0,0.672
HU,2047,more-molecule,decline-1pct,0.0,0.0,0.0,0.0,0.0,0.0,0.7040000000000001
HU,2048,more-molecule,decline-1pct,0.0,0.0,0.0,0.0,0.0,0.0,0.7360000000000001
HU,2049,more-molecule,decline-1pct,0.0,0.0,0.0,0.0,0.0,0.0,0.7680000000000001
HU,2050,more-molecule,decline-1pct,0.0,0.0,0.0,0.0,0.0,0.0,0.8
IE,2025,more-molecule,decline-1pct,3490.72355353051,3490.72355353051,3490.72355353051,0.0,0.0,0.0,0.0
IE,2026,more-molecule,decline-1pct,3261.4875700365146,3455.816317995205,3261.4875700365146,194.3287479586902,416.97676069528,79.2255845321032,0.032
IE,2027,more-molecule,decline-1pct,3032.25158654252,3421.2581548152525,3032.25158654252,389.0065682727327,834.7025359419943,158.59348182897892,0.064
IE,2028,more-molecule,decline-1pct,2803.015603048524,3387.0455732671003,2803.015603048524,584.0299702185762,1253.1698355946335,238.10226876298037,0.09600000000000002
IE,2029,more-molecule,decline-1pct,2573.779619554529,3353.175117534429,2573.779619554529,779.3954979799,1672.3712444091323,317.75053643773515,0.128
IE,2030,more-molecule,decline-1pct,2344.543636060534,3319.6433663590847,2344.543636060534,975.0997302985506,2092.299421293875,397.5368900458363,0.16
IE,2031,more-molecule,decline-1pct,2206.9771965350324,3286.446932695494,2206.9771965350324,1079.4697361604617,2316.249132364408,440.08733514923756,0.19200000000000003
IE,2032,more-molecule,decline-1pct,2069.4107570095302,3253.582463368539,2069.4107570095302,1184.1717063590086,2540.9111488205863,482.7731182759114,0.22400000000000003
IE,2033,more-molecule,decline-1pct,1931.844317484028,3221.046638734854,1931.844317484028,1289.202321250826,2766.278347608556,525.5928860456256,0.256
IE,2034,more-molecule,decline-1pct,1794.2778779585265,3188.836172347505,1794.2778779585265,1394.5582943889785,2992.3436769049945,568.545298611949,0.28800000000000003
IE,2035,more-molecule,decline-1pct,1656.7114384330243,3156.94781062403,1656.7114384330243,1500.2363721910056,3219.100155404821,611.629029526916,0.32
IE,2036,more-molecule,decline-1pct,1519.1449989075224,3125.3783325177897,1519.1449989075224,1606.2333336102672,3446.5408716160005,654.8427656070401,0.35200000000000004
IE,2037,more-molecule,decline-1pct,1381.57855938202,3094.124549192612,1381.57855938202,1712.545989810592,3674.658983161421,698.18520680067,0.38400000000000006
IE,2038,more-molecule,decline-1pct,1244.0121198565182,3063.1833037006854,1244.0121198565182,1819.1711838441672,3903.447716087736,741.6550660566699,0.41600000000000004
IE,2039,more-molecule,decline-1pct,1106.445680331016,3032.5514706636786,1106.445680331016,1926.1057903326625,4132.9003641811405,785.2510691944167,0.44800000000000006
IE,2040,more-molecule,decline-1pct,968.8792408055142,3002.225955957042,968.8792408055142,2033.3467151515279,4363.010288289962,828.9719547750927,0.48
IE,2041,more-molecule,decline-1pct,904.66831599809,2972.2036963974715,904.66831599809,2067.5353803993817,4436.369886585608,842.9102784512654,0.512
IE,2042,more-molecule,decline-1pct,840.4573911906668,2942.4816594334966,840.4573911906668,2102.0242682428297,4510.373681103962,856.9709994097527,0.544
IE,2043,more-molecule,decline-1pct,776.2464663832429,2913.0568428391616,776.2464663832429,2136.8103764559187,4585.015229882801,871.1528936777321,0.5760000000000001
IE,2044,more-molecule,decline-1pct,712.0355415758194,2883.92627441077,712.0355415758194,2171.8907328349505,4660.288155379517,885.4547495221082,0.6080000000000001
IE,2045,more-molecule,decline-1pct,647.8246167683956,2855.0870116666624,647.8246167683956,2207.262394898267,4736.186143826934,899.8753673271175,0.64
IE,2046,more-molecule,decline-1pct,583.613691960972,2826.5361415499956,583.613691960972,2242.9224495890235,4812.702944595543,914.4135594731532,0.672
IE,2047,more-molecule,decline-1pct,519.4027671535483,2798.270780134496,519.4027671535483,2278.8680129809477,4889.832369562134,929.0681502168054,0.7040000000000001
IE,2048,more-molecule,decline-1pct,455.1918423461247,2770.288072333151,455.1918423461247,2315.096229987026,4967.568292484724,943.8379755720977,0.7360000000000001
IE,2049,more-molecule,decline-1pct,390.9809175387011,2742.585191609819,390.9809175387011,2351.604274071118,5045.9046483837565,958.7218831929138,0.7680000000000001
IE,2050,more-molecule,decline-1pct,326.76999273127745,2715.159339693721,326.76999273127745,2388.3893469624436,5124.835432929464,973.7187322565983,0.8
IT,2025,more-molecule,decline-1pct,97647.99647873575,97647.99647873575,97647.99647873575,0.0,0.0,0.0,0.0
IT,2026,more-molecule,decline-1pct,91235.44785786842,96671.51651394839,91235.44785786842,5436.068656079966,11664.328221839927,2216.2223621495864,0.032
IT,2027,more-molecule,decline-1pct,84822.8992370011,95704.8013488089,84822.8992370011,10881.902111807809,23349.60905397957,4436.425720256118,0.064
IT,2028,more-molecule,decline-1pct,78410.35061613376,94747.75333532081,78410.35061613376,16337.402719187055,35055.63297031594,6660.570264360029,0.09600000000000002
IT,2029,more-molecule,decline-1pct,71997.80199526643,93800.2758019676,71997.80199526643,21802.473806701164,46782.192540007025,8888.616582601335,0.128
IT,2030,more-molecule,decline-1pct,65585.25337439911,92862.27304394792,65585.25337439911,27277.019669548812,58529.082406519316,11120.52565723867,0.16
IT,2031,more-molecule,decline-1pct,61737.02907465695,91933.65031350845,61737.02907465695,30196.621238851498,64793.755120550704,12310.813472904634,0.19200000000000003
IT,2032,more-molecule,decline-1pct,57888.80477491478,91014.31381037337,57888.80477491478,33125.509035458585,71078.35355849656,13504.887176114345,0.22400000000000003
IT,2033,more-molecule,decline-1pct,54040.58047517261,90104.17067226963,54040.58047517261,36063.590197097015,77382.67846311771,14702.708907992366,0.256
IT,2034,more-molecule,decline-1pct,50192.356175430454,89203.12896554693,50192.356175430454,39010.772790116476,83706.53256974742,15904.24118825201,0.28800000000000003
IT,2035,more-molecule,decline-1pct,46344.131875688276,88311.09767589146,46344.131875688276,41966.96580020319,90049.72058636564,17109.44691140947,0.32
IT,2036,more-molecule,decline-1pct,42495.90757594611,87427.98669913254,42495.90757594611,44932.07912318643,96412.0491738724,18318.289343035754,0.35200000000000004
IT,2037,more-molecule,decline-1pct,38647.68327620395,86553.70683214122,38647.68327620395,47906.023555937274,102793.32692655888,19530.732116046187,0.38400000000000006
IT,2038,more-molecule,decline-1pct,34799.45897646178,85688.1697638198,34799.45897646178,50888.71078735802,109193.36435277323,20746.739227026916,0.41600000000000004
IT,2039,more-molecule,decline-1pct,30951.23467671961,84831.2880661816,30951.23467671961,53880.05338946199,115611.97385578025,21966.27503259825,0.44800000000000006
IT,2040,more-molecule,decline-1pct,27103.01037697745,83982.9751855198,27103.01037697745,56879.96480854235,122048.96971481197,23189.304245814274,0.48
IT,2041,more-molecule,decline-1pct,25306.80163591282,83143.1454336646,25306.80163591282,57836.343797751775,124101.0995057287,23579.208906088454,0.512
IT,2042,more-molecule,decline-1pct,23510.592894848196,82311.71397932795,23510.592894848196,58801.12108447975,126171.24976418521,23972.53745519519,0.544
IT,2043,more-molecule,decline-1pct,21714.38415378357,81488.59683953467,21714.38415378357,59774.2126857511,128259.24028550614,24369.255654246168,0.5760000000000001
IT,2044,more-molecule,decline-1pct,19918.175412718945,80673.71087113932,19918.175412718945,60755.535458420374,130364.89266706281,24769.329606741936,0.6080000000000001
IT,2045,more-molecule,decline-1pct,18121.966671654318,79866.97376242792,18121.966671654318,61745.00709077361,132488.03029025294,25172.725755148058,0.64
IT,2046,more-molecule,decline-1pct,16325.757930589692,79068.30402480364,16325.757930589692,62742.54609421395,134628.47830266008,25579.410877505416,0.672
IT,2047,more-molecule,decline-1pct,14529.549189525069,78277.62098455561,14529.549189525069,63748.07179503055,136786.0636003922,25989.35208407452,0.7040000000000001
IT,2048,more-molecule,decline-1pct,12733.340448460445,77494.84477471006,12733.340448460445,64761.50432624961,138960.6148105959,26402.516814013223,0.7360000000000001
IT,2049,more-molecule,decline-1pct,10937.13170739582,76719.89632696295,10937.13170739582,65782.76461956713,141151.96227414656,26818.872832087847,0.7680000000000001
IT,2050,more-molecule,decline-1pct,9140.922966331196,75952.69736369333,9140.922966331196,66811.77439736213,143359.9380285107,27238.38822541703,0.8
LT,2025,more-molecule,decline-1pct,0.0,0.0,0.0,0.0,0.0,0.0,0.0
LT,2026,more-molecule,decline-1pct,0.0,0.0,0.0,0.0,0.0,0.0,0.032
LT,2027,more-molecule,decline-1pct,0.0,0.0,0.0,0.0,0.0,0.0,0.064
LT,2028,more-molecule,decline-1pct,0.0,0.0,0.0,0.0,0.0,0.0,0.09600000000000002
LT,2029,more-molecule,decline-1pct,0.0,0.0,0.0,0.0,0.0,0.0,0.128
LT,2030,more-molecule,decline-1pct,0.0,0.0,0.0,0.0,0.0,0.0,0.16
LT,2031,more-molecule,decline-1pct,0.0,0.0,0.0,0.0,0.0,0.0,0.19200000000000003
LT,2032,more-molecule,decline-1pct,0.0,0.0,0.0,0.0,0.0,0.0,0.22400000000000003
LT,2033,more-molecule,decline-1pct,0.0,0.0,0.0,0.0,0.0,0.0,0.256
LT,2034,more-molecule,decline-1pct,0.0,0.0,0.0,0.0,0.0,0.0,0.28800000000000003
LT,2035,more-molecule,decline-1pct,0.0,0.0,0.0,0.0,0.0,0.0,0.32
LT,2036,more-molecule,decline-1pct,0.0,0.0,0.0,0.0,0.0,0.0,0.35200000000000004
LT,2037,more-molecule,decline-1pct,0.0,0.0,0.0,0.0,0.0,0.0,0.38400000000000006
LT,2038,more-molecule,decline-1pct,0.0,0.0,0.0,0.0,0.0,0.0,0.41600000000000004
LT,2039,more-molecule,decline-1pct,0.0,0.0,0.0,0.0,0.0,0.0,0.44800000000000006
LT,2040,more-molecule,decline-1pct,0.0,0.0,0.0,0.0,0.0,0.0,0.48
LT,2041,more-molecule,decline-1pct,0.0,0.0,0.0,0.0,0.0,0.0,0.512
LT,2042,more-molecule,decline-1pct,0.0,0.0,0.0,0.0,0.0,0.0,0.544
LT,2043,more-molecule,decline-1pct,0.0,0.0,0.0,0.0,0.0,0.0,0.5760000000000001
LT,2044,more-molecule,decline-1pct,0.0,0.0,0.0,0.0,0.0,0.0,0.6080000000000001
LT,2045,more-molecule,decline-1pct,0.0,0.0,0.0,0.0,0.0,0.0,0.64
LT,2046,more-molecule,decline-1pct,0.0,0.0,0.0,0.0,0.0,0.0,0.672
LT,2047,more-molecule,decline-1pct,0.0,0.0,0.0,0.0,0.0,0.0,0.7040000000000001
LT,2048,more-molecule,decline-1pct,0.0,0.0,0.0,0.0,0.0,0.0,0.7360000000000001
LT,2049,more-molecule,decline-1pct,0.0,0.0,0.0,0.0,0.0,0.0,0.7680000000000001
LT,2050,more-molecule,decline-1pct,0.0,0.0,0.0,0.0,0.0,0.0,0.8
LU,2025,more-molecule,decline-1pct,0.0,0.0,0.0,0.0,0.0,0.0,0.0
LU,2026,more-molecule,decline-1pct,0.0,0.0,0.0,0.0,0.0,0.0,0.032
LU,2027,more-molecule,decline-1pct,0.0,0.0,0.0,0.0,0.0,0.0,0.064
LU,2028,more-molecule,decline-1pct,0.0,0.0,0.0,0.0,0.0,0.0,0.09600000000000002
LU,2029,more-molecule,decline-1pct,0.0,0.0,0.0,0.0,0.0,0.0,0.128
LU,2030,more-molecule,decline-1pct,0.0,0.0,0.0,0.0,0.0,0.0,0.16
LU,2031,more-molecule,decline-1pct,0.0,0.0,0.0,0.0,0.0,0.0,0.19200000000000003
LU,2032,more-molecule,decline-1pct,0.0,0.0,0.0,0.0,0.0,0.0,0.22400000000000003
LU,2033,more-molecule,decline-1pct,0.0,0.0,0.0,0.0,0.0,0.0,0.256
LU,2034,more-molecule,decline-1pct,0.0,0.0,0.0,0.0,0.0,0.0,0.28800000000000003
LU,2035,more-molecule,decline-1pct,0.0,0.0,0.0,0.0,0.0,0.0,0.32
LU,2036,more-molecule,decline-1pct,0.0,0.0,0.0,0.0,0.0,0.0,0.35200000000000004
LU,2037,more-molecule,decline-1pct,0.0,0.0,0.0,0.0,0.0,0.0,0.38400000000000006
LU,2038,more-molecule,decline-1pct,0.0,0.0,0.0,0.0,0.0,0.0,0.41600000000000004
LU,2039,more-molecule,decline-1pct,0.0,0.0,0.0,0.0,0.0,0.0,0.44800000000000006
LU,2040,more-molecule,decline-1pct,0.0,0.0,0.0,0.0,0.0,0.0,0.48
LU,2041,more-molecule,decline-1pct,0.0,0.0,0.0,0.0,0.0,0.0,0.512
LU,2042,more-molecule,decline-1pct,0.0,0.0,0.0,0.0,0.0,0.0,0.544
LU,2043,more-molecule,decline-1pct,0.0,0.0,0.0,0.0,0.0,0.0,0.5760000000000001
LU,2044,more-molecule,decline-1pct,0.0,0.0,0.0,0.0,0.0,0.0,0.6080000000000001
LU,2045,more-molecule,decline-1pct,0.0,0.0,0.0,0.0,0.0,0.0,0.64
LU,2046,more-molecule,decline-1pct,0.0,0.0,0.0,0.0,0.0,0.0,0.672
LU,2047,more-molecule,decline-1pct,0.0,0.0,0.0,0.0,0.0,0.0,0.7040000000000001
LU,2048,more-molecule,decline-1pct,0.0,0.0,0.0,0.0,0.0,0.0,0.7360000000000001
LU,2049,more-molecule,decline-1pct,0.0,0.0,0.0,0.0,0.0,0.0,0.7680000000000001
LU,2050,more-molecule,decline-1pct,0.0,0.0,0.0,0.0,0.0,0.0,0.8
LV,2025,more-molecule,decline-1pct,0.0,0.0,0.0,0.0,0.0,0.0,0.0
LV,2026,more-molecule,decline-1pct,0.0,0.0,0.0,0.0,0.0,0.0,0.032
LV,2027,more-molecule,decline-1pct,0.0,0.0,0.0,0.0,0.0,0.0,0.064
LV,2028,more-molecule,decline-1pct,0.0,0.0,0.0,0.0,0.0,0.0,0.09600000000000002
LV,2029,more-molecule,decline-1pct,0.0,0.0,0.0,0.0,0.0,0.0,0.128
LV,2030,more-molecule,decline-1pct,0.0,0.0,0.0,0.0,0.0,0.0,0.16
LV,2031,more-molecule,decline-1pct,0.0,0.0,0.0,0.0,0.0,0.0,0.19200000000000003
LV,2032,more-molecule,decline-1pct,0.0,0.0,0.0,0.0,0.0,0.0,0.22400000000000003
LV,2033,more-molecule,decline-1pct,0.0,0.0,0.0,0.0,0.0,0.0,0.256
LV,2034,more-molecule,decline-1pct,0.0,0.0,0.0,0.0,0.0,0.0,0.28800000000000003
LV,2035,more-molecule,decline-1pct,0.0,0.0,0.0,0.0,0.0,0.0,0.32
LV,2036,more-molecule,decline-1pct,0.0,0.0,0.0,0.0,0.0,0.0,0.35200000000000004
LV,2037,more-molecule,decline-1pct,0.0,0.0,0.0,0.0,0.0,0.0,0.38400000000000006
LV,2038,more-molecule,decline-1pct,0.0,0.0,0.0,0.0,0.0,0.0,0.41600000000000004
LV,2039,more-molecule,decline-1pct,0.0,0.0,0.0,0.0,0.0,0.0,0.44800000000000006
LV,2040,more-molecule,decline-1pct,0.0,0.0,0.0,0.0,0.0,0.0,0.48
LV,2041,more-molecule,decline-1pct,0.0,0.0,0.0,0.0,0.0,0.0,0.512
LV,2042,more-molecule,decline-1pct,0.0,0.0,0.0,0.0,0.0,0.0,0.544
LV,2043,more-molecule,decline-1pct,0.0,0.0,0.0,0.0,0.0,0.0,0.5760000000000001
LV,2044,more-molecule,decline-1pct,0.0,0.0,0.0,0.0,0.0,0.0,0.6080000000000001
LV,2045,more-molecule,decline-1pct,0.0,0.0,0.0,0.0,0.0,0.0,0.64
LV,2046,more-molecule,decline-1pct,0.0,0.0,0.0,0.0,0.0,0.0,0.672
LV,2047,more-molecule,decline-1pct,0.0,0.0,0.0,0.0,0.0,0.0,0.7040000000000001
LV,2048,more-molecule,decline-1pct,0.0,0.0,0.0,0.0,0.0,0.0,0.7360000000000001
LV,2049,more-molecule,decline-1pct,0.0,0.0,0.0,0.0,0.0,0.0,0.7680000000000001
LV,2050,more-molecule,decline-1pct,0.0,0.0,0.0,0.0,0.0,0.0,0.8
MT,2025,more-molecule,decline-1pct,0.0,0.0,0.0,0.0,0.0,0.0,0.0
MT,2026,more-molecule,decline-1pct,0.0,0.0,0.0,0.0,0.0,0.0,0.032
MT,2027,more-molecule,decline-1pct,0.0,0.0,0.0,0.0,0.0,0.0,0.064
MT,2028,more-molecule,decline-1pct,0.0,0.0,0.0,0.0,0.0,0.0,0.09600000000000002
MT,2029,more-molecule,decline-1pct,0.0,0.0,0.0,0.0,0.0,0.0,0.128
MT,2030,more-molecule,decline-1pct,0.0,0.0,0.0,0.0,0.0,0.0,0.16
MT,2031,more-molecule,decline-1pct,0.0,0.0,0.0,0.0,0.0,0.0,0.19200000000000003
MT,2032,more-molecule,decline-1pct,0.0,0.0,0.0,0.0,0.0,0.0,0.22400000000000003
MT,2033,more-molecule,decline-1pct,0.0,0.0,0.0,0.0,0.0,0.0,0.256
MT,2034,more-molecule,decline-1pct,0.0,0.0,0.0,0.0,0.0,0.0,0.28800000000000003
MT,2035,more-molecule,decline-1pct,0.0,0.0,0.0,0.0,0.0,0.0,0.32
MT,2036,more-molecule,decline-1pct,0.0,0.0,0.0,0.0,0.0,0.0,0.35200000000000004
MT,2037,more-molecule,decline-1pct,0.0,0.0,0.0,0.0,0.0,0.0,0.38400000000000006
MT,2038,more-molecule,decline-1pct,0.0,0.0,0.0,0.0,0.0,0.0,0.41600000000000004
MT,2039,more-molecule,decline-1pct,0.0,0.0,0.0,0.0,0.0,0.0,0.44800000000000006
MT,2040,more-molecule,decline-1pct,0.0,0.0,0.0,0.0,0.0,0.0,0.48
MT,2041,more-molecule,decline-1pct,0.0,0.0,0.0,0.0,0.0,0.0,0.512
MT,2042,more-molecule,decline-1pct,0.0,0.0,0.0,0.0,0.0,0.0,0.544
MT,2043,more-molecule,decline-1pct,0.0,0.0,0.0,0.0,0.0,0.0,0.5760000000000001
MT,2044,more-molecule,decline-1pct,0.0,0.0,0.0,0.0,0.0,0.0,0.6080000000000001
MT,2045,more-molecule,decline-1pct,0.0,0.0,0.0,0.0,0.0,0.0,0.64
MT,2046,more-molecule,decline-1pct,0.0,0.0,0.0,0.0,0.0,0.0,0.672
MT,2047,more-molecule,decline-1pct,0.0,0.0,0.0,0.0,0.0,0.0,0.7040000000000001
MT,2048,more-molecule,decline-1pct,0.0,0.0,0.0,0.0,0.0,0.0,0.7360000000000001
MT,2049,more-molecule,decline-1pct,0.0,0.0,0.0,0.0,0.0,0.0,0.7680000000000001
MT,2050,more-molecule,decline-1pct,0.0,0.0,0.0,0.0,0.0,0.0,0.8
NL,2025,more-molecule,decline-1pct,141534.77943948112,141534.77943948112,141534.77943948112,0.0,0.0,0.0,0.0
NL,2026,more-molecule,decline-1pct,132240.1836727667,140119.4316450863,132240.1836727667,7879.247972319601,16906.728061208392,3212.2783316295945,0.032
NL,2027,more-molecule,decline-1pct,122945.5879060522,138718.23732863544,122945.5879060522,15772.649422583243,33843.82564544243,6430.326872634062,0.064
NL,2028,more-molecule,decline-1pct,113650.99213933773,137331.0549553491,113650.99213933773,23680.06281601137,50810.989057471634,9654.08792091961,0.09600000000000002
NL,2029,more-molecule,decline-1pct,104356.39637262328,135957.7444057956,104356.39637262328,31601.34803317231,67807.91763901798,12883.504351413416,0.128
NL,2030,more-molecule,decline-1pct,95061.80060590885,134598.16696173765,95061.80060590885,39536.366355828795,84834.31373838641,16118.519610293419,0.16
NL,2031,more-molecule,decline-1pct,89484.0356016236,133252.18529212027,89484.0356016236,43768.14969049666,93914.57245146771,17843.768765778867,0.19200000000000003
NL,2032,more-molecule,decline-1pct,83906.27059733837,131919.66343919907,83906.27059733837,48013.392841860696,103023.71227876643,19574.505332965622,0.22400000000000003
NL,2033,more-molecule,decline-1pct,78328.50559305314,130600.46680480707,78328.50559305314,52271.96121175394,112161.44440914036,21310.674437736667,0.256
NL,2034,more-molecule,decline-1pct,72750.74058876792,129294.462136759,72750.74058876792,56543.72154799108,121327.48291955875,23052.221754716164,0.28800000000000003
NL,2035,more-molecule,decline-1pct,67172.9755844827,128001.5175153914,67172.9755844827,60828.5419309087,130521.54474622119,24799.093501782027,0.32
NL,2036,more-molecule,decline-1pct,61595.21058019747,126721.5023402375,61595.21058019747,65126.291760040025,139743.34965596528,26551.236434633403,0.35200000000000004
NL,2037,more-molecule,decline-1pct,56017.44557591224,125454.28731683512,56017.44557591224,69436.84174092289,148992.62021796015,28308.59784141243,0.38400000000000006
NL,2038,more-molecule,decline-1pct,50439.68057162701,124199.74444366676,50439.68057162701,73760.06387203975,158269.0817756833,30071.125537379827,0.41600000000000004
NL,2039,more-molecule,decline-1pct,44861.91556734178,122957.74699923009,44861.91556734178,78095.8314318883,167572.46241917743,31838.767859643714,0.44800000000000006
NL,2040,more-molecule,decline-1pct,39284.15056305656,121728.1695292378,39284.15056305656,82444.01896618123,176902.49295758485,33611.47366194112,0.48
NL,2041,more-molecule,decline-1pct,36680.65620411994,120510.88783394541,36680.65620411994,83830.23162982546,179876.92917555512,34176.61654335547,0.512
NL,2042,more-molecule,decline-1pct,34077.16184518335,119305.77895560596,34077.16184518335,85228.61711042261,182877.48495552992,34746.72214155069,0.544
NL,2043,more-molecule,decline-1pct,31473.66748624674,118112.7211660499,31473.66748624674,86639.05367980315,185903.8991018892,35321.74082935895,0.5760000000000001
NL,2044,more-molecule,decline-1pct,28870.173127310143,116931.5939543894,28870.173127310143,88061.42082707926,188955.91303096907,35901.623475884124,0.6080000000000001
NL,2045,more-molecule,decline-1pct,26266.67876837354,115762.2780148455,26266.67876837354,89495.59924647197,192033.2707449424,36486.321441539054,0.64
NL,2046,more-molecule,decline-1pct,23663.184409436933,114604.65523469704,23663.184409436933,90941.47082526011,195135.71880596015,37075.78657313243,0.672
NL,2047,more-molecule,decline-1pct,21059.690050500332,113458.60868235008,21059.690050500332,92398.91863184975,198263.00631055198,37669.971199004875,0.7040000000000001
NL,2048,more-molecule,decline-1pct,18456.195691563727,112324.02259552658,18456.195691563727,93867.82690396285,201414.8848642821,38268.8281242136,0.7360000000000001
NL,2049,more-molecule,decline-1pct,15852.701332627126,111200.7823695713,15852.701332627126,95348.08103694418,204591.1085566591,38872.31062576523,0.7680000000000001
NL,2050,more-molecule,decline-1pct,13249.206973690529,110088.7745458756,13249.206973690529,96839.56757218507,207791.4339362966,39480.372447896356,0.8
PL,2025,more-molecule,decline-1pct,7975.979806094611,7975.979806094611,7975.979806094611,0.0,0.0,0.0,0.0
PL,2026,more-molecule,decline-1pct,7452.196828972543,7896.220008033665,7452.196828972543,444.0231790611224,952.7532535633129,181.02311817702946,0.032
PL,2027,more-molecule,decline-1pct,6928.413851850473,7817.257807953329,6928.413851850473,888.8439561028554,1907.2179359593933,362.3714078322847,0.064
PL,2028,more-molecule,decline-1pct,6404.630874728401,7739.0852298737955,6404.630874728401,1334.4543551453944,2863.376932899917,544.0416172509842,0.09600000000000002
PL,2029,more-molecule,decline-1pct,5880.847897606331,7661.694377575057,5880.847897606331,1780.8464799687263,3821.213301239428,726.0305272354913,0.128
PL,2030,more-molecule,decline-1pct,5357.064920484261,7585.077433799306,5357.064920484261,2228.012513315045,4780.710267263941,908.3349507801488,0.16
PL,2031,more-molecule,decline-1pct,5042.738355568513,7509.226659461314,5042.738355568513,2466.488303892801,5292.414601820232,1005.5587743458441,0.19200000000000003
PL,2032,more-molecule,decline-1pct,4728.411790652764,7434.1343928667,4728.411790652764,2705.7226022139366,5805.746488167593,1103.0918327518427,0.22400000000000003
PL,2033,more-molecule,decline-1pct,4414.085225737016,7359.793048938033,4414.085225737016,2945.707823201017,6320.689650788112,1200.9310336497413,0.256
PL,2034,more-molecule,decline-1pct,4099.758660821268,7286.1951184486525,4099.758660821268,3186.4364576273847,6837.227976919062,1299.0733156146218,0.28800000000000003
PL,2035,more-molecule,decline-1pct,3785.4320959055185,7213.333167264166,3785.4320959055185,3427.9010713586476,7355.34551492534,1397.5156478358144,0.32
PL,2036,more-molecule,decline-1pct,3471.1055309897706,7141.199835591525,3471.1055309897706,3670.094304601754,7875.026472688186,1496.2550298107553,0.35200000000000004
PL,2037,more-molecule,decline-1pct,3156.778966074022,7069.787837235609,3156.778966074022,3913.008871161587,8396.255216010039,1595.2884910419073,0.38400000000000006
PL,2038,more-molecule,decline-1pct,2842.4524011582735,6999.089958863253,2842.4524011582735,4156.637557704979,8919.016267035307,1694.6130907367085,0.41600000000000004
PL,2039,more-molecule,decline-1pct,2528.1258362425247,6929.09905927462,2528.1258362425247,4400.973223032095,9443.294302686958,1794.225917510522,0.44800000000000006
PL,2040,more-molecule,decline-1pct,2213.799271326777,6859.808068681874,2213.799271326777,4646.008797355096,9969.074153118725,1894.1240890925578,0.48
PL,2041,more-molecule,decline-1pct,2067.08325909009,6791.209987995056,2067.08325909009,4724.126728904966,10136.694036394072,1925.9718669148738,0.512
PL,2042,more-molecule,decline-1pct,1920.3672468534046,6723.297888115105,1920.3672468534046,4802.930641261701,10305.785848335408,1958.0993111837277,0.544
PL,2043,more-molecule,decline-1pct,1773.651234616718,6656.064909233954,1773.651234616718,4882.413674617235,10476.334869656079,1990.503625234655,0.5760000000000001
PL,2044,more-molecule,decline-1pct,1626.9352223800322,6589.504260141614,1626.9352223800322,4962.569037761582,10648.326528262289,2023.1820403698348,0.6080000000000001
PL,2045,more-molecule,decline-1pct,1480.219210143346,6523.609217540198,1480.219210143346,5043.3900073968525,10821.746397781186,2056.131815578425,0.64
PL,2046,more-molecule,decline-1pct,1333.5031979066598,6458.373125364796,1333.5031979066598,5124.869927458136,10996.58019610364,2089.3502372596913,0.672
PL,2047,more-molecule,decline-1pct,1186.7871856699737,6393.789394111148,1186.7871856699737,5207.002208441174,11172.813783941614,2122.8346189489066,0.7040000000000001
PL,2048,more-molecule,decline-1pct,1040.0711734332876,6329.851500170036,1040.0711734332876,5289.780326736749,11350.433163399959,2156.582301045992,0.7360000000000001
PL,2049,more-molecule,decline-1pct,893.3551611966018,6266.552985168336,893.3551611966018,5373.197823971734,11529.424476562464,2190.5906505468683,0.7680000000000001
PL,2050,more-molecule,decline-1pct,746.6391489599156,6203.887455316652,746.6391489599156,5457.248306356737,11709.774004092094,2224.8570607774977,0.8
PT,2025,more-molecule,decline-1pct,2088.9378070013486,2088.9378070013486,2088.9378070013486,0.0,0.0,0.0,0.0
PT,2026,more-molecule,decline-1pct,1951.757160839488,2068.048428931335,1951.757160839488,116.29126809184686,249.52950490059604,47.410605931113246,0.032
PT,2027,more-molecule,decline-1pct,1814.5765146776264,2047.3679446420217,1814.5765146776264,232.79142996439532,499.5072391698332,94.90637544226831,0.064
PT,2028,more-molecule,decline-1pct,1677.395868515765,2026.8942651956015,1677.395868515765,349.49839667983656,749.9287205140212,142.48645689766403,0.09600000000000002
PT,2029,more-molecule,decline-1pct,1540.2152223539042,2006.6253225436453,1540.2152223539042,466.4101001897411,1000.7895114624093,190.1500071778578,0.128
PT,2030,more-molecule,decline-1pct,1403.034576192043,1986.559069318209,1403.034576192043,583.5244931261659,1252.085218918959,237.89619159460221,0.16
PT,2031,more-molecule,decline-1pct,1320.7113179641772,1966.693478625027,1320.7113179641772,645.9821606608498,1386.1024251365973,263.3594607759535,0.19200000000000003
PT,2032,more-molecule,decline-1pct,1238.388059736311,1947.0265438387764,1238.388059736311,708.6384841024653,1520.5458930238829,288.90371967453774,0.22400000000000003
PT,2033,more-molecule,decline-1pct,1156.064801508445,1927.556278400389,1156.064801508445,771.4914768919439,1655.411359964121,314.528158393183,0.256
PT,2034,more-molecule,decline-1pct,1073.7415432805794,1908.280715616385,1073.7415432805794,834.5391723358055,1790.6946059667787,340.23197513368797,0.28800000000000003
PT,2035,more-molecule,decline-1pct,991.4182850527131,1889.197908460221,991.4182850527131,897.7796234075079,1926.3914532412355,366.01437611583475,0.32
PT,2036,more-molecule,decline-1pct,909.0950268248475,1870.305929375619,909.0950268248475,961.2109025507714,2062.497765774771,391.8745754972065,0.35200000000000004
PT,2037,more-molecule,decline-1pct,826.7717685969816,1851.6028700818626,826.7717685969816,1024.831101484881,2199.009448914795,417.8117952938111,0.38400000000000006
PT,2038,more-molecule,decline-1pct,744.4485103691155,1833.0868413810438,744.4485103691155,1088.6383310119281,2335.922448955243,443.8252653014962,0.41600000000000004
PT,2039,more-molecule,decline-1pct,662.1252521412496,1814.7559729672334,662.1252521412496,1152.6307208259839,2473.2327527271113,469.9142230181512,0.44800000000000006
PT,2040,more-molecule,decline-1pct,579.8019939133839,1796.608413237561,579.8019939133839,1216.806419324177,2610.9363871930836,496.0779135666859,0.48
PT,2041,more-molecule,decline-1pct,541.3765424573133,1778.6423291051856,541.3765424573133,1237.2657866478721,2654.8366376816152,504.4189611595069,0.512
PT,2042,more-molecule,decline-1pct,502.9510910012431,1760.8559058141336,502.9510910012431,1257.9048148128904,2699.1223915834385,512.8332544008533,0.544
PT,2043,more-molecule,decline-1pct,464.5256395451727,1743.2473467559923,464.5256395451727,1278.7217072108197,2743.7897938644223,521.3200608342403,0.5760000000000001
PT,2044,more-molecule,decline-1pct,426.1001880891024,1725.8148732884324,426.1001880891024,1299.71468519933,2788.8350280407735,529.878655327747,0.6080000000000001
PT,2045,more-molecule,decline-1pct,387.6747366330319,1708.556724555548,387.6747366330319,1320.8819879225161,2834.2543157935397,538.5083200007725,0.64
PT,2046,more-molecule,decline-1pct,349.2492851769615,1691.4711573099926,349.2492851769615,1342.221872133031,2880.043916586956,547.2083441515217,0.672
PT,2047,more-molecule,decline-1pct,310.8238337208912,1674.5564457368928,310.8238337208912,1363.7326120160017,2926.200127290617,555.9780241852172,0.7040000000000001
PT,2048,more-molecule,decline-1pct,272.3983822648208,1657.8108812795238,272.3983822648208,1385.412499014703,2972.7192818054177,564.8166635430293,0.7360000000000001
PT,2049,more-molecule,decline-1pct,233.97293080875045,1641.2327724667284,233.97293080875045,1407.259841657978,3019.5977506932495,573.7235726317174,0.7680000000000001
PT,2050,more-molecule,decline-1pct,195.5474793526801,1624.8204447420612,195.5474793526801,1429.2729653893812,3066.8319408103807,582.6980687539724,0.8
RO,2025,more-molecule,decline-1pct,0.0,0.0,0.0,0.0,0.0,0.0,0.0
RO,2026,more-molecule,decline-1pct,0.0,0.0,0.0,0.0,0.0,0.0,0.032
RO,2027,more-molecule,decline-1pct,0.0,0.0,0.0,0.0,0.0,0.0,0.064
RO,2028,more-molecule,decline-1pct,0.0,0.0,0.0,0.0,0.0,0.0,0.09600000000000002
RO,2029,more-molecule,decline-1pct,0.0,0.0,0.0,0.0,0.0,0.0,0.128
RO,2030,more-molecule,decline-1pct,0.0,0.0,0.0,0.0,0.0,0.0,0.16
RO,2031,more-molecule,decline-1pct,0.0,0.0,0.0,0.0,0.0,0.0,0.19200000000000003
RO,2032,more-molecule,decline-1pct,0.0,0.0,0.0,0.0,0.0,0.0,0.22400000000000003
RO,2033,more-molecule,decline-1pct,0.0,0.0,0.0,0.0,0.0,0.0,0.256
RO,2034,more-molecule,decline-1pct,0.0,0.0,0.0,0.0,0.0,0.0,0.28800000000000003
RO,2035,more-molecule,decline-1pct,0.0,0.0,0.0,0.0,0.0,0.0,0.32
RO,2036,more-molecule,decline-1pct,0.0,0.0,0.0,0.0,0.0,0.0,0.35200000000000004
RO,2037,more-molecule,decline-1pct,0.0,0.0,0.0,0.0,0.0,0.0,0.38400000000000006
RO,2038,more-molecule,decline-1pct,0.0,0.0,0.0,0.0,0.0,0.0,0.41600000000000004
RO,2039,more-molecule,decline-1pct,0.0,0.0,0.0,0.0,0.0,0.0,0.44800000000000006
RO,2040,more-molecule,decline-1pct,0.0,0.0,0.0,0.0,0.0,0.0,0.48
RO,2041,more-molecule,decline-1pct,0.0,0.0,0.0,0.0,0.0,0.0,0.512
RO,2042,more-molecule,decline-1pct,0.0,0.0,0.0,0.0,0.0,0.0,0.544
RO,2043,more-molecule,decline-1pct,0.0,0.0,0.0,0.0,0.0,0.0,0.5760000000000001
RO,2044,more-molecule,decline-1pct,0.0,0.0,0.0,0.0,0.0,0.0,0.6080000000000001
RO,2045,more-molecule,decline-1pct,0.0,0.0,0.0,0.0,0.0,0.0,0.64
RO,2046,more-molecule,decline-1pct,0.0,0.0,0.0,0.0,0.0,0.0,0.672
RO,2047,more-molecule,decline-1pct,0.0,0.0,0.0,0.0,0.0,0.0,0.7040000000000001
RO,2048,more-molecule,decline-1pct,0.0,0.0,0.0,0.0,0.0,0.0,0.7360000000000001
RO,2049,more-molecule,decline-1pct,0.0,0.0,0.0,0.0,0.0,0.0,0.7680000000000001
RO,2050,more-molecule,decline-1pct,0.0,0.0,0.0,0.0,0.0,0.0,0.8
SE,2025,more-molecule,decline-1pct,95394.32621825287,95394.32621825287,95394.32621825287,0.0,0.0,0.0,0.0
SE,2026,more-molecule,decline-1pct,89129.77623168315,94440.38295607035,89129.77623168315,5310.606724387195,11395.120961373528,2165.0729826609704,0.032
SE,2027,more-molecule,decline-1pct,82865.22624511342,93495.97912650964,82865.22624511342,10630.752881396227,22810.710956563766,4334.035081747115,0.064
SE,2028,more-molecule,decline-1pct,76600.67625854367,92561.01933524455,76600.67625854367,15960.343076700883,34246.56529523255,6506.847406094184,0.09600000000000002
SE,2029,more-molecule,decline-1pct,70336.12627197395,91635.40914189209,70336.12627197395,21299.28286991814,45702.481333944954,8683.471453449542,0.128
SE,2030,more-molecule,decline-1pct,64071.57628540421,90719.05505047317,64071.57628540421,26647.478765068954,57178.25845570072,10863.869106583137,0.16
SE,2031,more-molecule,decline-1pct,60312.16720945301,89811.86449996845,60312.16720945301,29499.69729051544,63298.34544246278,12026.685634067928,0.19200000000000003
SE,2032,more-molecule,decline-1pct,56552.758133501775,88913.74585496876,56552.758133501775,32360.987721466983,69437.89827671558,13193.20067257596,0.22400000000000003
SE,2033,more-molecule,decline-1pct,52793.34905755054,88024.60839641906,52793.34905755054,35231.25933886852,75596.72229998422,14363.377236997001,0.256
SE,2034,more-molecule,decline-1pct,49033.93998159934,87144.36231245488,49033.93998159934,38110.42233085554,81774.62480037847,15537.17871207191,0.28800000000000003
SE,2035,more-molecule,decline-1pct,45274.53090564811,86272.91868933033,45274.53090564811,40998.387783682214,87971.41499312717,16714.56884869416,0.32
SE,2036,more-molecule,decline-1pct,41515.1218296969,85410.18950243702,41515.1218296969,43895.067672740115,94186.90400130668,17895.51176024827,0.35200000000000004
SE,2037,more-molecule,decline-1pct,37755.71275374567,84556.08760741266,37755.71275374567,46800.37485366699,100420.90483676284,19079.971918984942,0.38400000000000006
SE,2038,more-molecule,decline-1pct,33996.30367779445,83710.52673133851,33996.30367779445,49714.22305354406,106673.23238122268,20267.91415243231,0.41600000000000004
SE,2039,more-molecule,decline-1pct,30236.89460184322,82873.42146402514,30236.89460184322,52636.52686218193,112943.7033675964,21459.303639843318,0.44800000000000006
SE,2040,more-molecule,decline-1pct,26477.485525892014,82044.6872493849,26477.485525892014,55567.20172349288,119232.13636146463,22654.10590867828,0.48
SE,2041,more-molecule,decline-1pct,24722.732445643098,81224.24037689103,24722.732445643098,56501.507931247936,121236.90395297925,23035.011751066057,0.512
SE,2042,more-molecule,decline-1pct,22967.97936539419,80411.99797312212,22967.97936539419,57444.018607727936,123259.27610803934,23419.262460527476,0.544
SE,2043,more-molecule,decline-1pct,21213.226285145283,79607.8779933909,21213.226285145283,58394.65170824561,125299.07678100944,23806.824588391795,0.5760000000000001
SE,2044,more-molecule,decline-1pct,19458.47320489637,78811.799213457,19458.47320489637,59353.32600856062,127356.13168671049,24197.665020474993,0.6080000000000001
SE,2045,more-molecule,decline-1pct,17703.72012464746,78023.68122132242,17703.72012464746,60319.96109667496,129430.26828281512,24591.750973734874,0.64
SE,2046,more-molecule,decline-1pct,15948.96704439855,77243.4444091092,15948.96704439855,61294.47736471065,131521.31575241932,24989.04999295967,0.672
SE,2047,more-molecule,decline-1pct,14194.213964149645,76471.00996501811,14194.213964149645,62276.79600086846,133629.1049867881,25389.529947489737,0.7040000000000001
SE,2048,more-molecule,decline-1pct,12439.460883900736,75706.29986536792,12439.460883900736,63266.83898146719,135753.46856827382,25793.159027972026,0.7360000000000001
SE,2049,more-molecule,decline-1pct,10684.707803651829,74949.23686671424,10684.707803651829,64264.529063062415,137894.2407534053,26199.905743147006,0.7680000000000001
SE,2050,more-molecule,decline-1pct,8929.954723402921,74199.7444980471,8929.954723402921,65269.78977464418,140051.25745614606,26609.738916667753,0.8
SI,2025,more-molecule,decline-1pct,0.0,0.0,0.0,0.0,0.0,0.0,0.0
SI,2026,more-molecule,decline-1pct,0.0,0.0,0.0,0.0,0.0,0.0,0.032
SI,2027,more-molecule,decline-1pct,0.0,0.0,0.0,0.0,0.0,0.0,0.064
SI,2028,more-molecule,decline-1pct,0.0,0.0,0.0,0.0,0.0,0.0,0.09600000000000002
SI,2029,more-molecule,decline-1pct,0.0,0.0,0.0,0.0,0.0,0.0,0.128
SI,2030,more-molecule,decline-1pct,0.0,0.0,0.0,0.0,0.0,0.0,0.16
SI,2031,more-molecule,decline-1pct,0.0,0.0,0.0,0.0,0.0,0.0,0.19200000000000003
SI,2032,more-molecule,decline-1pct,0.0,0.0,0.0,0.0,0.0,0.0,0.22400000000000003
SI,2033,more-molecule,decline-1pct,0.0,0.0,0.0,0.0,0.0,0.0,0.256
SI,2034,more-molecule,decline-1pct,0.0,0.0,0.0,0.0,0.0,0.0,0.28800000000000003
SI,2035,more-molecule,decline-1pct,0.0,0.0,0.0,0.0,0.0,0.0,0.32
SI,2036,more-molecule,decline-1pct,0.0,0.0,0.0,0.0,0.0,0.0,0.35200000000000004
SI,2037,more-molecule,decline-1pct,0.0,0.0,0.0,0.0,0.0,0.0,0.38400000000000006
SI,2038,more-molecule,decline-1pct,0.0,0.0,0.0,0.0,0.0,0.0,0.41600000000000004
SI,2039,more-molecule,decline-1pct,0.0,0.0,0.0,0.0,0.0,0.0,0.44800000000000006
SI,2040,more-molecule,decline-1pct,0.0,0.0,0.0,0.0,0.0,0.0,0.48
SI,2041,more-molecule,decline-1pct,0.0,0.0,0.0,0.0,0.0,0.0,0.512
SI,2042,more-molecule,decline-1pct,0.0,0.0,0.0,0.0,0.0,0.0,0.544
SI,2043,more-molecule,decline-1pct,0.0,0.0,0.0,0.0,0.0,0.0,0.5760000000000001
SI,2044,more-molecule,decline-1pct,0.0,0.0,0.0,0.0,0.0,0.0,0.6080000000000001
SI,2045,more-molecule,decline-1pct,0.0,0.0,0.0,0.0,0.0,0.0,0.64
SI,2046,more-molecule,decline-1pct,0.0,0.0,0.0,0.0,0.0,0.0,0.672
SI,2047,more-molecule,decline-1pct,0.0,0.0,0.0,0.0,0.0,0.0,0.7040000000000001
SI,2048,more-molecule,decline-1pct,0.0,0.0,0.0,0.0,0.0,0.0,0.7360000000000001
SI,2049,more-molecule,decline-1pct,0.0,0.0,0.0,0.0,0.0,0.0,0.7680000000000001
SI,2050,more-molecule,decline-1pct,0.0,0.0,0.0,0.0,0.0,0.0,0.8
SK,2025,more-molecule,decline-1pct,0.0,0.0,0.0,0.0,0.0,0.0,0.0
SK,2026,more-molecule,decline-1pct,0.0,0.0,0.0,0.0,0.0,0.0,0.032
SK,2027,more-molecule,decline-1pct,0.0,0.0,0.0,0.0,0.0,0.0,0.064
SK,2028,more-molecule,decline-1pct,0.0,0.0,0.0,0.0,0.0,0.0,0.09600000000000002
SK,2029,more-molecule,decline-1pct,0.0,0.0,0.0,0.0,0.0,0.0,0.128
SK,2030,more-molecule,decline-1pct,0.0,0.0,0.0,0.0,0.0,0.0,0.16
SK,2031,more-molecule,decline-1pct,0.0,0.0,0.0,0.0,0.0,0.0,0.19200000000000003
SK,2032,more-molecule,decline-1pct,0.0,0.0,0.0,0.0,0.0,0.0,0.22400000000000003
SK,2033,more-molecule,decline-1pct,0.0,0.0,0.0,0.0,0.0,0.0,0.256
SK,2034,more-molecule,decline-1pct,0.0,0.0,0.0,0.0,0.0,0.0,0.28800000000000003
SK,2035,more-molecule,decline-1pct,0.0,0.0,0.0,0.0,0.0,0.0,0.32
SK,2036,more-molecule,decline-1pct,0.0,0.0,0.0,0.0,0.0,0.0,0.35200000000000004
SK,2037,more-molecule,decline-1pct,0.0,0.0,0.0,0.0,0.0,0.0,0.38400000000000006
SK,2038,more-molecule,decline-1pct,0.0,0.0,0.0,0.0,0.0,0.0,0.41600000000000004
SK,2039,more-molecule,decline-1pct,0.0,0.0,0.0,0.0,0.0,0.0,0.44800000000000006
SK,2040,more-molecule,decline-1pct,0.0,0.0,0.0,0.0,0.0,0.0,0.48
SK,2041,more-molecule,decline-1pct,0.0,0.0,0.0,0.0,0.0,0.0,0.512
SK,2042,more-molecule,decline-1pct,0.0,0.0,0.0,0.0,0.0,0.0,0.544
SK,2043,more-molecule,decline-1pct,0.0,0.0,0.0,0.0,0.0,0.0,0.5760000000000001
SK,2044,more-molecule,decline-1pct,0.0,0.0,0.0,0.0,0.0,0.0,0.6080000000000001
SK,2045,more-molecule,decline-1pct,0.0,0.0,0.0,0.0,0.0,0.0,0.64
SK,2046,more-molecule,decline-1pct,0.0,0.0,0.0,0.0,0.0,0.0,0.672
SK,2047,more-molecule,decline-1pct,0.0,0.0,0.0,0.0,0.0,0.0,0.7040000000000001
SK,2048,more-molecule,decline-1pct,0.0,0.0,0.0,0.0,0.0,0.0,0.7360000000000001
SK,2049,more-molecule,decline-1pct,0.0,0.0,0.0,0.0,0.0,0.0,0.7680000000000001
SK,2050,more-molecule,decline-1pct,0.0,0.0,0.0,0.0,0.0,0.0,0.8
