country,scenario,year,steel_production,eaf_production,dri_network_gas_production,dri_hydrogen_production,blastfurnace_bof_production,h2_demand,ch4_demand
AT,GA|import-dri,2019,7592214.0,728852.5439999998,0.0,0.0,6863361.456,0.0,0.0
AT,GA|import-dri,2020,7592214.0,827796.2361290321,0.0,0.0,6764417.763870968,0.0,0.0
AT,GA|import-dri,2021,7592214.0,926739.9282580644,0.0,0.0,6665474.071741936,0.0,0.0
AT,GA|import-dri,2022,7592214.0,1025683.6203870967,0.0,0.0,6566530.379612903,0.0,0.0
AT,GA|import-dri,2023,7592214.0,1124627.3125161289,0.0,0.0,6467586.687483871,0.0,0.0
AT,GA|import-dri,2024,7592214.0,1223571.0046451613,0.0,0.0,6368642.995354839,0.0,0.0
AT,GA|import-dri,2025,7592214.0,1322514.6967741933,0.0,0.0,6269699.303225807,0.0,0.0
AT,GA|import-dri,2026,7592214.0,1421458.3889032255,246830.22444387097,0.0,5923925.386652904,0.0,56301.974195646966
AT,GA|import-dri,2027,7592214.0,1520402.081032258,485744.9535174194,0.0,5586066.965450323,0.0,110798.42389732336
AT,GA|import-dri,2028,7592214.0,1619345.7731612902,716744.1872206451,0.0,5256124.039618065,0.0,163489.34910502916
AT,GA|import-dri,2029,7592214.0,1718289.4652903224,939827.9255535484,0.0,4934096.609156129,0.0,214374.7498187644
AT,GA|import-dri,2030,7592214.0,1817233.157419355,1154996.168516129,0.0,4619984.674064516,0.0,263454.62603852904
AT,GA|import-dri,2031,7592214.0,1916176.8495483869,1362248.9161083873,0.0,4313788.234343226,0.0,310728.9777643231
AT,GA|import-dri,2032,7592214.0,2015120.5416774196,1561586.1683303227,0.0,4015507.289992258,0.0,356197.8049961466
AT,GA|import-dri,2033,7592214.0,2114064.2338064513,1753007.9251819355,0.0,3725141.8410116127,0.0,399861.1077339995
AT,GA|import-dri,2034,7592214.0,2213007.9259354835,1936514.1866632258,0.0,3442691.8874012907,0.0,441718.8859778818
AT,GA|import-dri,2035,7592214.0,2311951.618064516,2112104.9527741936,0.0,3168157.42916129,0.0,481771.1397277936
AT,GA|import-dri,2036,7592214.0,2410895.310193548,2279780.223514839,0.0,2901538.466291613,0.0,520017.8689837348
AT,GA|import-dri,2037,7592214.0,2509839.0023225807,2439539.9988851612,0.0,2642834.998792258,0.0,556459.0737457053
AT,GA|import-dri,2038,7592214.0,2608782.694451613,2591384.278885161,0.0,2392047.0266632256,0.0,591094.7540137052
AT,GA|import-dri,2039,7592214.0,2707726.386580645,2735313.063514839,0.0,2149174.549904516,0.0,623924.9097877347
AT,GA|import-dri,2040,7592214.0,2806670.078709677,2871326.352774194,0.0,1914217.5685161292,0.0,654949.5410677936
AT,GA|import-dri,2041,7592214.0,2905613.77083871,2999424.1466632257,0.0,1687176.0824980647,0.0,684168.6478538818
AT,GA|import-dri,2042,7592214.0,3004557.4629677422,3119606.4451819356,0.0,1468050.0918503222,0.0,711582.2301459995
AT,GA|import-dri,2043,7592214.0,3103501.155096774,3231873.2483303226,0.0,1256839.5965729035,0.0,737190.2879441465
AT,GA|import-dri,2044,7592214.0,3202444.847225806,3336224.5561083877,0.0,1053544.5966658066,0.0,760992.8212483232
AT,GA|import-dri,2045,7592214.0,3301388.539354839,3432660.3685161294,0.0,858165.0921290321,0.0,782989.8300585292
AT,GA|import-dri,2046,7592214.0,3400332.2314838707,3521180.6855535484,0.0,670701.082962581,0.0,803181.3143747643
AT,GA|import-dri,2047,7592214.0,3499275.9236129033,3601785.507220645,0.0,491152.5691664517,0.0,821567.2741970291
AT,GA|import-dri,2048,7592214.0,3598219.6157419356,3674474.8335174196,0.0,319519.5507406448,0.0,838147.7095253234
AT,GA|import-dri,2049,7592214.0,3697163.307870968,3739248.664443871,0.0,155802.0276851612,0.0,852922.620359647
AT,GA|import-dri,2050,7592214.0,3796107.0,3796107.0,0.0,0.0,0.0,865892.0067
BE,GA|import-dri,2019,7759543.0,2521851.4749999996,0.0,0.0,5237691.525,0.0,0.0
BE,GA|import-dri,2020,7759543.0,2565655.3467741935,0.0,0.0,5193887.653225807,0.0,0.0
BE,GA|import-dri,2021,7759543.0,2609459.218548387,0.0,0.0,5150083.781451613,0.0,0.0
BE,GA|import-dri,2022,7759543.0,2653263.0903225807,0.0,0.0,5106279.90967742,0.0,0.0
BE,GA|import-dri,2023,7759543.0,2697066.962096774,0.0,0.0,5062476.037903226,0.0,0.0
BE,GA|import-dri,2024,7759543.0,2740870.833870968,0.0,0.0,5018672.166129032,0.0,0.0
BE,GA|import-dri,2025,7759543.0,2784674.7056451607,0.0,0.0,4974868.294354839,0.0,0.0
BE,GA|import-dri,2026,7759543.0,2828478.5774193546,197242.57690322582,0.0,4733821.84567742,0.0,44991.031791625814
BE,GA|import-dri,2027,7759543.0,2872282.449193548,390980.84406451613,0.0,4496279.706741936,0.0,89182.73053111613
BE,GA|import-dri,2028,7759543.0,2916086.320967742,581214.8014838711,0.0,4262241.877548387,0.0,132575.09621847098
BE,GA|import-dri,2029,7759543.0,2959890.192741935,767944.4491612904,0.0,4031708.3580967747,0.0,175168.12885369034
BE,GA|import-dri,2030,7759543.0,3003694.064516129,951169.7870967742,0.0,3804679.148387097,0.0,216961.8284367742
BE,GA|import-dri,2031,7759543.0,3047497.9362903223,1130890.8152903228,0.0,3581154.2484193556,0.0,257956.1949677226
BE,GA|import-dri,2032,7759543.0,3091301.808064516,1307107.5337419354,0.0,3361133.658193548,0.0,298151.2284465355
BE,GA|import-dri,2033,7759543.0,3135105.6798387095,1479819.942451613,0.0,3144617.3777096774,0.0,337546.92887321295
BE,GA|import-dri,2034,7759543.0,3178909.5516129034,1649028.0414193547,0.0,2931605.406967742,0.0,376143.2962477548
BE,GA|import-dri,2035,7759543.0,3222713.4233870963,1814731.8306451617,0.0,2722097.745967742,0.0,413940.3305701614
BE,GA|import-dri,2036,7759543.0,3266517.29516129,1976931.3101290325,0.0,2516094.3947096774,0.0,450938.0318404323
BE,GA|import-dri,2037,7759543.0,3310321.166935484,2135626.4798709676,0.0,2313595.3531935485,0.0,487136.4000585677
BE,GA|import-dri,2038,7759543.0,3354125.0387096773,2290817.3398709674,0.0,2114600.621419355,0.0,522535.43522456766
BE,GA|import-dri,2039,7759543.0,3397928.9104838707,2442503.8901290325,0.0,1919110.1993870968,0.0,557135.1373384324
BE,GA|import-dri,2040,7759543.0,3441732.7822580645,2590686.130645161,0.0,1727124.0870967745,0.0,590935.5064001612
BE,GA|import-dri,2041,7759543.0,3485536.6540322583,2735364.0614193548,0.0,1538642.284548387,0.0,623936.5424097548
BE,GA|import-dri,2042,7759543.0,3529340.5258064517,2876537.6824516132,0.0,1353664.7917419355,0.0,656138.2453672129
BE,GA|import-dri,2043,7759543.0,3573144.397580645,3014206.9937419356,0.0,1172191.6086774194,0.0,687540.6152725355
BE,GA|import-dri,2044,7759543.0,3616948.2693548384,3148371.9952903227,0.0,994222.7353548389,0.0,718143.6521257226
BE,GA|import-dri,2045,7759543.0,3660752.1411290322,3279032.6870967746,0.0,819758.1717741932,0.0,747947.3559267743
BE,GA|import-dri,2046,7759543.0,3704556.0129032256,3406189.0691612903,0.0,648797.9179354841,0.0,776951.7266756903
BE,GA|import-dri,2047,7759543.0,3748359.884677419,3529841.1414838713,0.0,481341.97383870976,0.0,805156.764372471
BE,GA|import-dri,2048,7759543.0,3792163.756451613,3649988.9040645165,0.0,317390.33948387066,0.0,832562.4690171162
BE,GA|import-dri,2049,7759543.0,3835967.6282258066,3766632.3569032256,0.0,156943.01487096772,0.0,859168.8406096258
BE,GA|import-dri,2050,7759543.0,3879771.5,3879771.5,0.0,0.0,0.0,884975.8791499999
BG,GA|import-dri,2019,565900.0,565900.0,0.0,0.0,0.0,0.0,0.0
BG,GA|import-dri,2020,565900.0,565900.0,0.0,0.0,0.0,0.0,0.0
BG,GA|import-dri,2021,565900.0,565900.0,0.0,0.0,0.0,0.0,0.0
BG,GA|import-dri,2022,565900.0,565900.0,0.0,0.0,0.0,0.0,0.0
BG,GA|import-dri,2023,565900.0,565900.0,0.0,0.0,0.0,0.0,0.0
BG,GA|import-dri,2024,565900.0,565900.0,0.0,0.0,0.0,0.0,0.0
BG,GA|import-dri,2025,565900.0,565900.0,0.0,0.0,0.0,0.0,0.0
BG,GA|import-dri,2026,565900.0,565900.0,0.0,0.0,0.0,0.0,0.0
BG,GA|import-dri,2027,565900.0,565900.0,0.0,0.0,0.0,0.0,0.0
BG,GA|import-dri,2028,565900.0,565900.0,0.0,0.0,0.0,0.0,0.0
BG,GA|import-dri,2029,565900.0,565900.0,0.0,0.0,0.0,0.0,0.0
BG,GA|import-dri,2030,565900.0,565900.0,0.0,0.0,0.0,0.0,0.0
BG,GA|import-dri,2031,565900.0,565900.0,0.0,0.0,0.0,0.0,0.0
BG,GA|import-dri,2032,565900.0,565900.0,0.0,0.0,0.0,0.0,0.0
BG,GA|import-dri,2033,565900.0,565900.0,0.0,0.0,0.0,0.0,0.0
BG,GA|import-dri,2034,565900.0,565900.0,0.0,0.0,0.0,0.0,0.0
BG,GA|import-dri,2035,565900.0,565900.0,0.0,0.0,0.0,0.0,0.0
BG,GA|import-dri,2036,565900.0,565900.0,0.0,0.0,0.0,0.0,0.0
BG,GA|import-dri,2037,565900.0,565900.0,0.0,0.0,0.0,0.0,0.0
BG,GA|import-dri,2038,565900.0,565900.0,0.0,0.0,0.0,0.0,0.0
BG,GA|import-dri,2039,565900.0,565900.0,0.0,0.0,0.0,0.0,0.0
BG,GA|import-dri,2040,565900.0,565900.0,0.0,0.0,0.0,0.0,0.0
BG,GA|import-dri,2041,565900.0,565900.0,0.0,0.0,0.0,0.0,0.0
BG,GA|import-dri,2042,565900.0,565900.0,0.0,0.0,0.0,0.0,0.0
BG,GA|import-dri,2043,565900.0,565900.0,0.0,0.0,0.0,0.0,0.0
BG,GA|import-dri,2044,565900.0,565900.0,0.0,0.0,0.0,0.0,0.0
BG,GA|import-dri,2045,565900.0,565900.0,0.0,0.0,0.0,0.0,0.0
BG,GA|import-dri,2046,565900.0,565900.0,0.0,0.0,0.0,0.0,0.0
BG,GA|import-dri,2047,565900.0,565900.0,0.0,0.0,0.0,0.0,0.0
BG,GA|import-dri,2048,565900.0,565900.0,0.0,0.0,0.0,0.0,0.0
BG,GA|import-dri,2049,565900.0,565900.0,0.0,0.0,0.0,0.0,0.0
BG,GA|import-dri,2050,565900.0,565900.0,0.0,0.0,0.0,0.0,0.0
CY,GA|import-dri,2019,0.0,0.0,0.0,0.0,0.0,0.0,0.0
CY,GA|import-dri,2020,0.0,0.0,0.0,0.0,0.0,0.0,0.0
CY,GA|import-dri,2021,0.0,0.0,0.0,0.0,0.0,0.0,0.0
CY,GA|import-dri,2022,0.0,0.0,0.0,0.0,0.0,0.0,0.0
CY,GA|import-dri,2023,0.0,0.0,0.0,0.0,0.0,0.0,0.0
CY,GA|import-dri,2024,0.0,0.0,0.0,0.0,0.0,0.0,0.0
CY,GA|import-dri,2025,0.0,0.0,0.0,0.0,0.0,0.0,0.0
CY,GA|import-dri,2026,0.0,0.0,0.0,0.0,0.0,0.0,0.0
CY,GA|import-dri,2027,0.0,0.0,0.0,0.0,0.0,0.0,0.0
CY,GA|import-dri,2028,0.0,0.0,0.0,0.0,0.0,0.0,0.0
CY,GA|import-dri,2029,0.0,0.0,0.0,0.0,0.0,0.0,0.0
CY,GA|import-dri,2030,0.0,0.0,0.0,0.0,0.0,0.0,0.0
CY,GA|import-dri,2031,0.0,0.0,0.0,0.0,0.0,0.0,0.0
CY,GA|import-dri,2032,0.0,0.0,0.0,0.0,0.0,0.0,0.0
CY,GA|import-dri,2033,0.0,0.0,0.0,0.0,0.0,0.0,0.0
CY,GA|import-dri,2034,0.0,0.0,0.0,0.0,0.0,0.0,0.0
CY,GA|import-dri,2035,0.0,0.0,0.0,0.0,0.0,0.0,0.0
CY,GA|import-dri,2036,0.0,0.0,0.0,0.0,0.0,0.0,0.0
CY,GA|import-dri,2037,0.0,0.0,0.0,0.0,0.0,0.0,0.0
CY,GA|import-dri,2038,0.0,0.0,0.0,0.0,0.0,0.0,0.0
CY,GA|import-dri,2039,0.0,0.0,0.0,0.0,0.0,0.0,0.0
CY,GA|import-dri,2040,0.0,0.0,0.0,0.0,0.0,0.0,0.0
CY,GA|import-dri,2041,0.0,0.0,0.0,0.0,0.0,0.0,0.0
CY,GA|import-dri,2042,0.0,0.0,0.0,0.0,0.0,0.0,0.0
CY,GA|import-dri,2043,0.0,0.0,0.0,0.0,0.0,0.0,0.0
CY,GA|import-dri,2044,0.0,0.0,0.0,0.0,0.0,0.0,0.0
CY,GA|import-dri,2045,0.0,0.0,0.0,0.0,0.0,0.0,0.0
CY,GA|import-dri,2046,0.0,0.0,0.0,0.0,0.0,0.0,0.0
CY,GA|import-dri,2047,0.0,0.0,0.0,0.0,0.0,0.0,0.0
CY,GA|import-dri,2048,0.0,0.0,0.0,0.0,0.0,0.0,0.0
CY,GA|import-dri,2049,0.0,0.0,0.0,0.0,0.0,0.0,0.0
CY,GA|import-dri,2050,0.0,0.0,0.0,0.0,0.0,0.0,0.0
CZ,GA|import-dri,2019,4436832.0,235152.0959999999,0.0,0.0,4201679.904,0.0,0.0
CZ,GA|import-dri,2020,4436832.0,299128.35096774186,0.0,0.0,4137703.649032258,0.0,0.0
CZ,GA|import-dri,2021,4436832.0,363104.60593548376,0.0,0.0,4073727.3940645163,0.0,0.0
CZ,GA|import-dri,2022,4436832.0,427080.86090322566,0.0,0.0,4009751.139096774,0.0,0.0
CZ,GA|import-dri,2023,4436832.0,491057.1158709676,0.0,0.0,3945774.8841290325,0.0,0.0
CZ,GA|import-dri,2024,4436832.0,555033.3708387095,0.0,0.0,3881798.6291612904,0.0,0.0
CZ,GA|import-dri,2025,4436832.0,619009.6258064515,0.0,0.0,3817822.374193548,0.0,0.0
CZ,GA|import-dri,2026,4436832.0,682985.8807741934,150153.84476903226,0.0,3603692.2744567744,0.0,34250.09199181626
CZ,GA|import-dri,2027,4436832.0,746962.1357419353,295189.58914064517,0.0,3394680.2751174197,0.0,67332.74528298117
CZ,GA|import-dri,2028,4436832.0,810938.3907096774,435107.2331148387,0.0,3190786.376175484,0.0,99247.9598734947
CZ,GA|import-dri,2029,4436832.0,874914.6456774191,569906.7766916129,0.0,2992010.577630968,0.0,129995.7357633569
CZ,GA|import-dri,2030,4436832.0,938890.9006451613,699588.2198709678,0.0,2798352.879483871,0.0,159576.07295256775
CZ,GA|import-dri,2031,4436832.0,1002867.1556129031,824151.5626529033,0.0,2609813.2817341937,0.0,187988.97144112724
CZ,GA|import-dri,2032,4436832.0,1066843.410580645,943596.8050374194,0.0,2426391.7843819354,0.0,215234.43122903537
CZ,GA|import-dri,2033,4436832.0,1130819.665548387,1057923.9470245163,0.0,2248088.3874270967,0.0,241312.45231629215
CZ,GA|import-dri,2034,4436832.0,1194795.9205161291,1167132.9886141934,0.0,2074903.0908696775,0.0,266223.03470289754
CZ,GA|import-dri,2035,4436832.0,1258772.1754838708,1271223.9298064518,0.0,1906835.8947096774,0.0,289966.17838885164
CZ,GA|import-dri,2036,4436832.0,1322748.4304516127,1370196.7706012903,0.0,1743886.7989470968,0.0,312541.88337415433
CZ,GA|import-dri,2037,4436832.0,1386724.6854193548,1464051.5109987098,0.0,1586055.8035819356,0.0,333950.1496588057
CZ,GA|import-dri,2038,4436832.0,1450700.940387097,1552788.1509987095,0.0,1433342.9086141933,0.0,354190.97724280565
CZ,GA|import-dri,2039,4436832.0,1514677.1953548386,1636406.6906012904,0.0,1285748.1140438707,0.0,373264.3661261543
CZ,GA|import-dri,2040,4436832.0,1578653.4503225805,1714907.1298064517,0.0,1143271.4198709677,0.0,391170.31630885164
CZ,GA|import-dri,2041,4436832.0,1642629.7052903227,1788289.4686141936,0.0,1005912.8260954837,0.0,407908.8277908976
CZ,GA|import-dri,2042,4436832.0,1706605.9602580643,1856553.7070245163,0.0,873672.3327174194,0.0,423479.90057229216
CZ,GA|import-dri,2043,4436832.0,1770582.2152258065,1919699.8450374193,0.0,746549.9397367742,0.0,437883.53465303534
CZ,GA|import-dri,2044,4436832.0,1834558.4701935484,1977727.8826529034,0.0,624545.6471535484,0.0,451119.73003312724
CZ,GA|import-dri,2045,4436832.0,1898534.7251612905,2030637.8198709674,0.0,507659.45496774185,0.0,463188.4867125677
CZ,GA|import-dri,2046,4436832.0,1962510.9801290322,2078429.6566916127,0.0,395891.3631793549,0.0,474089.80469135684
CZ,GA|import-dri,2047,4436832.0,2026487.235096774,2121103.3931148387,0.0,289241.3717883872,0.0,483823.6839694947
CZ,GA|import-dri,2048,4436832.0,2090463.4900645162,2158659.029140645,0.0,187709.48079483863,0.0,492390.1245469812
CZ,GA|import-dri,2049,4436832.0,2154439.7450322583,2191096.564769032,0.0,91295.69019870972,0.0,499789.1264238162
CZ,GA|import-dri,2050,4436832.0,2218416.0,2218416.0,0.0,0.0,0.0,506020.6896
DE,GA|import-dri,2019,39627347.0,11888204.100000001,0.0,0.0,27739142.9,0.0,0.0
DE,GA|import-dri,2020,39627347.0,12143864.40322581,0.0,0.0,27483482.59677419,0.0,0.0
DE,GA|import-dri,2021,39627347.0,12399524.706451613,0.0,0.0,27227822.293548387,0.0,0.0
DE,GA|import-dri,2022,39627347.0,12655185.009677421,0.0,0.0,26972161.99032258,0.0,0.0
DE,GA|import-dri,2023,39627347.0,12910845.312903227,0.0,0.0,26716501.687096775,0.0,0.0
DE,GA|import-dri,2024,39627347.0,13166505.616129033,0.0,0.0,26460841.383870967,0.0,0.0
DE,GA|import-dri,2025,39627347.0,13422165.91935484,0.0,0.0,26205181.08064516,0.0,0.0
DE,GA|import-dri,2026,39627347.0,13677826.222580647,1037980.8310967741,0.0,24911539.946322575,0.0,236763.42757317418
DE,GA|import-dri,2027,39627347.0,13933486.525806451,2055508.837935484,0.0,23638351.636258066,0.0,468861.5659330839
DE,GA|import-dri,2028,39627347.0,14189146.829032259,3052584.020516129,0.0,22385616.150451615,0.0,696294.415079729
DE,GA|import-dri,2029,39627347.0,14444807.132258067,4029206.3788387096,0.0,21153333.488903224,0.0,919061.9750131096
DE,GA|import-dri,2030,39627347.0,14700467.435483871,4985375.912903226,0.0,19941503.6516129,0.0,1137164.2457332257
DE,GA|import-dri,2031,39627347.0,14956127.738709679,5921092.622709677,0.0,18750126.638580643,0.0,1350601.2272400772
DE,GA|import-dri,2032,39627347.0,15211788.041935485,6836356.508258065,0.0,17579202.44980645,0.0,1559372.9195336646
DE,GA|import-dri,2033,39627347.0,15467448.345161293,7731167.569548386,0.0,16428731.08529032,0.0,1763479.322613987
DE,GA|import-dri,2034,39627347.0,15723108.648387097,8605525.806580644,0.0,15298712.54503226,0.0,1962920.4364810449
DE,GA|import-dri,2035,39627347.0,15978768.951612905,9459431.219354838,0.0,14189146.829032257,0.0,2157696.2611348387
DE,GA|import-dri,2036,39627347.0,16234429.254838709,10292883.807870967,0.0,13100033.937290324,0.0,2347806.7965753675
DE,GA|import-dri,2037,39627347.0,16490089.558064517,11105883.572129032,0.0,12031373.869806452,0.0,2533252.042802632
DE,GA|import-dri,2038,39627347.0,16745749.861290323,11898430.512129033,0.0,10983166.626580646,0.0,2714031.9998166324
DE,GA|import-dri,2039,39627347.0,17001410.164516132,12670524.627870968,0.0,9955412.2076129,0.0,2890146.6676173676
DE,GA|import-dri,2040,39627347.0,17257070.467741936,13422165.919354837,0.0,8948110.612903226,0.0,3061596.0462048384
DE,GA|import-dri,2041,39627347.0,17512730.770967744,14153354.386580644,0.0,7961261.8424516115,0.0,3228380.135579045
DE,GA|import-dri,2042,39627347.0,17768391.07419355,14864090.029548388,0.0,6994865.896258064,0.0,3390498.935739987
DE,GA|import-dri,2043,39627347.0,18024051.377419356,15554372.848258063,0.0,6048922.774322581,0.0,3547952.4466876644
DE,GA|import-dri,2044,39627347.0,18279711.68064516,16224202.84270968,0.0,5123432.4766451605,0.0,3700740.668422078
DE,GA|import-dri,2045,39627347.0,18535371.98387097,16873580.012903225,0.0,4218395.003225807,0.0,3848863.6009432254
DE,GA|import-dri,2046,39627347.0,18791032.287096776,17502504.358838707,0.0,3333810.3540645167,0.0,3992321.244251109
DE,GA|import-dri,2047,39627347.0,19046692.59032258,18110975.88051613,0.0,2469678.5291612893,0.0,4131113.5983457295
DE,GA|import-dri,2048,39627347.0,19302352.893548384,18698994.577935487,0.0,1625999.5285161287,0.0,4265240.663227084
DE,GA|import-dri,2049,39627347.0,19558013.196774192,19266560.451096773,0.0,802773.3521290347,0.0,4394702.438895174
DE,GA|import-dri,2050,39627347.0,19813673.5,19813673.5,0.0,0.0,0.0,4519498.92535
DK,GA|import-dri,2019,466825.43927354657,0.0,0.0,0.0,466825.43927354657,0.0,0.0
DK,GA|import-dri,2020,466825.43927354657,7529.442568928171,0.0,0.0,459295.9967046184,0.0,0.0
DK,GA|import-dri,2021,466825.43927354657,15058.885137856341,0.0,0.0,451766.5541356902,0.0,0.0
DK,GA|import-dri,2022,466825.43927354657,22588.327706784512,0.0,0.0,444237.11156676203,0.0,0.0
DK,GA|import-dri,2023,466825.43927354657,30117.770275712683,0.0,0.0,436707.66899783385,0.0,0.0
DK,GA|import-dri,2024,466825.43927354657,37647.21284464085,0.0,0.0,429178.22642890573,0.0,0.0
DK,GA|import-dri,2025,466825.43927354657,45176.655413569024,0.0,0.0,421648.78385997756,0.0,0.0
DK,GA|import-dri,2026,466825.43927354657,52706.097982497195,16564.773651641975,0.0,397554.5676394074,0.0,3778.4248699395343
DK,GA|import-dri,2027,466825.43927354657,60235.540551425365,32527.191897769695,0.0,374062.7068243515,0.0,7419.452471881267
DK,GA|import-dri,2028,466825.43927354657,67764.98312035354,47887.25473838316,0.0,351173.20141480985,0.0,10923.0828058252
DK,GA|import-dri,2029,466825.43927354657,75294.4256892817,62644.962173482374,0.0,328886.0514107825,0.0,14289.315871771329
DK,GA|import-dri,2030,466825.43927354657,82823.86825820988,76800.31420306733,0.0,307201.25681226933,0.0,17518.15166971966
DK,GA|import-dri,2031,466825.43927354657,90353.31082713805,90353.31082713805,0.0,286118.8176192705,0.0,20609.590199670187
DK,GA|import-dri,2032,466825.43927354657,97882.75339606623,103303.9520456945,0.0,265638.7338317858,0.0,23563.631461622917
DK,GA|import-dri,2033,466825.43927354657,105412.19596499439,115652.2378587367,0.0,245761.00544981548,0.0,26380.27545557784
DK,GA|import-dri,2034,466825.43927354657,112941.63853392255,127398.16826626463,0.0,226485.63247335938,0.0,29059.52218153496
DK,GA|import-dri,2035,466825.43927354657,120471.08110285073,138541.74326827834,0.0,207812.6149024175,0.0,31601.37163949429
DK,GA|import-dri,2036,466825.43927354657,128000.5236717789,149082.96286477777,0.0,189741.9527369899,0.0,34005.82382945581
DK,GA|import-dri,2037,466825.43927354657,135529.9662407071,159021.82705576296,0.0,172273.64597707652,0.0,36272.87875141953
DK,GA|import-dri,2038,466825.43927354657,143059.40880963524,168358.3358412339,0.0,155407.69462267746,0.0,38402.53640538545
DK,GA|import-dri,2039,466825.43927354657,150588.8513785634,177092.48922119057,0.0,139144.09867379256,0.0,40394.79679135357
DK,GA|import-dri,2040,466825.43927354657,158118.29394749156,185224.287195633,0.0,123482.85813042201,0.0,42249.659909323884
DK,GA|import-dri,2041,466825.43927354657,165647.73651641977,192753.72976456114,0.0,108423.97299256563,0.0,43967.125759296396
DK,GA|import-dri,2042,466825.43927354657,173177.17908534792,199680.8169279751,0.0,93967.44326022355,0.0,45547.19434127112
DK,GA|import-dri,2043,466825.43927354657,180706.6216542761,206005.54868587473,0.0,80113.26893339574,0.0,46989.865655248024
DK,GA|import-dri,2044,466825.43927354657,188236.06422320424,211727.92503826015,0.0,66861.45001208215,0.0,48295.13970122714
DK,GA|import-dri,2045,466825.43927354657,195765.50679213245,216847.94598513131,0.0,54211.9864962828,0.0,49463.016479208454
DK,GA|import-dri,2046,466825.43927354657,203294.9493610606,221365.61152648818,0.0,42164.878385997756,0.0,50493.49598919196
DK,GA|import-dri,2047,466825.43927354657,210824.39192998878,225280.92166233086,0.0,30720.125681226928,0.0,51386.57823117767
DK,GA|import-dri,2048,466825.43927354657,218353.83449891693,228593.87639265927,0.0,19877.728381970373,0.0,52142.263205165575
DK,GA|import-dri,2049,466825.43927354657,225883.2770678451,231304.4757174734,0.0,9637.686488228064,0.0,52760.55091115568
DK,GA|import-dri,2050,466825.43927354657,233412.71963677328,233412.71963677328,0.0,0.0,0.0,53241.441349147986
EE,GA|import-dri,2019,0.0,0.0,0.0,0.0,0.0,0.0,0.0
EE,GA|import-dri,2020,0.0,0.0,0.0,0.0,0.0,0.0,0.0
EE,GA|import-dri,2021,0.0,0.0,0.0,0.0,0.0,0.0,0.0
EE,GA|import-dri,2022,0.0,0.0,0.0,0.0,0.0,0.0,0.0
EE,GA|import-dri,2023,0.0,0.0,0.0,0.0,0.0,0.0,0.0
EE,GA|import-dri,2024,0.0,0.0,0.0,0.0,0.0,0.0,0.0
EE,GA|import-dri,2025,0.0,0.0,0.0,0.0,0.0,0.0,0.0
EE,GA|import-dri,2026,0.0,0.0,0.0,0.0,0.0,0.0,0.0
EE,GA|import-dri,2027,0.0,0.0,0.0,0.0,0.0,0.0,0.0
EE,GA|import-dri,2028,0.0,0.0,0.0,0.0,0.0,0.0,0.0
EE,GA|import-dri,2029,0.0,0.0,0.0,0.0,0.0,0.0,0.0
EE,GA|import-dri,2030,0.0,0.0,0.0,0.0,0.0,0.0,0.0
EE,GA|import-dri,2031,0.0,0.0,0.0,0.0,0.0,0.0,0.0
EE,GA|import-dri,2032,0.0,0.0,0.0,0.0,0.0,0.0,0.0
EE,GA|import-dri,2033,0.0,0.0,0.0,0.0,0.0,0.0,0.0
EE,GA|import-dri,2034,0.0,0.0,0.0,0.0,0.0,0.0,0.0
EE,GA|import-dri,2035,0.0,0.0,0.0,0.0,0.0,0.0,0.0
EE,GA|import-dri,2036,0.0,0.0,0.0,0.0,0.0,0.0,0.0
EE,GA|import-dri,2037,0.0,0.0,0.0,0.0,0.0,0.0,0.0
EE,GA|import-dri,2038,0.0,0.0,0.0,0.0,0.0,0.0,0.0
EE,GA|import-dri,2039,0.0,0.0,0.0,0.0,0.0,0.0,0.0
EE,GA|import-dri,2040,0.0,0.0,0.0,0.0,0.0,0.0,0.0
EE,GA|import-dri,2041,0.0,0.0,0.0,0.0,0.0,0.0,0.0
EE,GA|import-dri,2042,0.0,0.0,0.0,0.0,0.0,0.0,0.0
EE,GA|import-dri,2043,0.0,0.0,0.0,0.0,0.0,0.0,0.0
EE,GA|import-dri,2044,0.0,0.0,0.0,0.0,0.0,0.0,0.0
EE,GA|import-dri,2045,0.0,0.0,0.0,0.0,0.0,0.0,0.0
EE,GA|import-dri,2046,0.0,0.0,0.0,0.0,0.0,0.0,0.0
EE,GA|import-dri,2047,0.0,0.0,0.0,0.0,0.0,0.0,0.0
EE,GA|import-dri,2048,0.0,0.0,0.0,0.0,0.0,0.0,0.0
EE,GA|import-dri,2049,0.0,0.0,0.0,0.0,0.0,0.0,0.0
EE,GA|import-dri,2050,0.0,0.0,0.0,0.0,0.0,0.0,0.0
ES,GA|import-dri,2019,13587670.0,9348316.96,0.0,0.0,4239353.039999999,0.0,0.0
ES,GA|import-dri,2020,13587670.0,9348316.96,0.0,0.0,4239353.039999999,0.0,0.0
ES,GA|import-dri,2021,13587670.0,9348316.96,0.0,0.0,4239353.039999999,0.0,0.0
ES,GA|import-dri,2022,13587670.0,9348316.96,0.0,0.0,4239353.039999999,0.0,0.0
ES,GA|import-dri,2023,13587670.0,9348316.96,0.0,0.0,4239353.039999999,0.0,0.0
ES,GA|import-dri,2024,13587670.0,9348316.96,0.0,0.0,4239353.039999999,0.0,0.0
ES,GA|import-dri,2025,13587670.0,9348316.96,0.0,0.0,4239353.039999999,0.0,0.0
ES,GA|import-dri,2026,13587670.0,9348316.96,169574.12159999995,0.0,4069778.918399999,0.0,38679.85713695999
ES,GA|import-dri,2027,13587670.0,9348316.96,339148.2431999999,0.0,3900204.796799999,0.0,77359.71427391998
ES,GA|import-dri,2028,13587670.0,9348316.96,508722.36479999986,0.0,3730630.6751999995,0.0,116039.57141087997
ES,GA|import-dri,2029,13587670.0,9348316.96,678296.4863999998,0.0,3561056.5535999993,0.0,154719.42854783995
ES,GA|import-dri,2030,13587670.0,9348316.96,847870.6079999999,0.0,3391482.431999999,0.0,193399.28568479998
ES,GA|import-dri,2031,13587670.0,9348316.96,1017444.7295999997,0.0,3221908.3103999994,0.0,232079.14282175995
ES,GA|import-dri,2032,13587670.0,9348316.96,1187018.8512,0.0,3052334.188799999,0.0,270758.99995872
ES,GA|import-dri,2033,13587670.0,9348316.96,1356592.9727999996,0.0,2882760.0671999995,0.0,309438.8570956799
ES,GA|import-dri,2034,13587670.0,9348316.96,1526167.0943999996,0.0,2713185.9455999993,0.0,348118.7142326399
ES,GA|import-dri,2035,13587670.0,9348316.96,1695741.2159999998,0.0,2543611.823999999,0.0,386798.57136959996
ES,GA|import-dri,2036,13587670.0,9348316.96,1865315.3375999995,0.0,2374037.7024,0.0,425478.42850655987
ES,GA|import-dri,2037,13587670.0,9348316.96,2034889.4591999995,0.0,2204463.5807999996,0.0,464158.2856435199
ES,GA|import-dri,2038,13587670.0,9348316.96,2204463.5807999996,0.0,2034889.4591999995,0.0,502838.1427804799
ES,GA|import-dri,2039,13587670.0,9348316.96,2374037.7024,0.0,1865315.3375999993,0.0,541517.99991744
ES,GA|import-dri,2040,13587670.0,9348316.96,2543611.8239999996,0.0,1695741.2159999995,0.0,580197.8570543999
ES,GA|import-dri,2041,13587670.0,9348316.96,2713185.9455999993,0.0,1526167.0943999998,0.0,618877.7141913598
ES,GA|import-dri,2042,13587670.0,9348316.96,2882760.0671999995,0.0,1356592.9727999996,0.0,657557.5713283198
ES,GA|import-dri,2043,13587670.0,9348316.96,3052334.188799999,0.0,1187018.8512,0.0,696237.4284652798
ES,GA|import-dri,2044,13587670.0,9348316.96,3221908.3103999994,0.0,1017444.7295999997,0.0,734917.2856022399
ES,GA|import-dri,2045,13587670.0,9348316.96,3391482.4319999996,0.0,847870.6079999995,0.0,773597.1427391999
ES,GA|import-dri,2046,13587670.0,9348316.96,3561056.5535999993,0.0,678296.4863999998,0.0,812276.9998761598
ES,GA|import-dri,2047,13587670.0,9348316.96,3730630.675199999,0.0,508722.3648000001,0.0,850956.8570131197
ES,GA|import-dri,2048,13587670.0,9348316.96,3900204.796799999,0.0,339148.2431999999,0.0,889636.7141500798
ES,GA|import-dri,2049,13587670.0,9348316.96,4069778.918399999,0.0,169574.1216000002,0.0,928316.5712870398
ES,GA|import-dri,2050,13587670.0,9348316.96,4239353.039999999,0.0,0.0,0.0,966996.4284239998
FI,GA|import-dri,2019,3473300.0,1153135.6,0.0,0.0,2320164.4,0.0,0.0
FI,GA|import-dri,2020,3473300.0,1171958.6451612904,0.0,0.0,2301341.3548387093,0.0,0.0
FI,GA|import-dri,2021,3473300.0,1190781.6903225807,0.0,0.0,2282518.3096774193,0.0,0.0
FI,GA|import-dri,2022,3473300.0,1209604.735483871,0.0,0.0,2263695.264516129,0.0,0.0
FI,GA|import-dri,2023,3473300.0,1228427.7806451612,0.0,0.0,2244872.219354839,0.0,0.0
FI,GA|import-dri,2024,3473300.0,1247250.8258064517,0.0,0.0,2226049.174193548,0.0,0.0
FI,GA|import-dri,2025,3473300.0,1266073.8709677418,0.0,0.0,2207226.129032258,0.0,0.0
FI,GA|import-dri,2026,3473300.0,1284896.9161290324,87536.12335483871,0.0,2100866.960516129,0.0,19966.98973723871
FI,GA|import-dri,2027,3473300.0,1303719.9612903227,173566.4030967742,0.0,1996013.6356129032,0.0,39590.49654637419
FI,GA|import-dri,2028,3473300.0,1322543.0064516128,258090.83922580644,0.0,1892666.1543225807,0.0,58870.520427406445
FI,GA|import-dri,2029,3473300.0,1341366.0516129034,341109.4317419355,0.0,1790824.5166451612,0.0,77807.06138033548
FI,GA|import-dri,2030,3473300.0,1360189.0967741935,422622.1806451613,0.0,1690488.7225806452,0.0,96400.1194051613
FI,GA|import-dri,2031,3473300.0,1379012.141935484,502629.0859354838,0.0,1591658.7721290323,0.0,114649.69450188386
FI,GA|import-dri,2032,3473300.0,1397835.1870967743,581130.1476129033,0.0,1494334.6652903224,0.0,132555.78667050324
FI,GA|import-dri,2033,3473300.0,1416658.2322580644,658125.3656774194,0.0,1398516.4020645162,0.0,150118.39591101935
FI,GA|import-dri,2034,3473300.0,1435481.277419355,733614.7401290322,0.0,1304203.9824516128,0.0,167337.52222343223
FI,GA|import-dri,2035,3473300.0,1454304.322580645,807598.270967742,0.0,1211397.406451613,0.0,184213.16560774195
FI,GA|import-dri,2036,3473300.0,1473127.3677419354,880075.9581935484,0.0,1120096.674064516,0.0,200745.3260639484
FI,GA|import-dri,2037,3473300.0,1491950.412903226,951047.8018064515,0.0,1030301.7852903225,0.0,216934.0035920516
FI,GA|import-dri,2038,3473300.0,1510773.458064516,1020513.8018064516,0.0,942012.7401290323,0.0,232779.1981920516
FI,GA|import-dri,2039,3473300.0,1529596.5032258064,1088473.9581935485,0.0,855229.5385806451,0.0,248280.90986394841
FI,GA|import-dri,2040,3473300.0,1548419.5483870967,1154928.270967742,0.0,769952.1806451613,0.0,263439.1386077419
FI,GA|import-dri,2041,3473300.0,1567242.593548387,1219876.7401290324,0.0,686180.6663225805,0.0,278253.8844234323
FI,GA|import-dri,2042,3473300.0,1586065.6387096776,1283319.3656774194,0.0,603914.995612903,0.0,292725.14731101936
FI,GA|import-dri,2043,3473300.0,1604888.6838709677,1345256.1476129033,0.0,523155.168516129,0.0,306852.92727050325
FI,GA|import-dri,2044,3473300.0,1623711.729032258,1405687.085935484,0.0,443901.18503225804,0.0,320637.2243018839
FI,GA|import-dri,2045,3473300.0,1642534.7741935484,1464612.1806451613,0.0,366153.0451612903,0.0,334078.0384051613
FI,GA|import-dri,2046,3473300.0,1661357.8193548387,1522031.4317419354,0.0,289910.7489032259,0.0,347175.36958033545
FI,GA|import-dri,2047,3473300.0,1680180.864516129,1577944.8392258065,0.0,215174.29625806445,0.0,359929.2178274065
FI,GA|import-dri,2048,3473300.0,1699003.909677419,1632352.4030967746,0.0,141943.6872258063,0.0,372339.58314637427
FI,GA|import-dri,2049,3473300.0,1717826.9548387097,1685254.1233548387,0.0,70218.92180645163,0.0,384406.4655372387
FI,GA|import-dri,2050,3473300.0,1736650.0,1736650.0,0.0,0.0,0.0,396129.865
FR,GA|import-dri,2019,14449651.000000002,4392693.904000001,0.0,0.0,10056957.096,0.0,0.0
FR,GA|import-dri,2020,14449651.000000002,4484052.987741937,0.0,0.0,9965598.012258064,0.0,0.0
FR,GA|import-dri,2021,14449651.000000002,4575412.071483872,0.0,0.0,9874238.92851613,0.0,0.0
FR,GA|import-dri,2022,14449651.000000002,4666771.155225808,0.0,0.0,9782879.844774194,0.0,0.0
FR,GA|import-dri,2023,14449651.000000002,4758130.238967744,0.0,0.0,9691520.761032257,0.0,0.0
FR,GA|import-dri,2024,14449651.000000002,4849489.322709679,0.0,0.0,9600161.677290324,0.0,0.0
FR,GA|import-dri,2025,14449651.000000002,4940848.406451615,0.0,0.0,9508802.593548387,0.0,0.0
FR,GA|import-dri,2026,14449651.000000002,5032207.49019355,376697.7403922581,0.0,9040745.769414194,0.0,85924.75458347407
FR,GA|import-dri,2027,14449651.000000002,5123566.5739354845,746086.7540851614,0.0,8579997.671979357,0.0,170182.38860682532
FR,GA|import-dri,2028,14449651.000000002,5214925.65767742,1108167.0410787095,0.0,8126558.301243871,0.0,252772.90207005365
FR,GA|import-dri,2029,14449651.000000002,5306284.741419356,1462938.6013729032,0.0,7680427.657207742,0.0,333696.2949731592
FR,GA|import-dri,2030,14449651.000000002,5397643.825161291,1810401.4349677423,0.0,7241605.739870968,0.0,412952.567316142
FR,GA|import-dri,2031,14449651.000000002,5489002.908903227,2150555.5418632254,0.0,6810092.549233548,0.0,490541.7190990017
FR,GA|import-dri,2032,14449651.000000002,5580361.992645162,2483400.922059356,0.0,6385888.085295485,0.0,566463.750321739
FR,GA|import-dri,2033,14449651.000000002,5671721.076387098,2808937.575556129,0.0,5968992.348056775,0.0,640718.660984353
FR,GA|import-dri,2034,14449651.000000002,5763080.160129034,3127165.502353548,0.0,5559405.337517419,0.0,713306.4510868443
FR,GA|import-dri,2035,14449651.000000002,5854439.243870968,3438084.7024516137,0.0,5157127.05367742,0.0,784227.120629213
FR,GA|import-dri,2036,14449651.000000002,5945798.327612905,3741695.175850323,0.0,4762157.496536775,0.0,853480.6696114587
FR,GA|import-dri,2037,14449651.000000002,6037157.41135484,4037996.9225496775,0.0,4374496.666095484,0.0,921067.0980335814
FR,GA|import-dri,2038,14449651.000000002,6128516.495096775,4326989.9425496785,0.0,3994144.5623535486,0.0,986986.4058955817
FR,GA|import-dri,2039,14449651.000000002,6219875.578838711,4608674.235850324,0.0,3621101.1853109673,0.0,1051238.593197459
FR,GA|import-dri,2040,14449651.000000002,6311234.662580646,4883049.802451613,0.0,3255366.534967743,0.0,1113823.659939213
FR,GA|import-dri,2041,14449651.000000002,6402593.7463225825,5150116.642353549,0.0,2896940.6113238707,0.0,1174741.6061208444
FR,GA|import-dri,2042,14449651.000000002,6493952.8300645165,5409874.755556131,0.0,2545823.4143793546,0.0,1233992.4317423534
FR,GA|import-dri,2043,14449651.000000002,6585311.913806452,5662324.142059355,0.0,2202014.9441341944,0.0,1291576.1368037388
FR,GA|import-dri,2044,14449651.000000002,6676670.997548388,5907464.801863226,0.0,1865515.2005883874,0.0,1347492.7213050018
FR,GA|import-dri,2045,14449651.000000002,6768030.081290323,6145296.734967743,0.0,1536324.1837419355,0.0,1401742.185246142
FR,GA|import-dri,2046,14449651.000000002,6859389.165032259,6375819.941372904,0.0,1214441.8935948387,0.0,1454324.5286271593
FR,GA|import-dri,2047,14449651.000000002,6950748.248774194,6599034.421078711,0.0,899868.3301470969,0.0,1505239.7514480539
FR,GA|import-dri,2048,14449651.000000002,7042107.33251613,6814940.174085163,0.0,592603.4933987092,0.0,1554487.8537088255
FR,GA|import-dri,2049,14449651.000000002,7133466.416258066,7023537.200392258,0.0,292647.38334967755,0.0,1602068.835409474
FR,GA|import-dri,2050,14449651.000000002,7224825.500000001,7224825.500000001,0.0,0.0,0.0,1647982.6965500002
GR,GA|import-dri,2019,1350000.0,1350000.0,0.0,0.0,0.0,0.0,0.0
GR,GA|import-dri,2020,1350000.0,1350000.0,0.0,0.0,0.0,0.0,0.0
GR,GA|import-dri,2021,1350000.0,1350000.0,0.0,0.0,0.0,0.0,0.0
GR,GA|import-dri,2022,1350000.0,1350000.0,0.0,0.0,0.0,0.0,0.0
GR,GA|import-dri,2023,1350000.0,1350000.0,0.0,0.0,0.0,0.0,0.0
GR,GA|import-dri,2024,1350000.0,1350000.0,0.0,0.0,0.0,0.0,0.0
GR,GA|import-dri,2025,1350000.0,1350000.0,0.0,0.0,0.0,0.0,0.0
GR,GA|import-dri,2026,1350000.0,1350000.0,0.0,0.0,0.0,0.0,0.0
GR,GA|import-dri,2027,1350000.0,1350000.0,0.0,0.0,0.0,0.0,0.0
GR,GA|import-dri,2028,1350000.0,1350000.0,0.0,0.0,0.0,0.0,0.0
GR,GA|import-dri,2029,1350000.0,1350000.0,0.0,0.0,0.0,0.0,0.0
GR,GA|import-dri,2030,1350000.0,1350000.0,0.0,0.0,0.0,0.0,0.0
GR,GA|import-dri,2031,1350000.0,1350000.0,0.0,0.0,0.0,0.0,0.0
GR,GA|import-dri,2032,1350000.0,1350000.0,0.0,0.0,0.0,0.0,0.0
GR,GA|import-dri,2033,1350000.0,1350000.0,0.0,0.0,0.0,0.0,0.0
GR,GA|import-dri,2034,1350000.0,1350000.0,0.0,0.0,0.0,0.0,0.0
GR,GA|import-dri,2035,1350000.0,1350000.0,0.0,0.0,0.0,0.0,0.0
GR,GA|import-dri,2036,1350000.0,1350000.0,0.0,0.0,0.0,0.0,0.0
GR,GA|import-dri,2037,1350000.0,1350000.0,0.0,0.0,0.0,0.0,0.0
GR,GA|import-dri,2038,1350000.0,1350000.0,0.0,0.0,0.0,0.0,0.0
GR,GA|import-dri,2039,1350000.0,1350000.0,0.0,0.0,0.0,0.0,0.0
GR,GA|import-dri,2040,1350000.0,1350000.0,0.0,0.0,0.0,0.0,0.0
GR,GA|import-dri,2041,1350000.0,1350000.0,0.0,0.0,0.0,0.0,0.0
GR,GA|import-dri,2042,1350000.0,1350000.0,0.0,0.0,0.0,0.0,0.0
GR,GA|import-dri,2043,1350000.0,1350000.0,0.0,0.0,0.0,0.0,0.0
GR,GA|import-dri,2044,1350000.0,1350000.0,0.0,0.0,0.0,0.0,0.0
GR,GA|import-dri,2045,1350000.0,1350000.0,0.0,0.0,0.0,0.0,0.0
GR,GA|import-dri,2046,1350000.0,1350000.0,0.0,0.0,0.0,0.0,0.0
GR,GA|import-dri,2047,1350000.0,1350000.0,0.0,0.0,0.0,0.0,0.0
GR,GA|import-dri,2048,1350000.0,1350000.0,0.0,0.0,0.0,0.0,0.0
GR,GA|import-dri,2049,1350000.0,1350000.0,0.0,0.0,0.0,0.0,0.0
GR,GA|import-dri,2050,1350000.0,1350000.0,0.0,0.0,0.0,0.0,0.0
HR,GA|import-dri,2019,69125.0,69125.0,0.0,0.0,0.0,0.0,0.0
HR,GA|import-dri,2020,69125.0,69125.0,0.0,0.0,0.0,0.0,0.0
HR,GA|import-dri,2021,69125.0,69125.0,0.0,0.0,0.0,0.0,0.0
HR,GA|import-dri,2022,69125.0,69125.0,0.0,0.0,0.0,0.0,0.0
HR,GA|import-dri,2023,69125.0,69125.0,0.0,0.0,0.0,0.0,0.0
HR,GA|import-dri,2024,69125.0,69125.0,0.0,0.0,0.0,0.0,0.0
HR,GA|import-dri,2025,69125.0,69125.0,0.0,0.0,0.0,0.0,0.0
HR,GA|import-dri,2026,69125.0,69125.0,0.0,0.0,0.0,0.0,0.0
HR,GA|import-dri,2027,69125.0,69125.0,0.0,0.0,0.0,0.0,0.0
HR,GA|import-dri,2028,69125.0,69125.0,0.0,0.0,0.0,0.0,0.0
HR,GA|import-dri,2029,69125.0,69125.0,0.0,0.0,0.0,0.0,0.0
HR,GA|import-dri,2030,69125.0,69125.0,0.0,0.0,0.0,0.0,0.0
HR,GA|import-dri,2031,69125.0,69125.0,0.0,0.0,0.0,0.0,0.0
HR,GA|import-dri,2032,69125.0,69125.0,0.0,0.0,0.0,0.0,0.0
HR,GA|import-dri,2033,69125.0,69125.0,0.0,0.0,0.0,0.0,0.0
HR,GA|import-dri,2034,69125.0,69125.0,0.0,0.0,0.0,0.0,0.0
HR,GA|import-dri,2035,69125.0,69125.0,0.0,0.0,0.0,0.0,0.0
HR,GA|import-dri,2036,69125.0,69125.0,0.0,0.0,0.0,0.0,0.0
HR,GA|import-dri,2037,69125.0,69125.0,0.0,0.0,0.0,0.0,0.0
HR,GA|import-dri,2038,69125.0,69125.0,0.0,0.0,0.0,0.0,0.0
HR,GA|import-dri,2039,69125.0,69125.0,0.0,0.0,0.0,0.0,0.0
HR,GA|import-dri,2040,69125.0,69125.0,0.0,0.0,0.0,0.0,0.0
HR,GA|import-dri,2041,69125.0,69125.0,0.0,0.0,0.0,0.0,0.0
HR,GA|import-dri,2042,69125.0,69125.0,0.0,0.0,0.0,0.0,0.0
HR,GA|import-dri,2043,69125.0,69125.0,0.0,0.0,0.0,0.0,0.0
HR,GA|import-dri,2044,69125.0,69125.0,0.0,0.0,0.0,0.0,0.0
HR,GA|import-dri,2045,69125.0,69125.0,0.0,0.0,0.0,0.0,0.0
HR,GA|import-dri,2046,69125.0,69125.0,0.0,0.0,0.0,0.0,0.0
HR,GA|import-dri,2047,69125.0,69125.0,0.0,0.0,0.0,0.0,0.0
HR,GA|import-dri,2048,69125.0,69125.0,0.0,0.0,0.0,0.0,0.0
HR,GA|import-dri,2049,69125.0,69125.0,0.0,0.0,0.0,0.0,0.0
HR,GA|import-dri,2050,69125.0,69125.0,0.0,0.0,0.0,0.0,0.0
HU,GA|import-dri,2019,1769498.9999999998,352130.301,0.0,0.0,1417368.6989999998,0.0,0.0
HU,GA|import-dri,2020,1769498.9999999998,369311.5654838709,0.0,0.0,1400187.4345161289,0.0,0.0
HU,GA|import-dri,2021,1769498.9999999998,386492.8299677419,0.0,0.0,1383006.170032258,0.0,0.0
HU,GA|import-dri,2022,1769498.9999999998,403674.09445161285,0.0,0.0,1365824.905548387,0.0,0.0
HU,GA|import-dri,2023,1769498.9999999998,420855.35893548385,0.0,0.0,1348643.6410645158,0.0,0.0
HU,GA|import-dri,2024,1769498.9999999998,438036.6234193548,0.0,0.0,1331462.3765806449,0.0,0.0
HU,GA|import-dri,2025,1769498.9999999998,455217.8879032258,0.0,0.0,1314281.112096774,0.0,0.0
HU,GA|import-dri,2026,1769498.9999999998,472399.1523870968,51883.99390451612,0.0,1245215.853708387,0.0,11834.739009620127
HU,GA|import-dri,2027,1769498.9999999998,489580.41687096766,102393.48665032256,0.0,1177525.0964787095,0.0,23355.954304938576
HU,GA|import-dri,2028,1769498.9999999998,506761.68135483866,151528.47823741933,0.0,1111208.8404077417,0.0,34563.645885955346
HU,GA|import-dri,2029,1769498.9999999998,523942.94583870965,199288.96866580643,0.0,1046267.0854954837,0.0,45457.813752670445
HU,GA|import-dri,2030,1769498.9999999998,541124.2103225805,245674.95793548386,0.0,982699.8317419353,0.0,56038.457905083866
HU,GA|import-dri,2031,1769498.9999999998,558305.4748064516,290686.4460464516,0.0,920507.0791470967,0.0,66305.57834319561
HU,GA|import-dri,2032,1769498.9999999998,575486.7392903225,334323.4329987097,0.0,859688.8277109677,0.0,76259.17506700568
HU,GA|import-dri,2033,1769498.9999999998,592668.0037741935,376585.9187922581,0.0,800245.0774335484,0.0,85899.24807651406
HU,GA|import-dri,2034,1769498.9999999998,609849.2682580644,417473.9034270968,0.0,742175.8283148387,0.0,95225.79737172078
HU,GA|import-dri,2035,1769498.9999999998,627030.5327419355,456987.38690322574,0.0,685481.0803548386,0.0,104238.8229526258
HU,GA|import-dri,2036,1769498.9999999998,644211.7972258063,495126.36922064517,0.0,630160.8335535484,0.0,112938.32481922916
HU,GA|import-dri,2037,1769498.9999999998,661393.0617096775,531890.8503793547,0.0,576215.0879109675,0.0,121324.3029715308
HU,GA|import-dri,2038,1769498.9999999998,678574.3261935483,567280.8303793548,0.0,523643.8434270967,0.0,129396.75740953082
HU,GA|import-dri,2039,1769498.9999999998,695755.5906774192,601296.3092206451,0.0,472447.10010193544,0.0,137155.68813322915
HU,GA|import-dri,2040,1769498.9999999998,712936.8551612903,633937.2869032256,0.0,422624.8579354838,0.0,144601.09514262577
HU,GA|import-dri,2041,1769498.9999999998,730118.1196451612,665203.7634270967,0.0,374177.1169277419,0.0,151732.97843772074
HU,GA|import-dri,2042,1769498.9999999998,747299.3841290321,695095.7387922581,0.0,327103.87707870954,0.0,158551.33801851407
HU,GA|import-dri,2043,1769498.9999999998,764480.6486129031,723613.2129987096,0.0,281405.13838838704,0.0,165056.17388500567
HU,GA|import-dri,2044,1769498.9999999998,781661.9130967741,750756.1860464514,0.0,237080.90085677418,0.0,171247.48603719557
HU,GA|import-dri,2045,1769498.9999999998,798843.1775806451,776524.6579354838,0.0,194131.16448387085,0.0,177125.27447508386
HU,GA|import-dri,2046,1769498.9999999998,816024.442064516,800918.6286658064,0.0,152555.92926967738,0.0,182689.53919867042
HU,GA|import-dri,2047,1769498.9999999998,833205.706548387,823938.0982374193,0.0,112355.19521419355,0.0,187940.28020795534
HU,GA|import-dri,2048,1769498.9999999998,850386.9710322579,845583.0666503225,0.0,73528.96231741935,0.0,192877.49750293855
HU,GA|import-dri,2049,1769498.9999999998,867568.235516129,865853.5339045159,0.0,36077.23057935492,0.0,197501.19108362007
HU,GA|import-dri,2050,1769498.9999999998,884749.4999999999,884749.4999999999,0.0,0.0,0.0,201811.36094999997
IE,GA|import-dri,2019,0.0,0.0,0.0,0.0,0.0,0.0,0.0
IE,GA|import-dri,2020,0.0,0.0,0.0,0.0,0.0,0.0,0.0
IE,GA|import-dri,2021,0.0,0.0,0.0,0.0,0.0,0.0,0.0
IE,GA|import-dri,2022,0.0,0.0,0.0,0.0,0.0,0.0,0.0
IE,GA|import-dri,2023,0.0,0.0,0.0,0.0,0.0,0.0,0.0
IE,GA|import-dri,2024,0.0,0.0,0.0,0.0,0.0,0.0,0.0
IE,GA|import-dri,2025,0.0,0.0,0.0,0.0,0.0,0.0,0.0
IE,GA|import-dri,2026,0.0,0.0,0.0,0.0,0.0,0.0,0.0
IE,GA|import-dri,2027,0.0,0.0,0.0,0.0,0.0,0.0,0.0
IE,GA|import-dri,2028,0.0,0.0,0.0,0.0,0.0,0.0,0.0
IE,GA|import-dri,2029,0.0,0.0,0.0,0.0,0.0,0.0,0.0
IE,GA|import-dri,2030,0.0,0.0,0.0,0.0,0.0,0.0,0.0
IE,GA|import-dri,2031,0.0,0.0,0.0,0.0,0.0,0.0,0.0
IE,GA|import-dri,2032,0.0,0.0,0.0,0.0,0.0,0.0,0.0
IE,GA|import-dri,2033,0.0,0.0,0.0,0.0,0.0,0.0,0.0
IE,GA|import-dri,2034,0.0,0.0,0.0,0.0,0.0,0.0,0.0
IE,GA|import-dri,2035,0.0,0.0,0.0,0.0,0.0,0.0,0.0
IE,GA|import-dri,2036,0.0,0.0,0.0,0.0,0.0,0.0,0.0
IE,GA|import-dri,2037,0.0,0.0,0.0,0.0,0.0,0.0,0.0
IE,GA|import-dri,2038,0.0,0.0,0.0,0.0,0.0,0.0,0.0
IE,GA|import-dri,2039,0.0,0.0,0.0,0.0,0.0,0.0,0.0
IE,GA|import-dri,2040,0.0,0.0,0.0,0.0,0.0,0.0,0.0
IE,GA|import-dri,2041,0.0,0.0,0.0,0.0,0.0,0.0,0.0
IE,GA|import-dri,2042,0.0,0.0,0.0,0.0,0.0,0.0,0.0
IE,GA|import-dri,2043,0.0,0.0,0.0,0.0,0.0,0.0,0.0
IE,GA|import-dri,2044,0.0,0.0,0.0,0.0,0.0,0.0,0.0
IE,GA|import-dri,2045,0.0,0.0,0.0,0.0,0.0,0.0,0.0
IE,GA|import-dri,2046,0.0,0.0,0.0,0.0,0.0,0.0,0.0
IE,GA|import-dri,2047,0.0,0.0,0.0,0.0,0.0,0.0,0.0
IE,GA|import-dri,2048,0.0,0.0,0.0,0.0,0.0,0.0,0.0
IE,GA|import-dri,2049,0.0,0.0,0.0,0.0,0.0,0.0,0.0
IE,GA|import-dri,2050,0.0,0.0,0.0,0.0,0.0,0.0,0.0
IT,GA|import-dri,2019,23190364.0,18992908.116,0.0,0.0,4197455.884,0.0,0.0
IT,GA|import-dri,2020,23190364.0,18992908.116,0.0,0.0,4197455.884,0.0,0.0
IT,GA|import-dri,2021,23190364.0,18992908.116,0.0,0.0,4197455.884,0.0,0.0
IT,GA|import-dri,2022,23190364.0,18992908.116,0.0,0.0,4197455.884,0.0,0.0
IT,GA|import-dri,2023,23190364.0,18992908.116,0.0,0.0,4197455.884,0.0,0.0
IT,GA|import-dri,2024,23190364.0,18992908.116,0.0,0.0,4197455.884,0.0,0.0
IT,GA|import-dri,2025,23190364.0,18992908.116,0.0,0.0,4197455.884,0.0,0.0
IT,GA|import-dri,2026,23190364.0,18992908.116,167898.23536,0.0,4029557.64864,0.0,38297.587485616
IT,GA|import-dri,2027,23190364.0,18992908.116,335796.47072,0.0,3861659.4132799995,0.0,76595.174971232
IT,GA|import-dri,2028,23190364.0,18992908.116,503694.7060799999,0.0,3693761.1779199997,0.0,114892.76245684798
IT,GA|import-dri,2029,23190364.0,18992908.116,671592.94144,0.0,3525862.9425599994,0.0,153190.349942464
IT,GA|import-dri,2030,23190364.0,18992908.116,839491.1768,0.0,3357964.7071999996,0.0,191487.93742808
IT,GA|import-dri,2031,23190364.0,18992908.116,1007389.4121599998,0.0,3190066.47184,0.0,229785.52491369596
IT,GA|import-dri,2032,23190364.0,18992908.116,1175287.64752,0.0,3022168.2364799995,0.0,268083.112399312
IT,GA|import-dri,2033,23190364.0,18992908.116,1343185.88288,0.0,2854270.0011199997,0.0,306380.699884928
IT,GA|import-dri,2034,23190364.0,18992908.116,1511084.1182399997,0.0,2686371.76576,0.0,344678.2873705439
IT,GA|import-dri,2035,23190364.0,18992908.116,1678982.3536,0.0,2518473.5303999996,0.0,382975.87485616
IT,GA|import-dri,2036,23190364.0,18992908.116,1846880.5889599998,0.0,2350575.2950399998,0.0,421273.46234177594
IT,GA|import-dri,2037,23190364.0,18992908.116,2014778.8243199997,0.0,2182677.05968,0.0,459571.0498273919
IT,GA|import-dri,2038,23190364.0,18992908.116,2182677.05968,0.0,2014778.8243199997,0.0,497868.63731300796
IT,GA|import-dri,2039,23190364.0,18992908.116,2350575.29504,0.0,1846880.5889599994,0.0,536166.224798624
IT,GA|import-dri,2040,23190364.0,18992908.116,2518473.5303999996,0.0,1678982.3536,0.0,574463.8122842399
IT,GA|import-dri,2041,23190364.0,18992908.116,2686371.76576,0.0,1511084.1182399997,0.0,612761.399769856
IT,GA|import-dri,2042,23190364.0,18992908.116,2854270.00112,0.0,1343185.8828799995,0.0,651058.987255472
IT,GA|import-dri,2043,23190364.0,18992908.116,3022168.2364799995,0.0,1175287.64752,0.0,689356.5747410879
IT,GA|import-dri,2044,23190364.0,18992908.116,3190066.47184,0.0,1007389.4121599998,0.0,727654.162226704
IT,GA|import-dri,2045,23190364.0,18992908.116,3357964.7072,0.0,839491.1767999995,0.0,765951.74971232
IT,GA|import-dri,2046,23190364.0,18992908.116,3525862.9425599994,0.0,671592.9414400002,0.0,804249.3371979359
IT,GA|import-dri,2047,23190364.0,18992908.116,3693761.1779199997,0.0,503694.7060799999,0.0,842546.9246835519
IT,GA|import-dri,2048,23190364.0,18992908.116,3861659.41328,0.0,335796.47071999963,0.0,880844.512169168
IT,GA|import-dri,2049,23190364.0,18992908.116,4029557.6486399993,0.0,167898.23536000028,0.0,919142.0996547838
IT,GA|import-dri,2050,23190364.0,18992908.116,4197455.884,0.0,0.0,0.0,957439.6871403999
LT,GA|import-dri,2019,0.0,0.0,0.0,0.0,0.0,0.0,0.0
LT,GA|import-dri,2020,0.0,0.0,0.0,0.0,0.0,0.0,0.0
LT,GA|import-dri,2021,0.0,0.0,0.0,0.0,0.0,0.0,0.0
LT,GA|import-dri,2022,0.0,0.0,0.0,0.0,0.0,0.0,0.0
LT,GA|import-dri,2023,0.0,0.0,0.0,0.0,0.0,0.0,0.0
LT,GA|import-dri,2024,0.0,0.0,0.0,0.0,0.0,0.0,0.0
LT,GA|import-dri,2025,0.0,0.0,0.0,0.0,0.0,0.0,0.0
LT,GA|import-dri,2026,0.0,0.0,0.0,0.0,0.0,0.0,0.0
LT,GA|import-dri,2027,0.0,0.0,0.0,0.0,0.0,0.0,0.0
LT,GA|import-dri,2028,0.0,0.0,0.0,0.0,0.0,0.0,0.0
LT,GA|import-dri,2029,0.0,0.0,0.0,0.0,0.0,0.0,0.0
LT,GA|import-dri,2030,0.0,0.0,0.0,0.0,0.0,0.0,0.0
LT,GA|import-dri,2031,0.0,0.0,0.0,0.0,0.0,0.0,0.0
LT,GA|import-dri,2032,0.0,0.0,0.0,0.0,0.0,0.0,0.0
LT,GA|import-dri,2033,0.0,0.0,0.0,0.0,0.0,0.0,0.0
LT,GA|import-dri,2034,0.0,0.0,0.0,0.0,0.0,0.0,0.0
LT,GA|import-dri,2035,0.0,0.0,0.0,0.0,0.0,0.0,0.0
LT,GA|import-dri,2036,0.0,0.0,0.0,0.0,0.0,0.0,0.0
LT,GA|import-dri,2037,0.0,0.0,0.0,0.0,0.0,0.0,0.0
LT,GA|import-dri,2038,0.0,0.0,0.0,0.0,0.0,0.0,0.0
LT,GA|import-dri,2039,0.0,0.0,0.0,0.0,0.0,0.0,0.0
LT,GA|import-dri,2040,0.0,0.0,0.0,0.0,0.0,0.0,0.0
LT,GA|import-dri,2041,0.0,0.0,0.0,0.0,0.0,0.0,0.0
LT,GA|import-dri,2042,0.0,0.0,0.0,0.0,0.0,0.0,0.0
LT,GA|import-dri,2043,0.0,0.0,0.0,0.0,0.0,0.0,0.0
LT,GA|import-dri,2044,0.0,0.0,0.0,0.0,0.0,0.0,0.0
LT,GA|import-dri,2045,0.0,0.0,0.0,0.0,0.0,0.0,0.0
LT,GA|import-dri,2046,0.0,0.0,0.0,0.0,0.0,0.0,0.0
LT,GA|import-dri,2047,0.0,0.0,0.0,0.0,0.0,0.0,0.0
LT,GA|import-dri,2048,0.0,0.0,0.0,0.0,0.0,0.0,0.0
LT,GA|import-dri,2049,0.0,0.0,0.0,0.0,0.0,0.0,0.0
LT,GA|import-dri,2050,0.0,0.0,0.0,0.0,0.0,0.0,0.0
LU,GA|import-dri,2019,2119284.0,2119284.0,0.0,0.0,0.0,0.0,0.0
LU,GA|import-dri,2020,2119284.0,2119284.0,0.0,0.0,0.0,0.0,0.0
LU,GA|import-dri,2021,2119284.0,2119284.0,0.0,0.0,0.0,0.0,0.0
LU,GA|import-dri,2022,2119284.0,2119284.0,0.0,0.0,0.0,0.0,0.0
LU,GA|import-dri,2023,2119284.0,2119284.0,0.0,0.0,0.0,0.0,0.0
LU,GA|import-dri,2024,2119284.0,2119284.0,0.0,0.0,0.0,0.0,0.0
LU,GA|import-dri,2025,2119284.0,2119284.0,0.0,0.0,0.0,0.0,0.0
LU,GA|import-dri,2026,2119284.0,2119284.0,0.0,0.0,0.0,0.0,0.0
LU,GA|import-dri,2027,2119284.0,2119284.0,0.0,0.0,0.0,0.0,0.0
LU,GA|import-dri,2028,2119284.0,2119284.0,0.0,0.0,0.0,0.0,0.0
LU,GA|import-dri,2029,2119284.0,2119284.0,0.0,0.0,0.0,0.0,0.0
LU,GA|import-dri,2030,2119284.0,2119284.0,0.0,0.0,0.0,0.0,0.0
LU,GA|import-dri,2031,2119284.0,2119284.0,0.0,0.0,0.0,0.0,0.0
LU,GA|import-dri,2032,2119284.0,2119284.0,0.0,0.0,0.0,0.0,0.0
LU,GA|import-dri,2033,2119284.0,2119284.0,0.0,0.0,0.0,0.0,0.0
LU,GA|import-dri,2034,2119284.0,2119284.0,0.0,0.0,0.0,0.0,0.0
LU,GA|import-dri,2035,2119284.0,2119284.0,0.0,0.0,0.0,0.0,0.0
LU,GA|import-dri,2036,2119284.0,2119284.0,0.0,0.0,0.0,0.0,0.0
LU,GA|import-dri,2037,2119284.0,2119284.0,0.0,0.0,0.0,0.0,0.0
LU,GA|import-dri,2038,2119284.0,2119284.0,0.0,0.0,0.0,0.0,0.0
LU,GA|import-dri,2039,2119284.0,2119284.0,0.0,0.0,0.0,0.0,0.0
LU,GA|import-dri,2040,2119284.0,2119284.0,0.0,0.0,0.0,0.0,0.0
LU,GA|import-dri,2041,2119284.0,2119284.0,0.0,0.0,0.0,0.0,0.0
LU,GA|import-dri,2042,2119284.0,2119284.0,0.0,0.0,0.0,0.0,0.0
LU,GA|import-dri,2043,2119284.0,2119284.0,0.0,0.0,0.0,0.0,0.0
LU,GA|import-dri,2044,2119284.0,2119284.0,0.0,0.0,0.0,0.0,0.0
LU,GA|import-dri,2045,2119284.0,2119284.0,0.0,0.0,0.0,0.0,0.0
LU,GA|import-dri,2046,2119284.0,2119284.0,0.0,0.0,0.0,0.0,0.0
LU,GA|import-dri,2047,2119284.0,2119284.0,0.0,0.0,0.0,0.0,0.0
LU,GA|import-dri,2048,2119284.0,2119284.0,0.0,0.0,0.0,0.0,0.0
LU,GA|import-dri,2049,2119284.0,2119284.0,0.0,0.0,0.0,0.0,0.0
LU,GA|import-dri,2050,2119284.0,2119284.0,0.0,0.0,0.0,0.0,0.0
LV,GA|import-dri,2019,0.0,0.0,0.0,0.0,0.0,0.0,0.0
LV,GA|import-dri,2020,0.0,0.0,0.0,0.0,0.0,0.0,0.0
LV,GA|import-dri,2021,0.0,0.0,0.0,0.0,0.0,0.0,0.0
LV,GA|import-dri,2022,0.0,0.0,0.0,0.0,0.0,0.0,0.0
LV,GA|import-dri,2023,0.0,0.0,0.0,0.0,0.0,0.0,0.0
LV,GA|import-dri,2024,0.0,0.0,0.0,0.0,0.0,0.0,0.0
LV,GA|import-dri,2025,0.0,0.0,0.0,0.0,0.0,0.0,0.0
LV,GA|import-dri,2026,0.0,0.0,0.0,0.0,0.0,0.0,0.0
LV,GA|import-dri,2027,0.0,0.0,0.0,0.0,0.0,0.0,0.0
LV,GA|import-dri,2028,0.0,0.0,0.0,0.0,0.0,0.0,0.0
LV,GA|import-dri,2029,0.0,0.0,0.0,0.0,0.0,0.0,0.0
LV,GA|import-dri,2030,0.0,0.0,0.0,0.0,0.0,0.0,0.0
LV,GA|import-dri,2031,0.0,0.0,0.0,0.0,0.0,0.0,0.0
LV,GA|import-dri,2032,0.0,0.0,0.0,0.0,0.0,0.0,0.0
LV,GA|import-dri,2033,0.0,0.0,0.0,0.0,0.0,0.0,0.0
LV,GA|import-dri,2034,0.0,0.0,0.0,0.0,0.0,0.0,0.0
LV,GA|import-dri,2035,0.0,0.0,0.0,0.0,0.0,0.0,0.0
LV,GA|import-dri,2036,0.0,0.0,0.0,0.0,0.0,0.0,0.0
LV,GA|import-dri,2037,0.0,0.0,0.0,0.0,0.0,0.0,0.0
LV,GA|import-dri,2038,0.0,0.0,0.0,0.0,0.0,0.0,0.0
LV,GA|import-dri,2039,0.0,0.0,0.0,0.0,0.0,0.0,0.0
LV,GA|import-dri,2040,0.0,0.0,0.0,0.0,0.0,0.0,0.0
LV,GA|import-dri,2041,0.0,0.0,0.0,0.0,0.0,0.0,0.0
LV,GA|import-dri,2042,0.0,0.0,0.0,0.0,0.0,0.0,0.0
LV,GA|import-dri,2043,0.0,0.0,0.0,0.0,0.0,0.0,0.0
LV,GA|import-dri,2044,0.0,0.0,0.0,0.0,0.0,0.0,0.0
LV,GA|import-dri,2045,0.0,0.0,0.0,0.0,0.0,0.0,0.0
LV,GA|import-dri,2046,0.0,0.0,0.0,0.0,0.0,0.0,0.0
LV,GA|import-dri,2047,0.0,0.0,0.0,0.0,0.0,0.0,0.0
LV,GA|import-dri,2048,0.0,0.0,0.0,0.0,0.0,0.0,0.0
LV,GA|import-dri,2049,0.0,0.0,0.0,0.0,0.0,0.0,0.0
LV,GA|import-dri,2050,0.0,0.0,0.0,0.0,0.0,0.0,0.0
MT,GA|import-dri,2019,0.0,0.0,0.0,0.0,0.0,0.0,0.0
MT,GA|import-dri,2020,0.0,0.0,0.0,0.0,0.0,0.0,0.0
MT,GA|import-dri,2021,0.0,0.0,0.0,0.0,0.0,0.0,0.0
MT,GA|import-dri,2022,0.0,0.0,0.0,0.0,0.0,0.0,0.0
MT,GA|import-dri,2023,0.0,0.0,0.0,0.0,0.0,0.0,0.0
MT,GA|import-dri,2024,0.0,0.0,0.0,0.0,0.0,0.0,0.0
MT,GA|import-dri,2025,0.0,0.0,0.0,0.0,0.0,0.0,0.0
MT,GA|import-dri,2026,0.0,0.0,0.0,0.0,0.0,0.0,0.0
MT,GA|import-dri,2027,0.0,0.0,0.0,0.0,0.0,0.0,0.0
MT,GA|import-dri,2028,0.0,0.0,0.0,0.0,0.0,0.0,0.0
MT,GA|import-dri,2029,0.0,0.0,0.0,0.0,0.0,0.0,0.0
MT,GA|import-dri,2030,0.0,0.0,0.0,0.0,0.0,0.0,0.0
MT,GA|import-dri,2031,0.0,0.0,0.0,0.0,0.0,0.0,0.0
MT,GA|import-dri,2032,0.0,0.0,0.0,0.0,0.0,0.0,0.0
MT,GA|import-dri,2033,0.0,0.0,0.0,0.0,0.0,0.0,0.0
MT,GA|import-dri,2034,0.0,0.0,0.0,0.0,0.0,0.0,0.0
MT,GA|import-dri,2035,0.0,0.0,0.0,0.0,0.0,0.0,0.0
MT,GA|import-dri,2036,0.0,0.0,0.0,0.0,0.0,0.0,0.0
MT,GA|import-dri,2037,0.0,0.0,0.0,0.0,0.0,0.0,0.0
MT,GA|import-dri,2038,0.0,0.0,0.0,0.0,0.0,0.0,0.0
MT,GA|import-dri,2039,0.0,0.0,0.0,0.0,0.0,0.0,0.0
MT,GA|import-dri,2040,0.0,0.0,0.0,0.0,0.0,0.0,0.0
MT,GA|import-dri,2041,0.0,0.0,0.0,0.0,0.0,0.0,0.0
MT,GA|import-dri,2042,0.0,0.0,0.0,0.0,0.0,0.0,0.0
MT,GA|import-dri,2043,0.0,0.0,0.0,0.0,0.0,0.0,0.0
MT,GA|import-dri,2044,0.0,0.0,0.0,0.0,0.0,0.0,0.0
MT,GA|import-dri,2045,0.0,0.0,0.0,0.0,0.0,0.0,0.0
MT,GA|import-dri,2046,0.0,0.0,0.0,0.0,0.0,0.0,0.0
MT,GA|import-dri,2047,0.0,0.0,0.0,0.0,0.0,0.0,0.0
MT,GA|import-dri,2048,0.0,0.0,0.0,0.0,0.0,0.0,0.0
MT,GA|import-dri,2049,0.0,0.0,0.0,0.0,0.0,0.0,0.0
MT,GA|import-dri,2050,0.0,0.0,0.0,0.0,0.0,0.0,0.0
NL,GA|import-dri,2019,6656866.0,0.0,0.0,0.0,6656866.0,0.0,0.0
NL,GA|import-dri,2020,6656866.0,107368.8064516129,0.0,0.0,6549497.193548387,0.0,0.0
NL,GA|import-dri,2021,6656866.0,214737.6129032258,0.0,0.0,6442128.387096774,0.0,0.0
NL,GA|import-dri,2022,6656866.0,322106.4193548387,0.0,0.0,6334759.580645162,0.0,0.0
NL,GA|import-dri,2023,6656866.0,429475.2258064516,0.0,0.0,6227390.774193549,0.0,0.0
NL,GA|import-dri,2024,6656866.0,536844.0322580645,0.0,0.0,6120021.9677419355,0.0,0.0
NL,GA|import-dri,2025,6656866.0,644212.8387096775,0.0,0.0,6012653.161290322,0.0,0.0
NL,GA|import-dri,2026,6656866.0,751581.6451612903,236211.37419354837,0.0,5669072.980645161,0.0,53879.81445354838
NL,GA|import-dri,2027,6656866.0,858950.4516129032,463833.24387096777,0.0,5334082.304516129,0.0,105800.36292696775
NL,GA|import-dri,2028,6656866.0,966319.2580645162,682865.609032258,0.0,5007681.132903226,0.0,155761.64542025805
NL,GA|import-dri,2029,6656866.0,1073688.064516129,893308.4696774194,0.0,4689869.465806452,0.0,203763.66193341935
NL,GA|import-dri,2030,6656866.0,1181056.870967742,1095161.8258064517,0.0,4380647.303225806,0.0,249806.41246645164
NL,GA|import-dri,2031,6656866.0,1288425.677419355,1288425.6774193547,0.0,4080014.64516129,0.0,293889.8970193548
NL,GA|import-dri,2032,6656866.0,1395794.4838709678,1473100.024516129,0.0,3787971.491612903,0.0,336014.115592129
NL,GA|import-dri,2033,6656866.0,1503163.2903225806,1649184.8670967743,0.0,3504517.8425806453,0.0,376179.0681847742
NL,GA|import-dri,2034,6656866.0,1610532.0967741937,1816680.2051612902,0.0,3229653.6980645163,0.0,414384.7547972903
NL,GA|import-dri,2035,6656866.0,1717900.9032258063,1975586.0387096775,0.0,2963379.0580645157,0.0,450631.1754296774
NL,GA|import-dri,2036,6656866.0,1825269.7096774192,2125902.367741936,0.0,2705693.9225806454,0.0,484918.33008193556
NL,GA|import-dri,2037,6656866.0,1932638.5161290325,2267629.192258064,0.0,2456598.291612903,0.0,517246.2187540644
NL,GA|import-dri,2038,6656866.0,2040007.322580645,2400766.512258065,0.0,2216092.16516129,0.0,547614.8414460646
NL,GA|import-dri,2039,6656866.0,2147376.129032258,2525314.327741936,0.0,1984175.5432258062,0.0,576024.1981579355
NL,GA|import-dri,2040,6656866.0,2254744.935483871,2641272.6387096774,0.0,1760848.4258064516,0.0,602474.2888896774
NL,GA|import-dri,2041,6656866.0,2362113.741935484,2748641.44516129,0.0,1546110.812903226,0.0,626965.1136412902
NL,GA|import-dri,2042,6656866.0,2469482.5483870967,2847420.7470967746,0.0,1339962.7045161286,0.0,649496.6724127743
NL,GA|import-dri,2043,6656866.0,2576851.35483871,2937610.544516129,0.0,1142404.1006451612,0.0,670068.965204129
NL,GA|import-dri,2044,6656866.0,2684220.1612903224,3019210.837419355,0.0,953435.0012903227,0.0,688681.9920153548
NL,GA|import-dri,2045,6656866.0,2791588.9677419355,3092221.625806452,0.0,773055.4064516127,0.0,705335.7528464516
NL,GA|import-dri,2046,6656866.0,2898957.7741935486,3156642.909677419,0.0,601265.3161290325,0.0,720030.2476974193
NL,GA|import-dri,2047,6656866.0,3006326.580645161,3212474.689032258,0.0,438064.7303225808,0.0,732765.476568258
NL,GA|import-dri,2048,6656866.0,3113695.387096774,3259716.963870968,0.0,283453.64903225796,0.0,743541.4394589679
NL,GA|import-dri,2049,6656866.0,3221064.1935483874,3298369.734193548,0.0,137432.07225806452,0.0,752358.1363695483
NL,GA|import-dri,2050,6656866.0,3328433.0,3328433.0,0.0,0.0,0.0,759215.5673
PL,GA|import-dri,2019,8956063.0,4039184.412991044,0.0,0.0,4916878.587008956,0.0,0.0
PL,GA|import-dri,2020,8956063.0,4053340.7706364943,0.0,0.0,4902722.229363506,0.0,0.0
PL,GA|import-dri,2021,8956063.0,4067497.128281945,0.0,0.0,4888565.871718055,0.0,0.0
PL,GA|import-dri,2022,8956063.0,4081653.4859273946,0.0,0.0,4874409.514072605,0.0,0.0
PL,GA|import-dri,2023,8956063.0,4095809.843572845,0.0,0.0,4860253.156427154,0.0,0.0
PL,GA|import-dri,2024,8956063.0,4109966.2012182954,0.0,0.0,4846096.798781704,0.0,0.0
PL,GA|import-dri,2025,8956063.0,4124122.558863745,0.0,0.0,4831940.441136255,0.0,0.0
PL,GA|import-dri,2026,8956063.0,4138278.9165091957,192711.36333963217,0.0,4625072.720151172,0.0,43957.461977770094
PL,GA|import-dri,2027,8956063.0,4152435.274154646,384290.2180676283,0.0,4419337.507777725,0.0,87656.59874122601
PL,GA|import-dri,2028,8956063.0,4166591.631800096,574736.5641839884,0.0,4214734.804015915,0.0,131097.41029036776
PL,GA|import-dri,2029,8956063.0,4180747.989445546,764050.4016887125,0.0,4011264.6088657407,0.0,174279.89662519534
PL,GA|import-dri,2030,8956063.0,4194904.347090996,952231.7305818009,0.0,3808926.922327203,0.0,217204.0577457088
PL,GA|import-dri,2031,8956063.0,4209060.704736447,1139280.5508632527,0.0,3607721.7444003,0.0,259869.89365190794
PL,GA|import-dri,2032,8956063.0,4223217.062381896,1325196.8625330692,0.0,3407649.0750850346,0.0,302277.4043437931
PL,GA|import-dri,2033,8956063.0,4237373.420027346,1509980.6655912492,0.0,3208708.9143814044,0.0,344426.589821364
PL,GA|import-dri,2034,8956063.0,4251529.777672797,1693631.9600377928,0.0,3010901.2622894095,0.0,386317.4500846205
PL,GA|import-dri,2035,8956063.0,4265686.135318247,1876150.7458727015,0.0,2814226.118809052,0.0,427949.9851335632
PL,GA|import-dri,2036,8956063.0,4279842.492963698,2057537.023095973,0.0,2618683.4839403294,0.0,469324.19496819144
PL,GA|import-dri,2037,8956063.0,4293998.850609148,2237790.791707609,0.0,2424273.357683243,0.0,510440.07958850556
PL,GA|import-dri,2038,8956063.0,4308155.208254597,2416912.0517076096,0.0,2230995.7400377933,0.0,551297.6389945057
PL,GA|import-dri,2039,8956063.0,4322311.565900048,2594900.803095973,0.0,2038850.6310039787,0.0,591896.8731861914
PL,GA|import-dri,2040,8956063.0,4336467.923545498,2771757.045872701,0.0,1847838.0305818007,0.0,632237.7821635631
PL,GA|import-dri,2041,8956063.0,4350624.281190949,2947480.780037793,0.0,1657957.9387712586,0.0,672320.3659266206
PL,GA|import-dri,2042,8956063.0,4364780.638836399,3122072.005591249,0.0,1469210.3555723522,0.0,712144.6244753639
PL,GA|import-dri,2043,8956063.0,4378936.996481849,3295530.7225330686,0.0,1281595.2809850825,0.0,751710.5578097929
PL,GA|import-dri,2044,8956063.0,4393093.354127299,3467856.930863253,0.0,1095112.7150094481,0.0,791018.1659299079
PL,GA|import-dri,2045,8956063.0,4407249.711772749,3639050.630581801,0.0,909762.65764545,0.0,830067.4488357088
PL,GA|import-dri,2046,8956063.0,4421406.069418199,3809111.8216887126,0.0,725545.1088930881,0.0,868858.4065271954
PL,GA|import-dri,2047,8956063.0,4435562.4270636495,3978040.5041839886,0.0,542460.0687523619,0.0,907391.0390043678
PL,GA|import-dri,2048,8956063.0,4449718.7847091,4145836.6780676283,0.0,360507.537223272,0.0,945665.346267226
PL,GA|import-dri,2049,8956063.0,4463875.14235455,4312500.343339632,0.0,179687.5143058179,0.0,983681.3283157701
PL,GA|import-dri,2050,8956063.0,4478031.5,4478031.5,0.0,0.0,0.0,1021438.98515
PT,GA|import-dri,2019,2032846.0,2032846.0,0.0,0.0,0.0,0.0,0.0
PT,GA|import-dri,2020,2032846.0,2032846.0,0.0,0.0,0.0,0.0,0.0
PT,GA|import-dri,2021,2032846.0,2032846.0,0.0,0.0,0.0,0.0,0.0
PT,GA|import-dri,2022,2032846.0,2032846.0,0.0,0.0,0.0,0.0,0.0
PT,GA|import-dri,2023,2032846.0,2032846.0,0.0,0.0,0.0,0.0,0.0
PT,GA|import-dri,2024,2032846.0,2032846.0,0.0,0.0,0.0,0.0,0.0
PT,GA|import-dri,2025,2032846.0,2032846.0,0.0,0.0,0.0,0.0,0.0
PT,GA|import-dri,2026,2032846.0,2032846.0,0.0,0.0,0.0,0.0,0.0
PT,GA|import-dri,2027,2032846.0,2032846.0,0.0,0.0,0.0,0.0,0.0
PT,GA|import-dri,2028,2032846.0,2032846.0,0.0,0.0,0.0,0.0,0.0
PT,GA|import-dri,2029,2032846.0,2032846.0,0.0,0.0,0.0,0.0,0.0
PT,GA|import-dri,2030,2032846.0,2032846.0,0.0,0.0,0.0,0.0,0.0
PT,GA|import-dri,2031,2032846.0,2032846.0,0.0,0.0,0.0,0.0,0.0
PT,GA|import-dri,2032,2032846.0,2032846.0,0.0,0.0,0.0,0.0,0.0
PT,GA|import-dri,2033,2032846.0,2032846.0,0.0,0.0,0.0,0.0,0.0
PT,GA|import-dri,2034,2032846.0,2032846.0,0.0,0.0,0.0,0.0,0.0
PT,GA|import-dri,2035,2032846.0,2032846.0,0.0,0.0,0.0,0.0,0.0
PT,GA|import-dri,2036,2032846.0,2032846.0,0.0,0.0,0.0,0.0,0.0
PT,GA|import-dri,2037,2032846.0,2032846.0,0.0,0.0,0.0,0.0,0.0
PT,GA|import-dri,2038,2032846.0,2032846.0,0.0,0.0,0.0,0.0,0.0
PT,GA|import-dri,2039,2032846.0,2032846.0,0.0,0.0,0.0,0.0,0.0
PT,GA|import-dri,2040,2032846.0,2032846.0,0.0,0.0,0.0,0.0,0.0
PT,GA|import-dri,2041,2032846.0,2032846.0,0.0,0.0,0.0,0.0,0.0
PT,GA|import-dri,2042,2032846.0,2032846.0,0.0,0.0,0.0,0.0,0.0
PT,GA|import-dri,2043,2032846.0,2032846.0,0.0,0.0,0.0,0.0,0.0
PT,GA|import-dri,2044,2032846.0,2032846.0,0.0,0.0,0.0,0.0,0.0
PT,GA|import-dri,2045,2032846.0,2032846.0,0.0,0.0,0.0,0.0,0.0
PT,GA|import-dri,2046,2032846.0,2032846.0,0.0,0.0,0.0,0.0,0.0
PT,GA|import-dri,2047,2032846.0,2032846.0,0.0,0.0,0.0,0.0,0.0
PT,GA|import-dri,2048,2032846.0,2032846.0,0.0,0.0,0.0,0.0,0.0
PT,GA|import-dri,2049,2032846.0,2032846.0,0.0,0.0,0.0,0.0,0.0
PT,GA|import-dri,2050,2032846.0,2032846.0,0.0,0.0,0.0,0.0,0.0
RO,GA|import-dri,2019,3448322.0,1117256.327996552,0.0,0.0,2331065.672003448,0.0,0.0
RO,GA|import-dri,2020,3448322.0,1136833.8980611793,0.0,0.0,2311488.1019388204,0.0,0.0
RO,GA|import-dri,2021,3448322.0,1156411.4681258067,0.0,0.0,2291910.5318741933,0.0,0.0
RO,GA|import-dri,2022,3448322.0,1175989.038190434,0.0,0.0,2272332.9618095662,0.0,0.0
RO,GA|import-dri,2023,3448322.0,1195566.6082550616,0.0,0.0,2252755.3917449387,0.0,0.0
RO,GA|import-dri,2024,3448322.0,1215144.1783196887,0.0,0.0,2233177.821680311,0.0,0.0
RO,GA|import-dri,2025,3448322.0,1234721.748384316,0.0,0.0,2213600.251615684,0.0,0.0
RO,GA|import-dri,2026,3448322.0,1254299.3184489436,87760.90726204227,0.0,2106261.7742890143,0.0,20018.26294647184
RO,GA|import-dri,2027,3448322.0,1273876.8885135707,173955.60891891434,0.0,2000489.502567515,0.0,39679.27439440436
RO,GA|import-dri,2028,3448322.0,1293454.4585781982,258584.1049706162,0.0,1896283.4364511855,0.0,58983.03434379755
RO,GA|import-dri,2029,3448322.0,1313032.0286428255,341646.3954171479,0.0,1793643.5759400264,0.0,77929.54279465144
RO,GA|import-dri,2030,3448322.0,1332609.5987074529,423142.48025850946,0.0,1692569.9210340376,0.0,96518.799746966
RO,GA|import-dri,2031,3448322.0,1352187.1687720802,503072.35949470074,0.0,1593062.471733219,0.0,114750.80520074123
RO,GA|import-dri,2032,3448322.0,1371764.7388367075,581436.033125722,0.0,1495121.2280375706,0.0,132625.5591559772
RO,GA|import-dri,2033,3448322.0,1391342.308901335,658233.5011515728,0.0,1398746.189947092,0.0,150143.06161267374
RO,GA|import-dri,2034,3448322.0,1410919.8789659622,733464.7635722535,0.0,1303937.3574617843,0.0,167303.31257083104
RO,GA|import-dri,2035,3448322.0,1430497.4490305898,807129.8203877641,0.0,1210694.730581646,0.0,184106.312030449
RO,GA|import-dri,2036,3448322.0,1450075.0190952169,879228.6715981045,0.0,1119018.3093066786,0.0,200552.05999152764
RO,GA|import-dri,2037,3448322.0,1469652.5891598444,949761.3172032746,0.0,1028908.093636881,0.0,216640.55645406691
RO,GA|import-dri,2038,3448322.0,1489230.1592244718,1018727.7572032748,0.0,940364.0835722535,0.0,232371.80141806696
RO,GA|import-dri,2039,3448322.0,1508807.729289099,1086127.9915981046,0.0,853386.2791127963,0.0,247745.79488352765
RO,GA|import-dri,2040,3448322.0,1528385.2993537264,1151962.020387764,0.0,767974.6802585095,0.0,262762.536850449
RO,GA|import-dri,2041,3448322.0,1547962.8694183538,1216229.8435722536,0.0,684129.2870093926,0.0,277422.02731883107
RO,GA|import-dri,2042,3448322.0,1567540.439482981,1278931.4611515729,0.0,601850.099365446,0.0,291724.2662886738
RO,GA|import-dri,2043,3448322.0,1587118.0095476084,1340066.873125722,0.0,521137.1173266696,0.0,305669.2537599772
RO,GA|import-dri,2044,3448322.0,1606695.5796122358,1399636.0794947008,0.0,441990.34089306346,0.0,319256.98973274126
RO,GA|import-dri,2045,3448322.0,1626273.1496768633,1457639.0802585094,0.0,364409.7700646273,0.0,332487.474206966
RO,GA|import-dri,2046,3448322.0,1645850.7197414907,1514075.8754171478,0.0,288395.40484136157,0.0,345360.7071826514
RO,GA|import-dri,2047,3448322.0,1665428.289806118,1568946.4649706162,0.0,213947.24522326584,0.0,357876.68865979754
RO,GA|import-dri,2048,3448322.0,1685005.859870745,1622250.8489189146,0.0,141065.29121034034,0.0,370035.4186384044
RO,GA|import-dri,2049,3448322.0,1704583.4299353727,1673989.0272620423,0.0,69749.54280258506,0.0,381836.89711847185
RO,GA|import-dri,2050,3448322.0,1724161.0,1724161.0,0.0,0.0,0.0,393281.1241
SE,GA|import-dri,2019,4720850.000000001,1595647.3,0.0,0.0,3125202.700000001,0.0,0.0
SE,GA|import-dri,2020,4720850.000000001,1620317.548387097,0.0,0.0,3100532.4516129037,0.0,0.0
SE,GA|import-dri,2021,4720850.000000001,1644987.7967741939,0.0,0.0,3075862.2032258073,0.0,0.0
SE,GA|import-dri,2022,4720850.000000001,1669658.0451612903,0.0,0.0,3051191.954838711,0.0,0.0
SE,GA|import-dri,2023,4720850.000000001,1694328.2935483872,0.0,0.0,3026521.7064516135,0.0,0.0
SE,GA|import-dri,2024,4720850.000000001,1718998.541935484,0.0,0.0,3001851.458064517,0.0,0.0
SE,GA|import-dri,2025,4720850.000000001,1743668.7903225808,0.0,0.0,2977181.20967742,0.0,0.0
SE,GA|import-dri,2026,4720850.000000001,1768339.0387096778,118100.43845161294,0.0,2834410.5228387103,0.0,26938.71001081291
SE,GA|import-dri,2027,4720850.000000001,1793009.2870967744,234227.25703225815,0.0,2693613.4558709688,0.0,53427.23732905808
SE,GA|import-dri,2028,4720850.000000001,1817679.5354838714,348380.4557419355,0.0,2554790.008774194,0.0,79465.58195473549
SE,GA|import-dri,2029,4720850.000000001,1842349.7838709678,460560.03458064527,0.0,2417940.1815483877,0.0,105053.74388784518
SE,GA|import-dri,2030,4720850.000000001,1867020.0322580647,570765.9935483873,0.0,2283063.9741935492,0.0,130191.72312838715
SE,GA|import-dri,2031,4720850.000000001,1891690.2806451616,678998.3326451613,0.0,2150161.386709678,0.0,154879.5196763613
SE,GA|import-dri,2032,4720850.000000001,1916360.5290322583,785257.051870968,0.0,2019232.4190967747,0.0,179117.1335317678
SE,GA|import-dri,2033,4720850.000000001,1941030.7774193552,889542.1512258067,0.0,1890277.071354839,0.0,202904.5646946065
SE,GA|import-dri,2034,4720850.000000001,1965701.0258064517,991853.6307096777,0.0,1763295.3434838715,0.0,226241.81316487747
SE,GA|import-dri,2035,4720850.000000001,1990371.2741935488,1092191.490322581,0.0,1638287.2354838713,0.0,249128.87894258072
SE,GA|import-dri,2036,4720850.000000001,2015041.5225806455,1190555.7300645164,0.0,1515252.747354839,0.0,271565.7620277162
SE,GA|import-dri,2037,4720850.000000001,2039711.7709677422,1286946.3499354841,0.0,1394191.8790967744,0.0,293552.46242028393
SE,GA|import-dri,2038,4720850.000000001,2064382.019354839,1381363.3499354844,0.0,1275104.6307096777,0.0,315088.98012028396
SE,GA|import-dri,2039,4720850.000000001,2089052.2677419358,1473806.7300645167,0.0,1157991.0021935485,0.0,336175.3151277162
SE,GA|import-dri,2040,4720850.000000001,2113722.5161290327,1564276.4903225808,0.0,1042850.9935483874,0.0,356811.4674425807
SE,GA|import-dri,2041,4720850.000000001,2138392.764516129,1652772.630709678,0.0,929684.6047741938,0.0,376997.43706487754
SE,GA|import-dri,2042,4720850.000000001,2163063.012903226,1739295.151225807,0.0,818491.835870968,0.0,396733.2239946065
SE,GA|import-dri,2043,4720850.000000001,2187733.261290323,1823844.051870968,0.0,709272.68683871,0.0,416018.8282317678
SE,GA|import-dri,2044,4720850.000000001,2212403.50967742,1906419.3326451615,0.0,602027.1576774195,0.0,434854.24977636134
SE,GA|import-dri,2045,4720850.000000001,2237073.758064517,1987020.9935483874,0.0,496755.2483870967,0.0,453239.48862838716
SE,GA|import-dri,2046,4720850.000000001,2261744.0064516133,2065649.0345806456,0.0,393456.95896774204,0.0,471174.5447878453
SE,GA|import-dri,2047,4720850.000000001,2286414.25483871,2142303.455741936,0.0,292132.2894193549,0.0,488659.4182547356
SE,GA|import-dri,2048,4720850.000000001,2311084.5032258066,2216984.257032259,0.0,192781.2397419354,0.0,505694.10902905825
SE,GA|import-dri,2049,4720850.000000001,2335754.7516129036,2289691.4384516133,0.0,95403.80993548408,0.0,522278.617110813
SE,GA|import-dri,2050,4720850.000000001,2360425.0000000005,2360425.0000000005,0.0,0.0,0.0,538412.9425000001
SI,GA|import-dri,2019,623195.0,623195.0,0.0,0.0,0.0,0.0,0.0
SI,GA|import-dri,2020,623195.0,623195.0,0.0,0.0,0.0,0.0,0.0
SI,GA|import-dri,2021,623195.0,623195.0,0.0,0.0,0.0,0.0,0.0
SI,GA|import-dri,2022,623195.0,623195.0,0.0,0.0,0.0,0.0,0.0
SI,GA|import-dri,2023,623195.0,623195.0,0.0,0.0,0.0,0.0,0.0
SI,GA|import-dri,2024,623195.0,623195.0,0.0,0.0,0.0,0.0,0.0
SI,GA|import-dri,2025,623195.0,623195.0,0.0,0.0,0.0,0.0,0.0
SI,GA|import-dri,2026,623195.0,623195.0,0.0,0.0,0.0,0.0,0.0
SI,GA|import-dri,2027,623195.0,623195.0,0.0,0.0,0.0,0.0,0.0
SI,GA|import-dri,2028,623195.0,623195.0,0.0,0.0,0.0,0.0,0.0
SI,GA|import-dri,2029,623195.0,623195.0,0.0,0.0,0.0,0.0,0.0
SI,GA|import-dri,2030,623195.0,623195.0,0.0,0.0,0.0,0.0,0.0
SI,GA|import-dri,2031,623195.0,623195.0,0.0,0.0,0.0,0.0,0.0
SI,GA|import-dri,2032,623195.0,623195.0,0.0,0.0,0.0,0.0,0.0
SI,GA|import-dri,2033,623195.0,623195.0,0.0,0.0,0.0,0.0,0.0
SI,GA|import-dri,2034,623195.0,623195.0,0.0,0.0,0.0,0.0,0.0
SI,GA|import-dri,2035,623195.0,623195.0,0.0,0.0,0.0,0.0,0.0
SI,GA|import-dri,2036,623195.0,623195.0,0.0,0.0,0.0,0.0,0.0
SI,GA|import-dri,2037,623195.0,623195.0,0.0,0.0,0.0,0.0,0.0
SI,GA|import-dri,2038,623195.0,623195.0,0.0,0.0,0.0,0.0,0.0
SI,GA|import-dri,2039,623195.0,623195.0,0.0,0.0,0.0,0.0,0.0
SI,GA|import-dri,2040,623195.0,623195.0,0.0,0.0,0.0,0.0,0.0
SI,GA|import-dri,2041,623195.0,623195.0,0.0,0.0,0.0,0.0,0.0
SI,GA|import-dri,2042,623195.0,623195.0,0.0,0.0,0.0,0.0,0.0
SI,GA|import-dri,2043,623195.0,623195.0,0.0,0.0,0.0,0.0,0.0
SI,GA|import-dri,2044,623195.0,623195.0,0.0,0.0,0.0,0.0,0.0
SI,GA|import-dri,2045,623195.0,623195.0,0.0,0.0,0.0,0.0,0.0
SI,GA|import-dri,2046,623195.0,623195.0,0.0,0.0,0.0,0.0,0.0
SI,GA|import-dri,2047,623195.0,623195.0,0.0,0.0,0.0,0.0,0.0
SI,GA|import-dri,2048,623195.0,623195.0,0.0,0.0,0.0,0.0,0.0
SI,GA|import-dri,2049,623195.0,623195.0,0.0,0.0,0.0,0.0,0.0
SI,GA|import-dri,2050,623195.0,623195.0,0.0,0.0,0.0,0.0,0.0
SK,GA|import-dri,2019,3936731.457,271634.47052906407,0.0,0.0,3665096.986470936,0.0,0.0
SK,GA|import-dri,2020,3936731.457,326367.7369152233,0.0,0.0,3610363.7200847766,0.0,0.0
SK,GA|import-dri,2021,3936731.457,381101.00330138253,0.0,0.0,3555630.4536986174,0.0,0.0
SK,GA|import-dri,2022,3936731.457,435834.26968754176,0.0,0.0,3500897.187312458,0.0,0.0
SK,GA|import-dri,2023,3936731.457,490567.536073701,0.0,0.0,3446163.920926299,0.0,0.0
SK,GA|import-dri,2024,3936731.457,545300.8024598602,0.0,0.0,3391430.6545401397,0.0,0.0
SK,GA|import-dri,2025,3936731.457,600034.0688460195,0.0,0.0,3336697.3881539805,0.0,0.0
SK,GA|import-dri,2026,3936731.457,654767.3352321787,131278.56487071284,0.0,3150685.5568971084,0.0,29944.640647009597
SK,GA|import-dri,2027,3936731.457,709500.6016183378,258178.46843053296,0.0,2969052.386951129,0.0,58890.508649004565
SK,GA|import-dri,2028,3936731.457,764233.8680044971,380699.7106794603,0.0,2791797.8783160425,0.0,86837.6040059849
SK,GA|import-dri,2029,3936731.457,818967.1343906563,498842.291617495,0.0,2618922.0309918486,0.0,113785.92671795061
SK,GA|import-dri,2030,3936731.457,873700.4007768156,612606.2112446369,0.0,2450424.8449785477,0.0,139735.47678490166
SK,GA|import-dri,2031,3936731.457,928433.6671629748,721991.469560886,0.0,2286306.3202761393,0.0,164686.25420683812
SK,GA|import-dri,2032,3936731.457,983166.933549134,826998.0665662425,0.0,2126566.4568846235,0.0,188638.2589837599
SK,GA|import-dri,2033,3936731.457,1037900.1999352933,927626.0022607062,0.0,1971205.2548040005,0.0,211591.49111566707
SK,GA|import-dri,2034,3936731.457,1092633.4663214525,1023875.276644277,0.0,1820222.7140342705,0.0,233545.95060255958
SK,GA|import-dri,2035,3936731.457,1147366.7327076115,1115745.8897169554,0.0,1673618.8345754328,0.0,254501.6374444375
SK,GA|import-dri,2036,3936731.457,1202099.9990937707,1203237.841478741,0.0,1531393.6164274884,0.0,274458.55164130084
SK,GA|import-dri,2037,3936731.457,1256833.26547993,1286351.1319296334,0.0,1393547.0595904363,0.0,293416.6931931494
SK,GA|import-dri,2038,3936731.457,1311566.5318660892,1365085.7610696338,0.0,1260079.1640642772,0.0,311376.06209998345
SK,GA|import-dri,2039,3936731.457,1366299.7982522487,1439441.7288987408,0.0,1130989.9298490104,0.0,328336.6583618028
SK,GA|import-dri,2040,3936731.457,1421033.0646384077,1509419.0354169554,0.0,1006279.3569446371,0.0,344298.48197860754
SK,GA|import-dri,2041,3936731.457,1475766.3310245671,1575017.680624277,0.0,885947.4453511557,0.0,359261.5329503976
SK,GA|import-dri,2042,3936731.457,1530499.5974107261,1636237.6645207065,0.0,769994.1950685675,0.0,373225.81127717317
SK,GA|import-dri,2043,3936731.457,1585232.8637968854,1693078.9871062422,0.0,658419.6060968721,0.0,386191.31695893384
SK,GA|import-dri,2044,3936731.457,1639966.1301830446,1745541.6483808863,0.0,551223.6784360693,0.0,398158.04999568017
SK,GA|import-dri,2045,3936731.457,1694699.3965692038,1793625.648344637,0.0,448406.412086159,0.0,409126.0103874117
SK,GA|import-dri,2046,3936731.457,1749432.662955363,1837330.9869974952,0.0,349967.80704714195,0.0,419095.19813412864
SK,GA|import-dri,2047,3936731.457,1804165.9293415223,1876657.6643394602,0.0,255907.86331901723,0.0,428065.61323583085
SK,GA|import-dri,2048,3936731.457,1858899.1957276815,1911605.6803705331,0.0,166226.5809017853,0.0,436037.2556925186
SK,GA|import-dri,2049,3936731.457,1913632.4621138407,1942175.0350907128,0.0,80923.95979544637,0.0,443010.1255041916
SK,GA|import-dri,2050,3936731.457,1968365.7285,1968365.7285,0.0,0.0,0.0,448984.22267085
